LocalTimestamp,EmotiBitTimestamp,PacketNumber,DataLength,TypeTag,ProtocolVersion,DataReliability,AK
1715670601.745997,1977126.000,61196,2,AK,1,100,60456
1715670601.745997,1977126.000,61196,2,AK,1,100,RD
1715670601.764866,1977144.000,61199,2,AK,1,100,61197
1715670601.783736,1977162.000,61199,2,AK,1,100,RD
1715670604.468385,1979723.000,62029,2,AK,1,100,61197
1715670607.153035,1982284.000,62029,2,AK,1,100,RD
1715670682.581105,2054238.000,19941,2,AK,1,100,19098
1715670758.009176,2126192.000,19941,2,AK,1,100,RD
1715670758.023852,2126206.000,19944,2,AK,1,100,19942
1715670758.038528,2126220.000,19944,2,AK,1,100,RD
1715670760.703260,2128762.000,20803,2,AK,1,100,19942
1715670763.367993,2131304.000,20803,2,AK,1,100,RD
1715670763.382144,2131317.500,20806,2,AK,1,100,20804
1715670763.396296,2131331.000,20806,2,AK,1,100,RD
1715670766.093001,2133903.500,21671,2,AK,1,100,20804
1715670768.789706,2136476.000,21671,2,AK,1,100,RD
1715670768.804382,2136490.000,21674,2,AK,1,100,21672
1715670768.819058,2136504.000,21674,2,AK,1,100,RD
1715670771.486411,2139048.500,22533,2,AK,1,100,21672
1715670774.153764,2141593.000,22533,2,AK,1,100,RD
1715670774.182068,2141620.000,22536,2,AK,1,100,22534
1715670774.210371,2141647.000,22536,2,AK,1,100,RD
1715670776.858331,2144173.000,23366,2,AK,1,100,22534
1715670779.506291,2146699.000,23366,2,AK,1,100,RD
1715670779.529354,2146721.000,23369,2,AK,1,100,23367
1715670779.552416,2146743.000,23369,2,AK,1,100,RD
1715670782.219245,2149287.000,24231,2,AK,1,100,23367
1715670784.886074,2151831.000,24231,2,AK,1,100,RD
1715670784.931150,2151874.000,24234,2,AK,1,100,24232
1715670784.976226,2151917.000,24234,2,AK,1,100,RD
1715670787.605317,2154425.000,25075,2,AK,1,100,24232
1715670790.234408,2156933.000,25075,2,AK,1,100,RD
1715670790.265856,2156963.000,25078,2,AK,1,100,25076
1715670790.297304,2156993.000,25078,2,AK,1,100,RD
1715670792.945264,2159519.000,25923,2,AK,1,100,25076
1715670795.593224,2162045.000,25923,2,AK,1,100,RD
1715670795.609997,2162061.000,25926,2,AK,1,100,25924
1715670795.626769,2162077.000,25926,2,AK,1,100,RD
1715670798.299364,2164626.500,26787,2,AK,1,100,25924
1715670800.971958,2167176.000,26787,2,AK,1,100,RD
1715670801.012317,2167214.500,26790,2,AK,1,100,26788
1715670801.052676,2167253.000,26790,2,AK,1,100,RD
1715670803.684387,2169763.500,27630,2,AK,1,100,26788
1715670806.316099,2172274.000,27630,2,AK,1,100,RD
1715670806.330251,2172287.500,27633,2,AK,1,100,27631
1715670806.344403,2172301.000,27633,2,AK,1,100,RD
1715670809.042680,2174875.000,28475,2,AK,1,100,27631
1715670811.740957,2177449.000,28475,2,AK,1,100,RD
1715670811.772406,2177479.000,28478,2,AK,1,100,28476
1715670811.803854,2177509.000,28478,2,AK,1,100,RD
1715670814.468587,2180051.000,29340,2,AK,1,100,28476
1715670817.133319,2182593.000,29340,2,AK,1,100,RD
1715670817.147471,2182606.500,29343,2,AK,1,100,29341
1715670817.161623,2182620.000,29343,2,AK,1,100,RD
1715670819.836838,2185172.000,30202,2,AK,1,100,29341
1715670822.512053,2187724.000,30202,2,AK,1,100,RD
1715670822.531446,2187742.500,30205,2,AK,1,100,30203
1715670822.550840,2187761.000,30205,2,AK,1,100,RD
1715670825.209807,2190297.500,31066,2,AK,1,100,30203
1715670827.868773,2192834.000,31066,2,AK,1,100,RD
1715670827.882925,2192847.500,31069,2,AK,1,100,31067
1715670827.897077,2192861.000,31069,2,AK,1,100,RD
1715670830.574913,2195415.500,31928,2,AK,1,100,31067
1715670833.252749,2197970.000,31928,2,AK,1,100,RD
1715670833.287342,2198003.000,31931,2,AK,1,100,31929
1715670833.321935,2198036.000,31931,2,AK,1,100,RD
1715670835.998199,2200589.000,32781,2,AK,1,100,31929
1715670838.674463,2203142.000,32781,2,AK,1,100,RD
1715670838.695952,2203162.500,32784,2,AK,1,100,32782
1715670838.717442,2203183.000,32784,2,AK,1,100,RD
1715670841.373788,2205717.000,33613,2,AK,1,100,32782
1715670844.030134,2208251.000,33613,2,AK,1,100,RD
1715670844.043762,2208264.000,33616,2,AK,1,100,33614
1715670844.057390,2208277.000,33616,2,AK,1,100,RD
1715670846.734177,2210830.500,34459,2,AK,1,100,33614
1715670849.410965,2213384.000,34459,2,AK,1,100,RD
1715670849.424592,2213397.000,34462,2,AK,1,100,34460
1715670849.438220,2213410.000,34462,2,AK,1,100,RD
1715670852.134925,2215982.500,35310,2,AK,1,100,34460
1715670854.831630,2218555.000,35310,2,AK,1,100,RD
1715670857.519949,2221119.500,36156,2,AK,1,100,35311
1715670860.208268,2223684.000,36156,2,AK,1,100,RD
1715670860.217702,2223693.000,36158,2,AK,1,100,35311
1715670860.227137,2223702.000,36158,2,AK,1,100,RD
1715670860.273261,2223746.000,36161,2,AK,1,100,36159
1715670860.319386,2223790.000,36161,2,AK,1,100,RD
1715670862.963152,2226312.000,37007,2,AK,1,100,36159
1715670865.606919,2228834.000,37007,2,AK,1,100,RD
1715670865.620023,2228846.500,37010,2,AK,1,100,37008
1715670865.633126,2228859.000,37010,2,AK,1,100,RD
1715670868.330355,2231432.000,37841,2,AK,1,100,37008
1715670871.027585,2234005.000,37841,2,AK,1,100,RD
1715670871.041212,2234018.000,37844,2,AK,1,100,37842
1715670871.054840,2234031.000,37844,2,AK,1,100,RD
1715670873.739490,2236592.000,38690,2,AK,1,100,37842
1715670876.424139,2239153.000,38690,2,AK,1,100,RD
1715670876.438291,2239166.500,38693,2,AK,1,100,38691
1715670876.452443,2239180.000,38693,2,AK,1,100,RD
1715670879.141810,2241745.500,39539,2,AK,1,100,38691
1715670881.831177,2244311.000,39539,2,AK,1,100,RD
1715670881.850046,2244329.000,39542,2,AK,1,100,39540
1715670881.868915,2244347.000,39542,2,AK,1,100,RD
1715670884.527358,2246883.000,40384,2,AK,1,100,39540
1715670887.185801,2249419.000,40384,2,AK,1,100,RD
1715670887.221966,2249453.500,40387,2,AK,1,100,40385
1715670887.258132,2249488.000,40387,2,AK,1,100,RD
1715670889.922864,2252030.000,41234,2,AK,1,100,40385
1715670892.587597,2254572.000,41234,2,AK,1,100,RD
1715670892.608562,2254592.000,41237,2,AK,1,100,41235
1715670892.629528,2254612.000,41237,2,AK,1,100,RD
1715670895.292688,2257152.500,42085,2,AK,1,100,41235
1715670897.955848,2259693.000,42085,2,AK,1,100,RD
1715670897.987821,2259723.500,42088,2,AK,1,100,42086
1715670898.019793,2259754.000,42088,2,AK,1,100,RD
1715670900.665133,2262277.500,42919,2,AK,1,100,42086
1715670903.310472,2264801.000,42919,2,AK,1,100,RD
1715670903.327244,2264817.000,42922,2,AK,1,100,42920
1715670903.344017,2264833.000,42922,2,AK,1,100,RD
1715670906.003508,2267370.000,43768,2,AK,1,100,42920
1715670908.662999,2269907.000,43768,2,AK,1,100,RD
1715670908.677150,2269920.500,43771,2,AK,1,100,43769
1715670908.691302,2269934.000,43771,2,AK,1,100,RD
1715670914.056933,2275052.500,45462,2,AK,1,100,44615
1715670919.422563,2280171.000,45462,2,AK,1,100,RD
1715670919.438812,2280186.500,45465,2,AK,1,100,45463
1715670919.455060,2280202.000,45465,2,AK,1,100,RD
1715670922.112978,2282737.500,46293,2,AK,1,100,45463
1715670924.770897,2285273.000,46293,2,AK,1,100,RD
1715670924.809160,2285309.500,46296,2,AK,1,100,46294
1715670924.847422,2285346.000,46296,2,AK,1,100,RD
1715670927.512678,2287888.500,47141,2,AK,1,100,46294
1715670930.177935,2290431.000,47141,2,AK,1,100,RD
1715670930.192087,2290444.500,47144,2,AK,1,100,47142
1715670930.206239,2290458.000,47144,2,AK,1,100,RD
1715670932.878833,2293007.500,47969,2,AK,1,100,47967
1715670935.551427,2295557.000,47969,2,AK,1,100,RD
1715670938.232932,2298115.000,48820,2,AK,1,100,47967
1715670940.914437,2300673.000,48820,2,AK,1,100,RD
1715670940.930161,2300688.000,48823,2,AK,1,100,48821
1715670940.945886,2300703.000,48823,2,AK,1,100,RD
1715670943.612190,2303246.500,49665,2,AK,1,100,48821
1715670946.278495,2305790.000,49665,2,AK,1,100,RD
1715670946.293171,2305804.000,49668,2,AK,1,100,49666
1715670946.307847,2305818.000,49668,2,AK,1,100,RD
1715670948.976249,2308363.500,50513,2,AK,1,100,49666
1715670951.644650,2310909.000,50513,2,AK,1,100,RD
1715670954.322486,2313463.500,51359,2,AK,1,100,50514
1715670957.000322,2316018.000,51359,2,AK,1,100,RD
1715670957.008708,2316026.000,51361,2,AK,1,100,50514
1715670957.017094,2316034.000,51361,2,AK,1,100,RD
1715670957.065840,2316080.500,51364,2,AK,1,100,51362
1715670957.114585,2316127.000,51364,2,AK,1,100,RD
1715670959.751538,2318642.500,52206,2,AK,1,100,51362
1715670962.388490,2321158.000,52206,2,AK,1,100,RD
1715670962.417842,2321186.000,52209,2,AK,1,100,52207
1715670962.447194,2321214.000,52209,2,AK,1,100,RD
1715670965.115072,2323759.000,53004,2,AK,1,100,52207
1715670967.782949,2326304.000,53004,2,AK,1,100,RD
1715670967.828549,2326347.500,53007,2,AK,1,100,53005
1715670967.874149,2326391.000,53007,2,AK,1,100,RD
1715670970.511102,2328906.500,53840,2,AK,1,100,53005
1715670973.148055,2331422.000,53840,2,AK,1,100,RD
1715670973.161159,2331434.500,53843,2,AK,1,100,53841
1715670973.174262,2331447.000,53843,2,AK,1,100,RD
1715670975.945919,2334091.000,54605,2,AK,1,100,53841
1715670978.717577,2336735.000,54605,2,AK,1,100,RD
1715670978.731204,2336748.000,54608,2,AK,1,100,54606
1715670978.744832,2336761.000,54608,2,AK,1,100,RD
1715670981.424764,2339317.500,55410,2,AK,1,100,54606
1715670984.104697,2341874.000,55410,2,AK,1,100,RD
1715670984.117800,2341886.500,55413,2,AK,1,100,55411
1715670984.130904,2341899.000,55413,2,AK,1,100,RD
1715670986.796685,2344442.000,56256,2,AK,1,100,55411
1715670989.462465,2346985.000,56256,2,AK,1,100,RD
1715670992.145543,2349544.500,57103,2,AK,1,100,56257
1715670994.828620,2352104.000,57103,2,AK,1,100,RD
1715670994.843820,2352118.500,57106,2,AK,1,100,57104
1715670994.859020,2352133.000,57106,2,AK,1,100,RD
1715670997.525849,2354677.000,57918,2,AK,1,100,57104
1715671000.192678,2357221.000,57918,2,AK,1,100,RD
1715671000.204733,2357232.500,57921,2,AK,1,100,57919
1715671000.216789,2357244.000,57921,2,AK,1,100,RD
1715671002.908776,2359812.000,58733,2,AK,1,100,58731
1715671005.600764,2362380.000,58733,2,AK,1,100,RD
1715671008.367704,2365019.500,59542,2,AK,1,100,58731
1715671011.134644,2367659.000,59542,2,AK,1,100,RD
1715671011.170809,2367693.500,59545,2,AK,1,100,59543
1715671011.206975,2367728.000,59545,2,AK,1,100,RD
1715671013.863845,2370262.500,60297,2,AK,1,100,59543
1715671016.520716,2372797.000,60297,2,AK,1,100,RD
1715671016.535392,2372811.000,60300,2,AK,1,100,60298
1715671016.550068,2372825.000,60300,2,AK,1,100,RD
1715671021.908884,2377937.000,62003,2,AK,1,100,61144
1715671027.267701,2383049.000,62003,2,AK,1,100,RD
1715671027.281853,2383062.500,62006,2,AK,1,100,62004
1715671027.296005,2383076.000,62006,2,AK,1,100,RD
1715671029.963882,2385621.000,62840,2,AK,1,100,62004
1715671032.631759,2388166.000,62840,2,AK,1,100,RD
1715671032.645387,2388179.000,62843,2,AK,1,100,62841
1715671032.659014,2388192.000,62843,2,AK,1,100,RD
1715671035.331609,2390741.500,63688,2,AK,1,100,62841
1715671038.004203,2393291.000,63688,2,AK,1,100,RD
1715671040.679943,2395843.500,64534,2,AK,1,100,63689
1715671043.355682,2398396.000,64534,2,AK,1,100,RD
1715671043.368786,2398408.500,64537,2,AK,1,100,64535
1715671043.381889,2398421.000,64537,2,AK,1,100,RD
1715671046.046098,2400962.500,65380,2,AK,1,100,64535
1715671048.710306,2403504.000,65380,2,AK,1,100,RD
1715671048.723409,2403516.500,65383,2,AK,1,100,65381
1715671048.736513,2403529.000,65383,2,AK,1,100,RD
1715671051.407011,2406076.500,693,2,AK,1,100,65381
1715671054.077509,2408624.000,693,2,AK,1,100,RD
1715671054.102667,2408648.000,696,2,AK,1,100,694
1715671054.127826,2408672.000,696,2,AK,1,100,RD
1715671056.777883,2411200.000,1546,2,AK,1,100,694
1715671059.427939,2413728.000,1546,2,AK,1,100,RD
1715671059.438946,2413738.500,1548,2,AK,1,100,1545
1715671059.449953,2413749.000,1548,2,AK,1,100,RD
1715671062.133554,2416309.000,2405,2,AK,1,100,1545
1715671064.817156,2418869.000,2405,2,AK,1,100,RD
1715671064.830784,2418882.000,2408,2,AK,1,100,2406
1715671064.844411,2418895.000,2408,2,AK,1,100,RD
1715671067.515958,2421443.500,3268,2,AK,1,100,2406
1715671070.187504,2423992.000,3268,2,AK,1,100,RD
1715671070.201656,2424005.500,3271,2,AK,1,100,3269
1715671070.215807,2424019.000,3271,2,AK,1,100,RD
1715671072.884209,2426564.500,4130,2,AK,1,100,3269
1715671075.552610,2429110.000,4130,2,AK,1,100,RD
1715671075.569907,2429126.500,4133,2,AK,1,100,4131
1715671075.587204,2429143.000,4133,2,AK,1,100,RD
1715671078.261370,2431694.000,4994,2,AK,1,100,4131
1715671080.935537,2434245.000,4994,2,AK,1,100,RD
1715671080.949689,2434258.500,4997,2,AK,1,100,4995
1715671080.963841,2434272.000,4997,2,AK,1,100,RD
1715671083.649015,2436833.500,5857,2,AK,1,100,4995
1715671086.334189,2439395.000,5857,2,AK,1,100,RD
1715671089.053956,2441989.500,6720,2,AK,1,100,5858
1715671091.773723,2444584.000,6720,2,AK,1,100,RD
1715671091.780013,2444590.000,6722,2,AK,1,100,5858
1715671091.786303,2444596.000,6722,2,AK,1,100,RD
1715671091.799930,2444609.000,6725,2,AK,1,100,6723
1715671091.813558,2444622.000,6725,2,AK,1,100,RD
1715671094.469904,2447156.000,7568,2,AK,1,100,6723
1715671097.126250,2449690.000,7568,2,AK,1,100,RD
1715671097.139878,2449703.000,7571,2,AK,1,100,7569
1715671097.153506,2449716.000,7571,2,AK,1,100,RD
1715671099.817190,2452257.000,8434,2,AK,1,100,7569
1715671102.480874,2454798.000,8434,2,AK,1,100,RD
1715671102.496598,2454813.000,8437,2,AK,1,100,8435
1715671102.512322,2454828.000,8437,2,AK,1,100,RD
1715671105.176530,2457369.500,9297,2,AK,1,100,8435
1715671107.840739,2459911.000,9297,2,AK,1,100,RD
1715671107.861180,2459930.500,9300,2,AK,1,100,9298
1715671107.881622,2459950.000,9300,2,AK,1,100,RD
1715671110.538492,2462484.500,10163,2,AK,1,100,9298
1715671113.195362,2465019.000,10163,2,AK,1,100,RD
1715671113.208990,2465032.000,10166,2,AK,1,100,10164
1715671113.222618,2465045.000,10166,2,AK,1,100,RD
1715671115.894688,2467594.000,11025,2,AK,1,100,10164
1715671118.566758,2470143.000,11025,2,AK,1,100,RD
1715671118.580386,2470156.000,11028,2,AK,1,100,11026
1715671118.594014,2470169.000,11028,2,AK,1,100,RD
1715671121.278139,2472729.500,11892,2,AK,1,100,11026
1715671123.962265,2475290.000,11892,2,AK,1,100,RD
1715671124.007865,2475333.500,11895,2,AK,1,100,11893
1715671124.053465,2475377.000,11895,2,AK,1,100,RD
1715671129.381358,2480459.500,13585,2,AK,1,100,13583
1715671134.709250,2485542.000,13585,2,AK,1,100,RD
1715671137.383941,2488093.500,14446,2,AK,1,100,13583
1715671140.058632,2490645.000,14446,2,AK,1,100,RD
1715671140.093226,2490678.000,14449,2,AK,1,100,14447
1715671140.127819,2490711.000,14449,2,AK,1,100,RD
1715671142.772634,2493234.000,15297,2,AK,1,100,14447
1715671145.417449,2495757.000,15297,2,AK,1,100,RD
1715671145.431077,2495770.000,15300,2,AK,1,100,15298
1715671145.444704,2495783.000,15300,2,AK,1,100,RD
1715671148.107340,2498323.000,16159,2,AK,1,100,15298
1715671150.769976,2500863.000,16159,2,AK,1,100,RD
1715671150.783080,2500875.500,16162,2,AK,1,100,16160
1715671150.796183,2500888.000,16162,2,AK,1,100,RD
1715671153.464060,2503433.000,17021,2,AK,1,100,16160
1715671156.131938,2505978.000,17021,2,AK,1,100,RD
1715671156.170200,2506014.500,17024,2,AK,1,100,17022
1715671156.208462,2506051.000,17024,2,AK,1,100,RD
1715671158.865857,2508586.000,17855,2,AK,1,100,17022
1715671161.523251,2511121.000,17855,2,AK,1,100,RD
1715671161.538975,2511136.000,17858,2,AK,1,100,17856
1715671161.554699,2511151.000,17858,2,AK,1,100,RD
1715671164.249832,2513722.000,18718,2,AK,1,100,17856
1715671166.944965,2516293.000,18718,2,AK,1,100,RD
1715671166.962261,2516309.500,18721,2,AK,1,100,18719
1715671166.979558,2516326.000,18721,2,AK,1,100,RD
1715671169.662111,2518885.000,19580,2,AK,1,100,18719
1715671172.344664,2521444.000,19580,2,AK,1,100,RD
1715671172.358816,2521457.500,19583,2,AK,1,100,19581
1715671172.372968,2521471.000,19583,2,AK,1,100,RD
1715671180.427965,2529155.000,22152,2,AK,1,100,21306
1715671188.482963,2536839.000,22152,2,AK,1,100,RD
1715671191.165516,2539398.000,22982,2,AK,1,100,22153
1715671193.848069,2541957.000,22982,2,AK,1,100,RD
1715671193.855932,2541964.500,22984,2,AK,1,100,22153
1715671193.863794,2541972.000,22984,2,AK,1,100,RD
1715671193.881090,2541988.500,22987,2,AK,1,100,22985
1715671193.898387,2542005.000,22987,2,AK,1,100,RD
1715671196.548443,2544533.000,23846,2,AK,1,100,22985
1715671199.198500,2547061.000,23846,2,AK,1,100,RD
1715671199.213176,2547075.000,23849,2,AK,1,100,23847
1715671199.227852,2547089.000,23849,2,AK,1,100,RD
1715671201.888391,2549627.000,24692,2,AK,1,100,23847
1715671204.548930,2552165.000,24692,2,AK,1,100,RD
1715671204.565179,2552180.500,24695,2,AK,1,100,24693
1715671204.581427,2552196.000,24695,2,AK,1,100,RD
1715671207.246684,2554738.500,25564,2,AK,1,100,24693
1715671209.911940,2557281.000,25564,2,AK,1,100,RD
1715671209.936575,2557304.500,25567,2,AK,1,100,25565
1715671209.961209,2557328.000,25567,2,AK,1,100,RD
1715671212.636949,2559880.500,26423,2,AK,1,100,25565
1715671215.312688,2562433.000,26423,2,AK,1,100,RD
1715671215.326316,2562446.000,26426,2,AK,1,100,26424
1715671215.339943,2562459.000,26426,2,AK,1,100,RD
1715671218.028262,2565023.500,27289,2,AK,1,100,26424
1715671220.716581,2567588.000,27289,2,AK,1,100,RD
1715671220.731781,2567602.500,27292,2,AK,1,100,27290
1715671220.746981,2567617.000,27292,2,AK,1,100,RD
1715671223.413810,2570161.000,28151,2,AK,1,100,27290
1715671226.080639,2572705.000,28151,2,AK,1,100,RD
1715671226.106322,2572729.500,28154,2,AK,1,100,28152
1715671226.132005,2572754.000,28154,2,AK,1,100,RD
1715671228.815606,2575314.000,29019,2,AK,1,100,28152
1715671231.499208,2577874.000,29019,2,AK,1,100,RD
1715671231.530132,2577903.500,29022,2,AK,1,100,29020
1715671231.561056,2577933.000,29022,2,AK,1,100,RD
1715671234.219499,2580469.000,29878,2,AK,1,100,29020
1715671236.877942,2583005.000,29878,2,AK,1,100,RD
1715671236.892618,2583019.000,29881,2,AK,1,100,29879
1715671236.907294,2583033.000,29881,2,AK,1,100,RD
1715671239.570978,2585574.000,30743,2,AK,1,100,29879
1715671242.234662,2588115.000,30743,2,AK,1,100,RD
1715671242.273973,2588152.500,30746,2,AK,1,100,30744
1715671242.313283,2588190.000,30746,2,AK,1,100,RD
1715671244.955477,2590710.500,31585,2,AK,1,100,30744
1715671247.597672,2593231.000,31585,2,AK,1,100,RD
1715671250.296473,2595805.500,32418,2,AK,1,100,31586
1715671252.995275,2598380.000,32418,2,AK,1,100,RD
1715671255.714518,2600974.000,33265,2,AK,1,100,32419
1715671258.433761,2603568.000,33265,2,AK,1,100,RD
1715671258.444244,2603578.000,33267,2,AK,1,100,32419
1715671258.454727,2603588.000,33267,2,AK,1,100,RD
1715671258.469927,2603602.500,33270,2,AK,1,100,33268
1715671258.485127,2603617.000,33270,2,AK,1,100,RD
1715671261.126273,2606136.500,34099,2,AK,1,100,33268
1715671263.767419,2608656.000,34099,2,AK,1,100,RD
1715671263.789957,2608677.500,34102,2,AK,1,100,34100
1715671263.812495,2608699.000,34102,2,AK,1,100,RD
1715671266.489283,2611252.500,34946,2,AK,1,100,34100
1715671269.166070,2613806.000,34946,2,AK,1,100,RD
1715671269.184939,2613824.000,34949,2,AK,1,100,34947
1715671269.203809,2613842.000,34949,2,AK,1,100,RD
1715671271.895796,2616410.000,35797,2,AK,1,100,34947
1715671274.587784,2618978.000,35797,2,AK,1,100,RD
1715671274.630239,2619018.500,35800,2,AK,1,100,35798
1715671274.672695,2619059.000,35800,2,AK,1,100,RD
1715671277.301785,2621567.000,36641,2,AK,1,100,35798
1715671279.930876,2624075.000,36641,2,AK,1,100,RD
1715671279.943980,2624087.500,36644,2,AK,1,100,36642
1715671279.957083,2624100.000,36644,2,AK,1,100,RD
1715671282.637540,2626657.000,37470,2,AK,1,100,36642
1715671285.317997,2629214.000,37470,2,AK,1,100,RD
1715671285.330052,2629225.500,37473,2,AK,1,100,37471
1715671285.342107,2629237.000,37473,2,AK,1,100,RD
1715671288.036191,2631807.000,38324,2,AK,1,100,37471
1715671290.730276,2634377.000,38324,2,AK,1,100,RD
1715671290.744427,2634390.500,38327,2,AK,1,100,38325
1715671290.758579,2634404.000,38327,2,AK,1,100,RD
1715671293.426457,2636949.000,39167,2,AK,1,100,39165
1715671296.094334,2639494.000,39167,2,AK,1,100,RD
1715671298.776887,2642053.000,39998,2,AK,1,100,39165
1715671301.459440,2644612.000,39998,2,AK,1,100,RD
1715671301.480930,2644632.500,40001,2,AK,1,100,39999
1715671301.502420,2644653.000,40001,2,AK,1,100,RD
1715671304.164007,2647192.000,40843,2,AK,1,100,39999
1715671306.825595,2649731.000,40843,2,AK,1,100,RD
1715671306.840271,2649745.000,40846,2,AK,1,100,40844
1715671306.854947,2649759.000,40846,2,AK,1,100,RD
1715671309.524396,2652305.500,41692,2,AK,1,100,41690
1715671312.193846,2654852.000,41692,2,AK,1,100,RD
1715671314.880068,2657414.500,42513,2,AK,1,100,41690
1715671317.566290,2659977.000,42513,2,AK,1,100,RD
1715671317.579394,2659989.500,42516,2,AK,1,100,42514
1715671317.592498,2660002.000,42516,2,AK,1,100,RD
1715671320.256706,2662543.500,43359,2,AK,1,100,42514
1715671322.920914,2665085.000,43359,2,AK,1,100,RD
1715671322.936114,2665099.500,43362,2,AK,1,100,43360
1715671322.951314,2665114.000,43362,2,AK,1,100,RD
1715671325.620764,2667660.500,44208,2,AK,1,100,43360
1715671328.290214,2670207.000,44208,2,AK,1,100,RD
1715671328.304889,2670221.000,44211,2,AK,1,100,44209
1715671328.319566,2670235.000,44211,2,AK,1,100,RD
1715671330.982725,2672775.500,45058,2,AK,1,100,44209
1715671333.645885,2675316.000,45058,2,AK,1,100,RD
1715671333.663182,2675332.500,45061,2,AK,1,100,45059
1715671333.680479,2675349.000,45061,2,AK,1,100,RD
1715671336.353073,2677898.500,45908,2,AK,1,100,45059
1715671339.025668,2680448.000,45908,2,AK,1,100,RD
1715671339.040868,2680462.500,45911,2,AK,1,100,45909
1715671339.056068,2680477.000,45911,2,AK,1,100,RD
1715671341.718704,2683017.000,46755,2,AK,1,100,45909
1715671344.381340,2685557.000,46755,2,AK,1,100,RD
1715671347.059175,2688111.500,47538,2,AK,1,100,46756
1715671349.737011,2690666.000,47538,2,AK,1,100,RD
1715671349.752736,2690681.000,47541,2,AK,1,100,47539
1715671349.768460,2690696.000,47541,2,AK,1,100,RD
1715671352.490324,2693292.500,48372,2,AK,1,100,47539
1715671355.212188,2695889.000,48372,2,AK,1,100,RD
1715671355.241539,2695917.000,48375,2,AK,1,100,48373
1715671355.270891,2695945.000,48375,2,AK,1,100,RD
1715671357.956065,2698506.500,49068,2,AK,1,100,48373
1715671360.641239,2701068.000,49068,2,AK,1,100,RD
1715671360.655391,2701081.500,49071,2,AK,1,100,49069
1715671360.669543,2701095.000,49071,2,AK,1,100,RD
1715671363.336896,2703639.500,49913,2,AK,1,100,49069
1715671366.004249,2706184.000,49913,2,AK,1,100,RD
1715671366.018925,2706198.000,49916,2,AK,1,100,49914
1715671366.033601,2706212.000,49916,2,AK,1,100,RD
1715671368.739740,2708793.500,50764,2,AK,1,100,50762
1715671371.445880,2711375.000,50764,2,AK,1,100,RD
1715671374.130005,2713935.500,51611,2,AK,1,100,50762
1715671376.814131,2716496.000,51611,2,AK,1,100,RD
1715671376.847152,2716527.500,51614,2,AK,1,100,51612
1715671376.880173,2716559.000,51614,2,AK,1,100,RD
1715671379.534422,2719091.000,52415,2,AK,1,100,51612
1715671382.188672,2721623.000,52415,2,AK,1,100,RD
1715671382.203348,2721637.000,52418,2,AK,1,100,52416
1715671382.218024,2721651.000,52418,2,AK,1,100,RD
1715671384.903722,2724213.000,53251,2,AK,1,100,53249
1715671387.589420,2726775.000,53251,2,AK,1,100,RD
1715671390.320194,2729380.000,53969,2,AK,1,100,53249
1715671393.050968,2731985.000,53969,2,AK,1,100,RD
1715671393.065644,2731999.000,53972,2,AK,1,100,53970
1715671393.080320,2732013.000,53972,2,AK,1,100,RD
1715671395.751866,2734561.500,54804,2,AK,1,100,53970
1715671398.423413,2737110.000,54804,2,AK,1,100,RD
1715671398.457482,2737142.500,54807,2,AK,1,100,54805
1715671398.491551,2737175.000,54807,2,AK,1,100,RD
1715671401.135318,2739697.000,55646,2,AK,1,100,54805
1715671403.779084,2742219.000,55646,2,AK,1,100,RD
1715671403.792188,2742231.500,55649,2,AK,1,100,55647
1715671403.805291,2742244.000,55649,2,AK,1,100,RD
1715671406.501472,2744816.000,56498,2,AK,1,100,55647
1715671409.197653,2747388.000,56498,2,AK,1,100,RD
1715671411.894882,2749961.000,57330,2,AK,1,100,56499
1715671414.592111,2752534.000,57330,2,AK,1,100,RD
1715671414.620939,2752561.500,57333,2,AK,1,100,57331
1715671414.649767,2752589.000,57333,2,AK,1,100,RD
1715671417.315023,2755131.500,58177,2,AK,1,100,57331
1715671419.980280,2757674.000,58177,2,AK,1,100,RD
1715671419.993908,2757687.000,58180,2,AK,1,100,58178
1715671420.007535,2757700.000,58180,2,AK,1,100,RD
1715671422.709482,2760277.500,59031,2,AK,1,100,59029
1715671425.411428,2762855.000,59031,2,AK,1,100,RD
1715671428.060961,2765382.500,59875,2,AK,1,100,59029
1715671430.710493,2767910.000,59875,2,AK,1,100,RD
1715671430.723072,2767922.000,59878,2,AK,1,100,59876
1715671430.735651,2767934.000,59878,2,AK,1,100,RD
1715671433.412439,2770487.500,60725,2,AK,1,100,60723
1715671436.089227,2773041.000,60725,2,AK,1,100,RD
1715671438.770732,2775599.000,61570,2,AK,1,100,60723
1715671441.452237,2778157.000,61570,2,AK,1,100,RD
1715671441.473727,2778177.500,61573,2,AK,1,100,61571
1715671441.495216,2778198.000,61573,2,AK,1,100,RD
1715671444.152611,2780733.000,62399,2,AK,1,100,62397
1715671446.810005,2783268.000,62399,2,AK,1,100,RD
1715671449.479979,2785815.000,63243,2,AK,1,100,62397
1715671452.149953,2788362.000,63243,2,AK,1,100,RD
1715671452.164104,2788375.500,63246,2,AK,1,100,63244
1715671452.178256,2788389.000,63246,2,AK,1,100,RD
1715671454.853996,2790941.500,64092,2,AK,1,100,63244
1715671457.529735,2793494.000,64092,2,AK,1,100,RD
1715671457.545983,2793509.500,64095,2,AK,1,100,64093
1715671457.562232,2793525.000,64095,2,AK,1,100,RD
1715671460.227488,2796067.500,64926,2,AK,1,100,64093
1715671462.892745,2798610.000,64926,2,AK,1,100,RD
1715671462.906897,2798623.500,64929,2,AK,1,100,64927
1715671462.921048,2798637.000,64929,2,AK,1,100,RD
1715671465.594167,2801187.000,236,2,AK,1,100,234
1715671468.267286,2803737.000,236,2,AK,1,100,RD
1715671470.933591,2806280.500,1099,2,AK,1,100,234
1715671473.599895,2808824.000,1099,2,AK,1,100,RD
1715671473.615096,2808838.500,1102,2,AK,1,100,1100
1715671473.630296,2808853.000,1102,2,AK,1,100,RD
1715671476.292932,2811393.000,1940,2,AK,1,100,1100
1715671478.955567,2813933.000,1940,2,AK,1,100,RD
1715671478.970243,2813947.000,1943,2,AK,1,100,1941
1715671478.984919,2813961.000,1943,2,AK,1,100,RD
1715671481.657514,2816510.500,2806,2,AK,1,100,1941
1715671484.330108,2819060.000,2806,2,AK,1,100,RD
1715671484.351598,2819080.500,2809,2,AK,1,100,2807
1715671484.373088,2819101.000,2809,2,AK,1,100,RD
1715671487.044634,2821649.500,3673,2,AK,1,100,2807
1715671489.716180,2824198.000,3673,2,AK,1,100,RD
1715671489.756539,2824236.500,3676,2,AK,1,100,3674
1715671489.796898,2824275.000,3676,2,AK,1,100,RD
1715671492.433851,2826790.500,4523,2,AK,1,100,3674
1715671495.070804,2829306.000,4523,2,AK,1,100,RD
1715671495.094390,2829328.500,4526,2,AK,1,100,4524
1715671495.117976,2829351.000,4526,2,AK,1,100,RD
1715671497.776943,2831887.500,5385,2,AK,1,100,4524
1715671500.435910,2834424.000,5385,2,AK,1,100,RD
1715671500.450062,2834437.500,5388,2,AK,1,100,5386
1715671500.464214,2834451.000,5388,2,AK,1,100,RD
1715671503.123181,2836987.500,6251,2,AK,1,100,5386
1715671505.782147,2839524.000,6251,2,AK,1,100,RD
1715671505.797348,2839538.500,6254,2,AK,1,100,6252
1715671505.812548,2839553.000,6254,2,AK,1,100,RD
1715671508.491432,2842108.500,7097,2,AK,1,100,6252
1715671511.170316,2844664.000,7097,2,AK,1,100,RD
1715671511.184468,2844677.500,7100,2,AK,1,100,7098
1715671511.198620,2844691.000,7100,2,AK,1,100,RD
1715671513.864400,2847234.000,7960,2,AK,1,100,7098
1715671516.530181,2849777.000,7960,2,AK,1,100,RD
1715671516.546429,2849792.500,7963,2,AK,1,100,7961
1715671516.562678,2849808.000,7963,2,AK,1,100,RD
1715671519.229507,2852352.000,8827,2,AK,1,100,7961
1715671521.896336,2854896.000,8827,2,AK,1,100,RD
1715671521.923067,2854921.500,8830,2,AK,1,100,8828
1715671521.949798,2854947.000,8830,2,AK,1,100,RD
1715671524.608765,2857483.500,9687,2,AK,1,100,8828
1715671527.267732,2860020.000,9687,2,AK,1,100,RD
1715671527.280311,2860032.000,9690,2,AK,1,100,9688
1715671527.292891,2860044.000,9690,2,AK,1,100,RD
1715671529.966533,2862594.500,10544,2,AK,1,100,9688
1715671532.640176,2865145.000,10544,2,AK,1,100,RD
1715671532.654328,2865158.500,10547,2,AK,1,100,10545
1715671532.668480,2865172.000,10547,2,AK,1,100,RD
1715671535.332688,2867713.500,11403,2,AK,1,100,10545
1715671537.996896,2870255.000,11403,2,AK,1,100,RD
1715671538.012096,2870269.500,11406,2,AK,1,100,11404
1715671538.027297,2870284.000,11406,2,AK,1,100,RD
1715671540.689408,2872823.500,12251,2,AK,1,100,11404
1715671543.351520,2875363.000,12251,2,AK,1,100,RD
1715671543.364623,2875375.500,12254,2,AK,1,100,12252
1715671543.377727,2875388.000,12254,2,AK,1,100,RD
1715671546.054515,2877941.500,13113,2,AK,1,100,12252
1715671548.731302,2880495.000,13113,2,AK,1,100,RD
1715671548.751744,2880514.500,13116,2,AK,1,100,13114
1715671548.772185,2880534.000,13116,2,AK,1,100,RD
1715671551.424862,2883064.500,13963,2,AK,1,100,13114
1715671554.077539,2885595.000,13963,2,AK,1,100,RD
1715671554.091691,2885608.500,13966,2,AK,1,100,13964
1715671554.105843,2885622.000,13966,2,AK,1,100,RD
1715671556.809886,2888201.500,14838,2,AK,1,100,13964
1715671559.513929,2890781.000,14838,2,AK,1,100,RD
1715671559.525984,2890792.500,14841,2,AK,1,100,14839
1715671559.538039,2890804.000,14841,2,AK,1,100,RD
1715671562.222165,2893364.500,15705,2,AK,1,100,14839
1715671564.906291,2895925.000,15705,2,AK,1,100,RD
1715671564.920967,2895939.000,15708,2,AK,1,100,15706
1715671564.935643,2895953.000,15708,2,AK,1,100,RD
1715671567.607713,2898502.000,16552,2,AK,1,100,15706
1715671570.279783,2901051.000,16552,2,AK,1,100,RD
1715671570.293411,2901064.000,16555,2,AK,1,100,16553
1715671570.307039,2901077.000,16555,2,AK,1,100,RD
1715671572.975440,2903622.500,17415,2,AK,1,100,16553
1715671575.643842,2906168.000,17415,2,AK,1,100,RD
1715671575.657469,2906181.000,17418,2,AK,1,100,17416
1715671575.671097,2906194.000,17418,2,AK,1,100,RD
1715671578.366754,2908765.500,18292,2,AK,1,100,17416
1715671581.062410,2911337.000,18292,2,AK,1,100,RD
1715671581.101721,2911374.500,18295,2,AK,1,100,18293
1715671581.141032,2911412.000,18295,2,AK,1,100,RD
1715671583.781653,2913931.000,19138,2,AK,1,100,18293
1715671586.422275,2916450.000,19138,2,AK,1,100,RD
1715671586.441669,2916468.500,19141,2,AK,1,100,19139
1715671586.461062,2916487.000,19141,2,AK,1,100,RD
1715671589.151477,2919053.500,19999,2,AK,1,100,19139
1715671591.841892,2921620.000,19999,2,AK,1,100,RD
1715671591.868623,2921645.500,20002,2,AK,1,100,20000
1715671591.895355,2921671.000,20002,2,AK,1,100,RD
1715671594.550128,2924203.500,20855,2,AK,1,100,20000
1715671597.204902,2926736.000,20855,2,AK,1,100,RD
1715671597.218006,2926748.500,20858,2,AK,1,100,20856
1715671597.231109,2926761.000,20858,2,AK,1,100,RD
1715671599.949304,2929354.000,21720,2,AK,1,100,20856
1715671602.667499,2931947.000,21720,2,AK,1,100,RD
1715671602.709430,2931987.000,21723,2,AK,1,100,21721
1715671602.751361,2932027.000,21723,2,AK,1,100,RD
1715671605.387266,2934541.500,22567,2,AK,1,100,21721
1715671608.023170,2937056.000,22567,2,AK,1,100,RD
1715671608.052522,2937084.000,22570,2,AK,1,100,22568
1715671608.081874,2937112.000,22570,2,AK,1,100,RD
1715671610.731407,2939639.500,23417,2,AK,1,100,22568
1715671613.380939,2942167.000,23417,2,AK,1,100,RD
1715671613.395615,2942181.000,23420,2,AK,1,100,23418
1715671613.410291,2942195.000,23420,2,AK,1,100,RD
1715671616.092844,2944754.000,24284,2,AK,1,100,23418
1715671618.775397,2947313.000,24284,2,AK,1,100,RD
1715671618.790073,2947327.000,24287,2,AK,1,100,24285
1715671618.804749,2947341.000,24287,2,AK,1,100,RD
1715671621.467385,2949881.000,25142,2,AK,1,100,24285
1715671624.130021,2952421.000,25142,2,AK,1,100,RD
1715671624.143648,2952434.000,25145,2,AK,1,100,25143
1715671624.157276,2952447.000,25145,2,AK,1,100,RD
1715671626.828298,2954995.000,26000,2,AK,1,100,25143
1715671629.499320,2957543.000,26000,2,AK,1,100,RD
1715671629.542824,2957584.500,26003,2,AK,1,100,26001
1715671629.586328,2957626.000,26003,2,AK,1,100,RD
1715671632.229046,2960147.000,26833,2,AK,1,100,26001
1715671634.871765,2962668.000,26833,2,AK,1,100,RD
1715671634.891158,2962686.500,26836,2,AK,1,100,26834
1715671634.910551,2962705.000,26836,2,AK,1,100,RD
1715671637.576332,2965248.000,27695,2,AK,1,100,26834
1715671640.242112,2967791.000,27695,2,AK,1,100,RD
1715671640.258361,2967806.500,27698,2,AK,1,100,27696
1715671640.274609,2967822.000,27698,2,AK,1,100,RD
1715671642.955590,2970379.500,28562,2,AK,1,100,27696
1715671645.636571,2972937.000,28562,2,AK,1,100,RD
1715671648.324889,2975501.500,29407,2,AK,1,100,29405
1715671651.013208,2978066.000,29407,2,AK,1,100,RD
1715671653.681610,2980611.500,30267,2,AK,1,100,29405
1715671656.350011,2983157.000,30267,2,AK,1,100,RD
1715671656.362590,2983169.000,30270,2,AK,1,100,30268
1715671656.375170,2983181.000,30270,2,AK,1,100,RD
1715671659.039902,2985723.000,31134,2,AK,1,100,30268
1715671661.704635,2988265.000,31134,2,AK,1,100,RD
1715671661.719835,2988279.500,31137,2,AK,1,100,31135
1715671661.735035,2988294.000,31137,2,AK,1,100,RD
1715671664.410774,2990846.500,31981,2,AK,1,100,31135
1715671667.086514,2993399.000,31981,2,AK,1,100,RD
1715671667.100141,2993412.000,31984,2,AK,1,100,31982
1715671667.113769,2993425.000,31984,2,AK,1,100,RD
1715671669.783218,2995971.500,32843,2,AK,1,100,31982
1715671672.452668,2998518.000,32843,2,AK,1,100,RD
1715671672.465772,2998530.500,32846,2,AK,1,100,32844
1715671672.478875,2998543.000,32846,2,AK,1,100,RD
1715671675.163001,3001103.500,33694,2,AK,1,100,32844
1715671677.847126,3003664.000,33694,2,AK,1,100,RD
1715671677.864947,3003681.000,33697,2,AK,1,100,33695
1715671677.882768,3003698.000,33697,2,AK,1,100,RD
1715671680.567418,3006259.000,34556,2,AK,1,100,33695
1715671683.252068,3008820.000,34556,2,AK,1,100,RD
1715671683.301337,3008867.000,34559,2,AK,1,100,34557
1715671683.350606,3008914.000,34559,2,AK,1,100,RD
1715671686.008000,3011449.000,35405,2,AK,1,100,34557
1715671688.665395,3013984.000,35405,2,AK,1,100,RD
1715671691.407700,3016600.000,36236,2,AK,1,100,35406
1715671694.150005,3019216.000,36236,2,AK,1,100,RD
1715671694.161012,3019226.500,36238,2,AK,1,100,35406
1715671694.172019,3019237.000,36238,2,AK,1,100,RD
1715671694.192985,3019257.000,36241,2,AK,1,100,36239
1715671694.213951,3019277.000,36241,2,AK,1,100,RD
1715671696.872393,3021813.000,37077,2,AK,1,100,37075
1715671699.530836,3024349.000,37077,2,AK,1,100,RD
1715671704.925294,3029495.000,38797,2,AK,1,100,37939
1715671710.319752,3034641.000,38797,2,AK,1,100,RD
1715671710.353297,3034673.000,38800,2,AK,1,100,38798
1715671710.386842,3034705.000,38800,2,AK,1,100,RD
1715671713.066251,3037261.000,39645,2,AK,1,100,38798
1715671715.745659,3039817.000,39645,2,AK,1,100,RD
1715671718.428737,3042376.500,40490,2,AK,1,100,39646
1715671721.111814,3044936.000,40490,2,AK,1,100,RD
1715671721.117579,3044941.500,40492,2,AK,1,100,39646
1715671721.123345,3044947.000,40492,2,AK,1,100,RD
1715671721.138545,3044961.500,40495,2,AK,1,100,40493
1715671721.153745,3044976.000,40495,2,AK,1,100,RD
1715671723.817429,3047517.000,41309,2,AK,1,100,40493
1715671726.481113,3050058.000,41309,2,AK,1,100,RD
1715671726.518852,3050094.000,41312,2,AK,1,100,41310
1715671726.556590,3050130.000,41312,2,AK,1,100,RD
1715671729.196687,3052648.500,42110,2,AK,1,100,41310
1715671731.836785,3055167.000,42110,2,AK,1,100,RD
1715671731.856703,3055186.000,42113,2,AK,1,100,42111
1715671731.876620,3055205.000,42113,2,AK,1,100,RD
1715671734.590097,3057793.500,42943,2,AK,1,100,42111
1715671737.303575,3060382.000,42943,2,AK,1,100,RD
1715671737.317203,3060395.000,42946,2,AK,1,100,42944
1715671737.330830,3060408.000,42946,2,AK,1,100,RD
1715671740.008142,3062962.000,43665,2,AK,1,100,42944
1715671742.685454,3065516.000,43665,2,AK,1,100,RD
1715671742.698033,3065528.000,43668,2,AK,1,100,43666
1715671742.710613,3065540.000,43668,2,AK,1,100,RD
1715671745.444008,3068147.500,44525,2,AK,1,100,43666
1715671748.177402,3070755.000,44525,2,AK,1,100,RD
1715671748.218285,3070794.000,44528,2,AK,1,100,44526
1715671748.259168,3070833.000,44528,2,AK,1,100,RD
1715671750.921804,3073373.000,45374,2,AK,1,100,44526
1715671753.584440,3075913.000,45374,2,AK,1,100,RD
1715671753.597544,3075925.500,45377,2,AK,1,100,45375
1715671753.610647,3075938.000,45377,2,AK,1,100,RD
1715671759.009299,3081088.000,47020,2,AK,1,100,46206
1715671764.407950,3086238.000,47020,2,AK,1,100,RD
1715671764.428391,3086257.500,47023,2,AK,1,100,47021
1715671764.448833,3086277.000,47023,2,AK,1,100,RD
1715671767.106227,3088812.000,47831,2,AK,1,100,47021
1715671769.763622,3091347.000,47831,2,AK,1,100,RD
1715671769.777774,3091360.500,47834,2,AK,1,100,47832
1715671769.791925,3091374.000,47834,2,AK,1,100,RD
1715671775.191101,3096524.500,49416,2,AK,1,100,48557
1715671780.590276,3101675.000,49416,2,AK,1,100,RD
1715671780.613339,3101697.000,49419,2,AK,1,100,49417
1715671780.636401,3101719.000,49419,2,AK,1,100,RD
1715671783.291699,3104252.000,50254,2,AK,1,100,49417
1715671785.946997,3106785.000,50254,2,AK,1,100,RD
1715671785.960100,3106797.500,50257,2,AK,1,100,50255
1715671785.973204,3106810.000,50257,2,AK,1,100,RD
1715671788.657329,3109370.500,51075,2,AK,1,100,51073
1715671791.341455,3111931.000,51075,2,AK,1,100,RD
1715671794.036063,3114501.500,51912,2,AK,1,100,51073
1715671796.730672,3117072.000,51912,2,AK,1,100,RD
1715671796.744299,3117085.000,51915,2,AK,1,100,51913
1715671796.757927,3117098.000,51915,2,AK,1,100,RD
1715671799.443625,3119660.000,52735,2,AK,1,100,52733
1715671802.129323,3122222.000,52735,2,AK,1,100,RD
1715671804.815545,3124784.500,53565,2,AK,1,100,52733
1715671807.501768,3127347.000,53565,2,AK,1,100,RD
1715671807.532168,3127376.000,53568,2,AK,1,100,53566
1715671807.562568,3127405.000,53568,2,AK,1,100,RD
1715671810.205811,3129926.500,54383,2,AK,1,100,53566
1715671812.849053,3132448.000,54383,2,AK,1,100,RD
1715671812.863205,3132461.500,54386,2,AK,1,100,54384
1715671812.877357,3132475.000,54386,2,AK,1,100,RD
1715671815.539993,3135015.000,55203,2,AK,1,100,54384
1715671818.202628,3137555.000,55203,2,AK,1,100,RD
1715671818.215732,3137567.500,55206,2,AK,1,100,55204
1715671818.228835,3137580.000,55206,2,AK,1,100,RD
1715671820.898285,3140126.500,56023,2,AK,1,100,55204
1715671823.567735,3142673.000,56023,2,AK,1,100,RD
1715671823.604949,3142708.500,56026,2,AK,1,100,56024
1715671823.642163,3142744.000,56026,2,AK,1,100,RD
1715671826.306371,3145285.500,56846,2,AK,1,100,56024
1715671828.970579,3147827.000,56846,2,AK,1,100,RD
1715671829.012511,3147867.000,56849,2,AK,1,100,56847
1715671829.054442,3147907.000,56849,2,AK,1,100,RD
1715671831.685105,3150416.500,57663,2,AK,1,100,56847
1715671834.315768,3152926.000,57663,2,AK,1,100,RD
1715671834.334637,3152944.000,57666,2,AK,1,100,57664
1715671834.353507,3152962.000,57666,2,AK,1,100,RD
1715671837.037632,3155522.500,58502,2,AK,1,100,57664
1715671839.721758,3158083.000,58502,2,AK,1,100,RD
1715671839.735385,3158096.000,58505,2,AK,1,100,58503
1715671839.749013,3158109.000,58505,2,AK,1,100,RD
1715671847.830742,3165818.500,61006,2,AK,1,100,60171
1715671855.912471,3173528.000,61006,2,AK,1,100,RD
1715671855.926622,3173541.500,61009,2,AK,1,100,61007
1715671855.940774,3173555.000,61009,2,AK,1,100,RD
1715671858.608651,3176100.000,61815,2,AK,1,100,61007
1715671861.276529,3178645.000,61815,2,AK,1,100,RD
1715671861.301163,3178668.500,61818,2,AK,1,100,61816
1715671861.325798,3178692.000,61818,2,AK,1,100,RD
1715671863.974282,3181218.500,62639,2,AK,1,100,61816
1715671866.622766,3183745.000,62639,2,AK,1,100,RD
1715671869.297981,3186297.000,63455,2,AK,1,100,62640
1715671871.973197,3188849.000,63455,2,AK,1,100,RD
1715671871.982631,3188858.000,63457,2,AK,1,100,62640
1715671871.992065,3188867.000,63457,2,AK,1,100,RD
1715671872.028231,3188901.500,63460,2,AK,1,100,63458
1715671872.064397,3188936.000,63460,2,AK,1,100,RD
1715671874.702922,3191453.000,64282,2,AK,1,100,63458
1715671877.341448,3193970.000,64282,2,AK,1,100,RD
1715671877.383379,3194010.000,64285,2,AK,1,100,64283
1715671877.425310,3194050.000,64285,2,AK,1,100,RD
1715671880.056498,3196560.000,65106,2,AK,1,100,64283
1715671882.687685,3199070.000,65106,2,AK,1,100,RD
1715671885.363424,3201622.500,393,2,AK,1,100,65107
1715671888.039164,3204175.000,393,2,AK,1,100,RD
1715671888.052791,3204188.000,396,2,AK,1,100,394
1715671888.066419,3204201.000,396,2,AK,1,100,RD
1715671890.731676,3206743.500,1236,2,AK,1,100,394
1715671893.396932,3209286.000,1236,2,AK,1,100,RD
1715671893.428905,3209316.500,1239,2,AK,1,100,1237
1715671893.460877,3209347.000,1239,2,AK,1,100,RD
1715671896.133996,3211897.000,2095,2,AK,1,100,1237
1715671898.807115,3214447.000,2095,2,AK,1,100,RD
1715671898.851142,3214489.000,2098,2,AK,1,100,2096
1715671898.895170,3214531.000,2098,2,AK,1,100,RD
1715671901.527930,3217042.500,2938,2,AK,1,100,2096
1715671904.160690,3219554.000,2938,2,AK,1,100,RD
1715671904.185324,3219577.500,2941,2,AK,1,100,2939
1715671904.209959,3219601.000,2941,2,AK,1,100,RD
1715671906.858443,3222127.500,3788,2,AK,1,100,2939
1715671909.506927,3224654.000,3788,2,AK,1,100,RD
1715671909.521603,3224668.000,3791,2,AK,1,100,3789
1715671909.536279,3224682.000,3791,2,AK,1,100,RD
1715671912.198915,3227222.000,4651,2,AK,1,100,3789
1715671914.861551,3229762.000,4651,2,AK,1,100,RD
1715671914.874654,3229774.500,4654,2,AK,1,100,4652
1715671914.887758,3229787.000,4654,2,AK,1,100,RD
1715671917.560876,3232337.000,5513,2,AK,1,100,4652
1715671920.233995,3234887.000,5513,2,AK,1,100,RD
1715671920.247623,3234900.000,5516,2,AK,1,100,5514
1715671920.261250,3234913.000,5516,2,AK,1,100,RD
1715671922.928604,3237457.500,6357,2,AK,1,100,5514
1715671925.595957,3240002.000,6357,2,AK,1,100,RD
1715671925.611157,3240016.500,6360,2,AK,1,100,6358
1715671925.626357,3240031.000,6360,2,AK,1,100,RD
1715671928.288993,3242571.000,7214,2,AK,1,100,6358
1715671930.951628,3245111.000,7214,2,AK,1,100,RD
1715671930.990939,3245148.500,7217,2,AK,1,100,7215
1715671931.030250,3245186.000,7217,2,AK,1,100,RD
1715671933.674016,3247708.000,8058,2,AK,1,100,7215
1715671936.317783,3250230.000,8058,2,AK,1,100,RD
1715671936.342418,3250253.500,8061,2,AK,1,100,8059
1715671936.367052,3250277.000,8061,2,AK,1,100,RD
1715671939.027592,3252815.000,8907,2,AK,1,100,8059
1715671941.688131,3255353.000,8907,2,AK,1,100,RD
1715671941.701235,3255365.500,8910,2,AK,1,100,8908
1715671941.714338,3255378.000,8910,2,AK,1,100,RD
1715671944.383264,3257924.000,9771,2,AK,1,100,8908
1715671947.052189,3260470.000,9771,2,AK,1,100,RD
1715671947.085734,3260502.000,9774,2,AK,1,100,9772
1715671947.119279,3260534.000,9774,2,AK,1,100,RD
1715671949.760425,3263053.500,10618,2,AK,1,100,9772
1715671952.401571,3265573.000,10618,2,AK,1,100,RD
1715671952.415199,3265586.000,10621,2,AK,1,100,10619
1715671952.428827,3265599.000,10621,2,AK,1,100,RD
1715671955.140732,3268186.000,11478,2,AK,1,100,10619
1715671957.852637,3270773.000,11478,2,AK,1,100,RD
1715671957.868361,3270788.000,11481,2,AK,1,100,11479
1715671957.884085,3270803.000,11481,2,AK,1,100,RD
1715671960.559300,3273355.000,12335,2,AK,1,100,11479
1715671963.234516,3275907.000,12335,2,AK,1,100,RD
1715671963.248143,3275920.000,12338,2,AK,1,100,12336
1715671963.261771,3275933.000,12338,2,AK,1,100,RD
1715671965.929124,3278477.500,13195,2,AK,1,100,12336
1715671968.596477,3281022.000,13195,2,AK,1,100,RD
1715671968.615346,3281040.000,13198,2,AK,1,100,13196
1715671968.634215,3281058.000,13198,2,AK,1,100,RD
1715671971.288465,3283590.000,14052,2,AK,1,100,13196
1715671973.942714,3286122.000,14052,2,AK,1,100,RD
1715671973.956342,3286135.000,14055,2,AK,1,100,14053
1715671973.969970,3286148.000,14055,2,AK,1,100,RD
1715671976.638371,3288693.500,14916,2,AK,1,100,14053
1715671979.306772,3291239.000,14916,2,AK,1,100,RD
1715671979.349752,3291280.000,14919,2,AK,1,100,14917
1715671979.392732,3291321.000,14919,2,AK,1,100,RD
1715671982.027064,3293834.000,15767,2,AK,1,100,14917
1715671984.661396,3296347.000,15767,2,AK,1,100,RD
1715671984.690748,3296375.000,15770,2,AK,1,100,15768
1715671984.720100,3296403.000,15770,2,AK,1,100,RD
1715671987.363343,3298924.500,16598,2,AK,1,100,15768
1715671990.006585,3301446.000,16598,2,AK,1,100,RD
1715671990.019689,3301458.500,16601,2,AK,1,100,16599
1715671990.032792,3301471.000,16601,2,AK,1,100,RD
1715671992.699097,3304014.500,17454,2,AK,1,100,16599
1715671995.365402,3306558.000,17454,2,AK,1,100,RD
1715671995.413623,3306604.000,17457,2,AK,1,100,17455
1715671995.461844,3306650.000,17457,2,AK,1,100,RD
1715671998.094079,3309161.000,18298,2,AK,1,100,17455
1715672000.726315,3311672.000,18298,2,AK,1,100,RD
1715672000.761433,3311705.500,18301,2,AK,1,100,18299
1715672000.796550,3311739.000,18301,2,AK,1,100,RD
1715672006.111339,3316809.000,19989,2,AK,1,100,19148
1715672011.426128,3321879.000,19989,2,AK,1,100,RD
1715672011.444473,3321896.500,19992,2,AK,1,100,19990
1715672011.462818,3321914.000,19992,2,AK,1,100,RD
1715672014.121784,3324450.500,20836,2,AK,1,100,19990
1715672016.780751,3326987.000,20836,2,AK,1,100,RD
1715672016.797524,3327003.000,20839,2,AK,1,100,20837
1715672016.814296,3327019.000,20839,2,AK,1,100,RD
1715672019.486891,3329568.500,21684,2,AK,1,100,20837
1715672022.159485,3332118.000,21684,2,AK,1,100,RD
1715672022.181499,3332139.000,21687,2,AK,1,100,21685
1715672022.203513,3332160.000,21687,2,AK,1,100,RD
1715672024.856190,3334690.500,22543,2,AK,1,100,21685
1715672027.508868,3337221.000,22543,2,AK,1,100,RD
1715672027.523019,3337234.500,22546,2,AK,1,100,22544
1715672027.537171,3337248.000,22546,2,AK,1,100,RD
1715672030.206621,3339794.500,23405,2,AK,1,100,22544
1715672032.876070,3342341.000,23405,2,AK,1,100,RD
1715672032.889698,3342354.000,23408,2,AK,1,100,23406
1715672032.903326,3342367.000,23408,2,AK,1,100,RD
1715672035.563865,3344905.000,24261,2,AK,1,100,23406
1715672038.224404,3347443.000,24261,2,AK,1,100,RD
1715672038.237508,3347455.500,24264,2,AK,1,100,24262
1715672038.250611,3347468.000,24264,2,AK,1,100,RD
1715672040.919537,3350014.000,25124,2,AK,1,100,24262
1715672043.588462,3352560.000,25124,2,AK,1,100,RD
1715672046.283071,3355130.500,25967,2,AK,1,100,25125
1715672048.977679,3357701.000,25967,2,AK,1,100,RD
1715672048.991831,3357714.500,25970,2,AK,1,100,25968
1715672049.005983,3357728.000,25970,2,AK,1,100,RD
1715672051.696398,3360294.500,26812,2,AK,1,100,25968
1715672054.386813,3362861.000,26812,2,AK,1,100,RD
1715672054.428745,3362901.000,26815,2,AK,1,100,26813
1715672054.470676,3362941.000,26815,2,AK,1,100,RD
1715672057.105532,3365454.500,27660,2,AK,1,100,26813
1715672059.740389,3367968.000,27660,2,AK,1,100,RD
1715672059.767644,3367994.000,27663,2,AK,1,100,27661
1715672059.794899,3368020.000,27663,2,AK,1,100,RD
1715672062.463825,3370566.000,28524,2,AK,1,100,27661
1715672065.132751,3373112.000,28524,2,AK,1,100,RD
1715672065.146378,3373125.000,28527,2,AK,1,100,28525
1715672065.160006,3373138.000,28527,2,AK,1,100,RD
1715672067.828407,3375683.500,29383,2,AK,1,100,28525
1715672070.496809,3378229.000,29383,2,AK,1,100,RD
1715672070.526160,3378257.000,29386,2,AK,1,100,29384
1715672070.555512,3378285.000,29386,2,AK,1,100,RD
1715672073.205045,3380812.500,30245,2,AK,1,100,29384
1715672075.854577,3383340.000,30245,2,AK,1,100,RD
1715672075.870825,3383355.500,30248,2,AK,1,100,30246
1715672075.887074,3383371.000,30248,2,AK,1,100,RD
1715672078.547613,3385909.000,31091,2,AK,1,100,30246
1715672081.208152,3388447.000,31091,2,AK,1,100,RD
1715672081.222304,3388460.500,31094,2,AK,1,100,31092
1715672081.236456,3388474.000,31094,2,AK,1,100,RD
1715672083.899092,3391014.000,31956,2,AK,1,100,31092
1715672086.561728,3393554.000,31956,2,AK,1,100,RD
1715672086.578500,3393570.000,31959,2,AK,1,100,31957
1715672086.595273,3393586.000,31959,2,AK,1,100,RD
1715672089.260529,3396128.500,32818,2,AK,1,100,31957
1715672091.925786,3398671.000,32818,2,AK,1,100,RD
1715672094.619346,3401240.500,33657,2,AK,1,100,32819
1715672097.312906,3403810.000,33657,2,AK,1,100,RD
1715672097.327058,3403823.500,33660,2,AK,1,100,33658
1715672097.341210,3403837.000,33660,2,AK,1,100,RD
1715672100.041059,3406412.500,34519,2,AK,1,100,33658
1715672102.740909,3408988.000,34519,2,AK,1,100,RD
1715672102.757158,3409003.500,34522,2,AK,1,100,34520
1715672102.773406,3409019.000,34522,2,AK,1,100,RD
1715672105.437090,3411560.000,35365,2,AK,1,100,34520
1715672108.100774,3414101.000,35365,2,AK,1,100,RD
1715672108.115974,3414115.500,35368,2,AK,1,100,35366
1715672108.131175,3414130.000,35368,2,AK,1,100,RD
1715672110.801672,3416677.500,36193,2,AK,1,100,35366
1715672113.472170,3419225.000,36193,2,AK,1,100,RD
1715672113.515674,3419266.500,36196,2,AK,1,100,36194
1715672113.559178,3419308.000,36196,2,AK,1,100,RD
1715672116.218145,3421844.500,37002,2,AK,1,100,36194
1715672118.877111,3424381.000,37002,2,AK,1,100,RD
1715672118.890215,3424393.500,37005,2,AK,1,100,37003
1715672118.903318,3424406.000,37005,2,AK,1,100,RD
1715672121.560189,3426940.500,37808,2,AK,1,100,37003
1715672124.217059,3429475.000,37808,2,AK,1,100,RD
1715672124.232783,3429490.000,37811,2,AK,1,100,37809
1715672124.248507,3429505.000,37811,2,AK,1,100,RD
1715672126.919530,3432053.000,38528,2,AK,1,100,38526
1715672129.590552,3434601.000,38528,2,AK,1,100,RD
1715672132.264719,3437152.000,39373,2,AK,1,100,38526
1715672134.938886,3439703.000,39373,2,AK,1,100,RD
1715672137.616197,3442257.000,40216,2,AK,1,100,39374
1715672140.293509,3444811.000,40216,2,AK,1,100,RD
1715672140.305564,3444822.500,40219,2,AK,1,100,40217
1715672140.317620,3444834.000,40219,2,AK,1,100,RD
1715672143.022711,3447414.500,41044,2,AK,1,100,40217
1715672145.727802,3449995.000,41044,2,AK,1,100,RD
1715672145.743002,3450009.500,41047,2,AK,1,100,41045
1715672145.758202,3450024.000,41047,2,AK,1,100,RD
1715672148.426604,3452569.500,41844,2,AK,1,100,41045
1715672151.095005,3455115.000,41844,2,AK,1,100,RD
1715672151.109157,3455128.500,41847,2,AK,1,100,41845
1715672151.123309,3455142.000,41847,2,AK,1,100,RD
1715672153.791186,3457687.000,42658,2,AK,1,100,41845
1715672156.459063,3460232.000,42658,2,AK,1,100,RD
1715672156.474787,3460247.000,42661,2,AK,1,100,42659
1715672156.490512,3460262.000,42661,2,AK,1,100,RD
1715672159.155244,3462804.000,43379,2,AK,1,100,42659
1715672161.819977,3465346.000,43379,2,AK,1,100,RD
1715672161.833604,3465359.000,43382,2,AK,1,100,43380
1715672161.847232,3465372.000,43382,2,AK,1,100,RD
1715672164.510916,3467913.000,44229,2,AK,1,100,43380
1715672167.174600,3470454.000,44229,2,AK,1,100,RD
1715672169.850339,3473006.500,45072,2,AK,1,100,44230
1715672172.526079,3475559.000,45072,2,AK,1,100,RD
1715672172.532892,3475565.500,45074,2,AK,1,100,44230
1715672172.539706,3475572.000,45074,2,AK,1,100,RD
1715672172.579541,3475610.000,45077,2,AK,1,100,45075
1715672172.619376,3475648.000,45077,2,AK,1,100,RD
1715672175.303501,3478208.500,45916,2,AK,1,100,45075
1715672177.987627,3480769.000,45916,2,AK,1,100,RD
1715672178.021172,3480801.000,45919,2,AK,1,100,45917
1715672178.054717,3480833.000,45919,2,AK,1,100,RD
1715672180.718925,3483374.500,46765,2,AK,1,100,46763
1715672183.383134,3485916.000,46765,2,AK,1,100,RD
1715672186.077742,3488486.500,47626,2,AK,1,100,46763
1715672188.772351,3491057.000,47626,2,AK,1,100,RD
1715672191.454380,3493615.500,48470,2,AK,1,100,48468
1715672194.136409,3496174.000,48470,2,AK,1,100,RD
1715672196.807431,3498722.000,49315,2,AK,1,100,48468
1715672199.478453,3501270.000,49315,2,AK,1,100,RD
1715672199.515143,3501305.000,49318,2,AK,1,100,49316
1715672199.551832,3501340.000,49318,2,AK,1,100,RD
1715672202.195075,3503861.500,50162,2,AK,1,100,49316
1715672204.838318,3506383.000,50162,2,AK,1,100,RD
1715672204.860332,3506404.000,50165,2,AK,1,100,50163
1715672204.882346,3506425.000,50165,2,AK,1,100,RD
1715672207.560182,3508979.500,50996,2,AK,1,100,50163
1715672210.238017,3511534.000,50996,2,AK,1,100,RD
1715672210.276280,3511570.500,50999,2,AK,1,100,50997
1715672210.314542,3511607.000,50999,2,AK,1,100,RD
1715672212.963550,3514134.000,51842,2,AK,1,100,50997
1715672215.612558,3516661.000,51842,2,AK,1,100,RD
1715672218.296684,3519221.500,52687,2,AK,1,100,51843
1715672220.980810,3521782.000,52687,2,AK,1,100,RD
1715672220.994962,3521795.500,52690,2,AK,1,100,52688
1715672221.009113,3521809.000,52690,2,AK,1,100,RD
1715672223.687997,3524364.500,53538,2,AK,1,100,52688
1715672226.366882,3526920.000,53538,2,AK,1,100,RD
1715672231.756623,3532061.500,55245,2,AK,1,100,54387
1715672237.146364,3537203.000,55245,2,AK,1,100,RD
1715672237.159991,3537216.000,55248,2,AK,1,100,55246
1715672237.173619,3537229.000,55248,2,AK,1,100,RD
1715672239.870324,3539801.500,56091,2,AK,1,100,56089
1715672242.567029,3542374.000,56091,2,AK,1,100,RD
1715672245.252203,3544935.500,56944,2,AK,1,100,56089
1715672247.937377,3547497.000,56944,2,AK,1,100,RD
1715672247.954673,3547513.500,56947,2,AK,1,100,56945
1715672247.971970,3547530.000,56947,2,AK,1,100,RD
1715672250.639323,3550074.500,57791,2,AK,1,100,56945
1715672253.306676,3552619.000,57791,2,AK,1,100,RD
1715672253.320304,3552632.000,57794,2,AK,1,100,57792
1715672253.333932,3552645.000,57794,2,AK,1,100,RD
1715672256.003381,3555191.500,58639,2,AK,1,100,58637
1715672258.672831,3557738.000,58639,2,AK,1,100,RD
1715672261.349094,3560291.000,59477,2,AK,1,100,58637
1715672264.025358,3562844.000,59477,2,AK,1,100,RD
1715672264.046324,3562864.000,59480,2,AK,1,100,59478
1715672264.067289,3562884.000,59480,2,AK,1,100,RD
1715672266.725208,3565419.500,60305,2,AK,1,100,59478
1715672269.383126,3567955.000,60305,2,AK,1,100,RD
1715672269.398326,3567969.500,60308,2,AK,1,100,60306
1715672269.413527,3567984.000,60308,2,AK,1,100,RD
1715672272.073018,3570521.000,61133,2,AK,1,100,60306
1715672274.732508,3573058.000,61133,2,AK,1,100,RD
1715672274.773391,3573097.000,61136,2,AK,1,100,61134
1715672274.814275,3573136.000,61136,2,AK,1,100,RD
1715672277.450179,3575650.500,61972,2,AK,1,100,61134
1715672280.086084,3578165.000,61972,2,AK,1,100,RD
1715672280.099711,3578178.000,61975,2,AK,1,100,61973
1715672280.113339,3578191.000,61975,2,AK,1,100,RD
1715672282.787506,3580742.000,62823,2,AK,1,100,61973
1715672285.461673,3583293.000,62823,2,AK,1,100,RD
1715672285.474777,3583305.500,62826,2,AK,1,100,62824
1715672285.487880,3583318.000,62826,2,AK,1,100,RD
1715672288.159426,3585866.500,63668,2,AK,1,100,63666
1715672290.830972,3588415.000,63668,2,AK,1,100,RD
1715672293.499898,3590961.000,64511,2,AK,1,100,63666
1715672296.168823,3593507.000,64511,2,AK,1,100,RD
1715672296.182975,3593520.500,64514,2,AK,1,100,64512
1715672296.197127,3593534.000,64514,2,AK,1,100,RD
1715672298.861860,3596076.000,65359,2,AK,1,100,64512
1715672301.526592,3598618.000,65359,2,AK,1,100,RD
1715672301.541792,3598632.500,65362,2,AK,1,100,65360
1715672301.556992,3598647.000,65362,2,AK,1,100,RD
1715672304.234828,3601201.500,669,2,AK,1,100,65360
1715672306.912664,3603756.000,669,2,AK,1,100,RD
1715672306.926816,3603769.500,672,2,AK,1,100,670
1715672306.940968,3603783.000,672,2,AK,1,100,RD
1715672309.605700,3606325.000,1528,2,AK,1,100,670
1715672312.270432,3608867.000,1528,2,AK,1,100,RD
1715672312.284584,3608880.500,1531,2,AK,1,100,1529
1715672312.298736,3608894.000,1531,2,AK,1,100,RD
1715672314.967137,3611439.500,2389,2,AK,1,100,1529
1715672317.635539,3613985.000,2389,2,AK,1,100,RD
1715672317.681139,3614028.500,2392,2,AK,1,100,2390
1715672317.726739,3614072.000,2392,2,AK,1,100,RD
1715672320.363168,3616587.000,3235,2,AK,1,100,3233
1715672322.999597,3619102.000,3235,2,AK,1,100,RD
1715672325.667998,3621647.500,4094,2,AK,1,100,3233
1715672328.336400,3624193.000,4094,2,AK,1,100,RD
1715672328.352648,3624208.500,4097,2,AK,1,100,4095
1715672328.368896,3624224.000,4097,2,AK,1,100,RD
1715672331.044636,3626776.500,4952,2,AK,1,100,4095
1715672333.720375,3629329.000,4952,2,AK,1,100,RD
1715672333.735051,3629343.000,4955,2,AK,1,100,4953
1715672333.749727,3629357.000,4955,2,AK,1,100,RD
1715672336.418128,3631902.500,5800,2,AK,1,100,4953
1715672339.086530,3634448.000,5800,2,AK,1,100,RD
1715672339.099633,3634460.500,5803,2,AK,1,100,5801
1715672339.112737,3634473.000,5803,2,AK,1,100,RD
1715672341.780614,3637018.000,6659,2,AK,1,100,5801
1715672344.448491,3639563.000,6659,2,AK,1,100,RD
1715672344.465788,3639579.500,6662,2,AK,1,100,6660
1715672344.483085,3639596.000,6662,2,AK,1,100,RD
1715672347.168783,3642158.000,7532,2,AK,1,100,6660
1715672349.854481,3644720.000,7532,2,AK,1,100,RD
1715672349.874398,3644739.000,7535,2,AK,1,100,7533
1715672349.894315,3644758.000,7535,2,AK,1,100,RD
1715672352.550662,3647292.000,8397,2,AK,1,100,7533
1715672355.207008,3649826.000,8397,2,AK,1,100,RD
1715672355.220635,3649839.000,8400,2,AK,1,100,8398
1715672355.234263,3649852.000,8400,2,AK,1,100,RD
1715672357.897423,3652392.500,9253,2,AK,1,100,8398
1715672360.560583,3654933.000,9253,2,AK,1,100,RD
1715672360.574211,3654946.000,9256,2,AK,1,100,9254
1715672360.587838,3654959.000,9256,2,AK,1,100,RD
1715672363.256764,3657505.000,10110,2,AK,1,100,9254
1715672365.925689,3660051.000,10110,2,AK,1,100,RD
1715672368.630256,3662631.000,10930,2,AK,1,100,10111
1715672371.334824,3665211.000,10930,2,AK,1,100,RD
1715672371.359982,3665235.000,10933,2,AK,1,100,10931
1715672371.385141,3665259.000,10933,2,AK,1,100,RD
1715672374.055639,3667806.500,11789,2,AK,1,100,10931
1715672376.726137,3670354.000,11789,2,AK,1,100,RD
1715672376.739765,3670367.000,11792,2,AK,1,100,11790
1715672376.753392,3670380.000,11792,2,AK,1,100,RD
1715672379.416552,3672920.500,12642,2,AK,1,100,11790
1715672382.079712,3675461.000,12642,2,AK,1,100,RD
1715672382.093340,3675474.000,12645,2,AK,1,100,12643
1715672382.106968,3675487.000,12645,2,AK,1,100,RD
1715672384.774321,3678031.500,13505,2,AK,1,100,12643
1715672387.441674,3680576.000,13505,2,AK,1,100,RD
1715672387.456874,3680590.500,13508,2,AK,1,100,13506
1715672387.472074,3680605.000,13508,2,AK,1,100,RD
1715672390.130517,3683141.000,14368,2,AK,1,100,13506
1715672392.788960,3685677.000,14368,2,AK,1,100,RD
1715672392.802587,3685690.000,14371,2,AK,1,100,14369
1715672392.816215,3685703.000,14371,2,AK,1,100,RD
1715672395.488285,3688252.000,15229,2,AK,1,100,14369
1715672398.160356,3690801.000,15229,2,AK,1,100,RD
1715672398.173983,3690814.000,15232,2,AK,1,100,15230
1715672398.187611,3690827.000,15232,2,AK,1,100,RD
1715672400.856536,3693373.000,16075,2,AK,1,100,15230
1715672403.525462,3695919.000,16075,2,AK,1,100,RD
1715672403.539090,3695932.000,16078,2,AK,1,100,16076
1715672403.552717,3695945.000,16078,2,AK,1,100,RD
1715672406.211160,3698481.000,16931,2,AK,1,100,16076
1715672408.869603,3701017.000,16931,2,AK,1,100,RD
1715672408.884279,3701031.000,16934,2,AK,1,100,16932
1715672408.898955,3701045.000,16934,2,AK,1,100,RD
1715672411.571025,3703594.000,17790,2,AK,1,100,16932
1715672414.243095,3706143.000,17790,2,AK,1,100,RD
1715672414.256199,3706155.500,17793,2,AK,1,100,17791
1715672414.269302,3706168.000,17793,2,AK,1,100,RD
1715672416.964959,3708739.500,18651,2,AK,1,100,17791
1715672419.660616,3711311.000,18651,2,AK,1,100,RD
1715672419.697830,3711346.500,18654,2,AK,1,100,18652
1715672419.735044,3711382.000,18654,2,AK,1,100,RD
1715672422.406590,3713930.500,19507,2,AK,1,100,18652
1715672425.078136,3716479.000,19507,2,AK,1,100,RD
1715672425.092812,3716493.000,19510,2,AK,1,100,19508
1715672425.107488,3716507.000,19510,2,AK,1,100,RD
1715672427.771172,3719048.000,20375,2,AK,1,100,19508
1715672430.434856,3721589.000,20375,2,AK,1,100,RD
1715672430.450581,3721604.000,20378,2,AK,1,100,20376
1715672430.466305,3721619.000,20378,2,AK,1,100,RD
1715672433.160913,3724189.500,21226,2,AK,1,100,20376
1715672435.855522,3726760.000,21226,2,AK,1,100,RD
1715672435.883825,3726787.000,21229,2,AK,1,100,21227
1715672435.912129,3726814.000,21229,2,AK,1,100,RD
1715672438.566903,3729346.500,22082,2,AK,1,100,21227
1715672441.221676,3731879.000,22082,2,AK,1,100,RD
1715672441.235304,3731892.000,22085,2,AK,1,100,22083
1715672441.248932,3731905.000,22085,2,AK,1,100,RD
1715672443.911567,3734445.000,22938,2,AK,1,100,22083
1715672446.574203,3736985.000,22938,2,AK,1,100,RD
1715672446.587307,3736997.500,22941,2,AK,1,100,22939
1715672446.600410,3737010.000,22941,2,AK,1,100,RD
1715672449.282964,3739569.000,23797,2,AK,1,100,22939
1715672451.965517,3742128.000,23797,2,AK,1,100,RD
1715672451.982814,3742144.500,23800,2,AK,1,100,23798
1715672452.000110,3742161.000,23800,2,AK,1,100,RD
1715672454.670608,3744708.500,24657,2,AK,1,100,23798
1715672457.341106,3747256.000,24657,2,AK,1,100,RD
1715672457.354734,3747269.000,24660,2,AK,1,100,24658
1715672457.368361,3747282.000,24660,2,AK,1,100,RD
1715672460.049342,3749839.500,25526,2,AK,1,100,24658
1715672462.730323,3752397.000,25526,2,AK,1,100,RD
1715672462.744475,3752410.500,25529,2,AK,1,100,25527
1715672462.758626,3752424.000,25529,2,AK,1,100,RD
1715672465.432793,3754975.000,26369,2,AK,1,100,25527
1715672468.106960,3757526.000,26369,2,AK,1,100,RD
1715672468.141554,3757559.000,26372,2,AK,1,100,26370
1715672468.176147,3757592.000,26372,2,AK,1,100,RD
1715672473.491984,3762663.000,28048,2,AK,1,100,27210
1715672478.807821,3767734.000,28048,2,AK,1,100,RD
1715672478.820925,3767746.500,28051,2,AK,1,100,28049
1715672478.834028,3767759.000,28051,2,AK,1,100,RD
1715672481.507671,3770309.500,28911,2,AK,1,100,28049
1715672484.181314,3772860.000,28911,2,AK,1,100,RD
1715672484.195990,3772874.000,28914,2,AK,1,100,28912
1715672484.210666,3772888.000,28914,2,AK,1,100,RD
1715672486.881688,3775436.000,29776,2,AK,1,100,28912
1715672489.552710,3777984.000,29776,2,AK,1,100,RD
1715672489.566862,3777997.500,29779,2,AK,1,100,29777
1715672489.581014,3778011.000,29779,2,AK,1,100,RD
1715672492.247843,3780555.000,30616,2,AK,1,100,29777
1715672494.914671,3783099.000,30616,2,AK,1,100,RD
1715672494.949789,3783132.500,30619,2,AK,1,100,30617
1715672494.984906,3783166.000,30619,2,AK,1,100,RD
1715672497.677943,3785735.000,31450,2,AK,1,100,30617
1715672500.370978,3788304.000,31450,2,AK,1,100,RD
1715672500.385654,3788318.000,31453,2,AK,1,100,31451
1715672500.400330,3788332.000,31453,2,AK,1,100,RD
1715672503.066111,3790875.000,32298,2,AK,1,100,31451
1715672505.731892,3793418.000,32298,2,AK,1,100,RD
1715672505.747616,3793433.000,32301,2,AK,1,100,32299
1715672505.763340,3793448.000,32301,2,AK,1,100,RD
1715672508.425452,3795987.500,33030,2,AK,1,100,32299
1715672511.087564,3798527.000,33030,2,AK,1,100,RD
1715672511.101715,3798540.500,33033,2,AK,1,100,33031
1715672511.115867,3798554.000,33033,2,AK,1,100,RD
1715672513.785317,3801100.500,33870,2,AK,1,100,33031
1715672516.454767,3803647.000,33870,2,AK,1,100,RD
1715672516.477829,3803669.000,33873,2,AK,1,100,33871
1715672516.500891,3803691.000,33873,2,AK,1,100,RD
1715672519.161954,3806229.500,34712,2,AK,1,100,33871
1715672521.823018,3808768.000,34712,2,AK,1,100,RD
1715672521.837169,3808781.500,34715,2,AK,1,100,34713
1715672521.851321,3808795.000,34715,2,AK,1,100,RD
1715672524.549075,3811368.500,35541,2,AK,1,100,35539
1715672527.246828,3813942.000,35541,2,AK,1,100,RD
1715672529.905271,3816478.000,36350,2,AK,1,100,35539
1715672532.563713,3819014.000,36350,2,AK,1,100,RD
1715672532.579437,3819029.000,36353,2,AK,1,100,36351
1715672532.595162,3819044.000,36353,2,AK,1,100,RD
1715672535.267232,3821593.000,37166,2,AK,1,100,36351
1715672537.939302,3824142.000,37166,2,AK,1,100,RD
1715672537.985427,3824186.000,37169,2,AK,1,100,37167
1715672538.031551,3824230.000,37169,2,AK,1,100,RD
1715672540.661690,3826739.000,37885,2,AK,1,100,37167
1715672543.291830,3829248.000,37885,2,AK,1,100,RD
1715672543.310174,3829265.500,37888,2,AK,1,100,37886
1715672543.328519,3829283.000,37888,2,AK,1,100,RD
1715672545.995348,3831827.000,38734,2,AK,1,100,37886
1715672548.662177,3834371.000,38734,2,AK,1,100,RD
1715672548.675281,3834383.500,38737,2,AK,1,100,38735
1715672548.688384,3834396.000,38737,2,AK,1,100,RD
1715672551.352593,3836937.500,39576,2,AK,1,100,38735
1715672554.016801,3839479.000,39576,2,AK,1,100,RD
1715672554.029904,3839491.500,39579,2,AK,1,100,39577
1715672554.043008,3839504.000,39579,2,AK,1,100,RD
1715672556.709837,3842048.000,40411,2,AK,1,100,39577
1715672559.376666,3844592.000,40411,2,AK,1,100,RD
1715672559.391342,3844606.000,40414,2,AK,1,100,40412
1715672559.406018,3844620.000,40414,2,AK,1,100,RD
1715672562.065509,3847157.000,41245,2,AK,1,100,40412
1715672564.725000,3849694.000,41245,2,AK,1,100,RD
1715672564.739151,3849707.500,41248,2,AK,1,100,41246
1715672564.753303,3849721.000,41248,2,AK,1,100,RD
1715672570.134658,3854854.500,42953,2,AK,1,100,42104
1715672575.516013,3859988.000,42953,2,AK,1,100,RD
1715672575.530689,3860002.000,42956,2,AK,1,100,42954
1715672575.545365,3860016.000,42956,2,AK,1,100,RD
1715672580.890554,3865115.000,44641,2,AK,1,100,43798
1715672586.235743,3870214.000,44641,2,AK,1,100,RD
1715672586.249371,3870227.000,44644,2,AK,1,100,44642
1715672586.262998,3870240.000,44644,2,AK,1,100,RD
1715672588.920917,3872775.500,45477,2,AK,1,100,44642
1715672591.578835,3875311.000,45477,2,AK,1,100,RD
1715672591.595608,3875327.000,45480,2,AK,1,100,45478
1715672591.612380,3875343.000,45480,2,AK,1,100,RD
1715672594.307513,3877914.000,46317,2,AK,1,100,45478
1715672597.002645,3880485.000,46317,2,AK,1,100,RD
1715672597.016797,3880498.500,46320,2,AK,1,100,46318
1715672597.030949,3880512.000,46320,2,AK,1,100,RD
1715672599.702495,3883060.500,47160,2,AK,1,100,47158
1715672602.374042,3885609.000,47160,2,AK,1,100,RD
1715672605.043491,3888155.500,47999,2,AK,1,100,47158
1715672607.712941,3890702.000,47999,2,AK,1,100,RD
1715672607.748058,3890735.500,48002,2,AK,1,100,48000
1715672607.783176,3890769.000,48002,2,AK,1,100,RD
