LocalTimestamp,EmotiBitTimestamp,PacketNumber,DataLength,TypeTag,ProtocolVersion,DataReliability,HR
1715670597.653505,1973222,60559,1,HR,1,100,53
1715670598.726946,1974246,60727,1,HR,1,100,54
1715670599.720717,1975194,60878,1,HR,1,100,56
1715670600.636915,1976068,61028,1,HR,1,100,58
1715670601.633831,1977019,61178,1,HR,1,100,58
1715670604.831091,1980069,61666,1,HR,1,100,50
1715670606.818633,1981965,61979,1,HR,1,100,45
1715670608.596519,1983661,62246,1,HR,1,100,43
1715670609.396358,1984424,62352,1,HR,1,100,50
1715670610.296832,1985283,62484,1,HR,1,100,54
1715670611.298990,1986239,62635,1,HR,1,100,55
1715670612.256071,1987152,62785,1,HR,1,100,57
1715670613.320077,1988167,62936,1,HR,1,100,57
1715670614.375697,1989174,63104,1,HR,1,100,57
1715670615.379951,1990132,63255,1,HR,1,100,58
1715670616.467019,1991169,63438,1,HR,1,100,57
1715670617.382169,1992042,63570,1,HR,1,100,59
1715670618.497541,1993106,63754,1,HR,1,100,58
1715670619.452526,1994017,63905,1,HR,1,100,59
1715670620.523870,1995039,64072,1,HR,1,100,59
1715670621.637145,1996101,64237,1,HR,1,100,58
1715670622.661316,1997078,64388,1,HR,1,100,58
1715670623.649846,1998021,64556,1,HR,1,100,59
1715670624.692886,1999016,64628,1,HR,1,100,58
1715670625.702382,1999979,64779,1,HR,1,100,59
1715670626.578745,2000815,64928,1,HR,1,100,61
1715670627.738145,2001921,65094,1,HR,1,100,59
1715670628.698371,2002837,65263,1,HR,1,100,60
1715670629.412251,2003518,65364,1,HR,1,100,66
1715670630.379815,2004441,65513,1,HR,1,100,65
1715670631.380924,2005396,144,1,HR,1,100,64
1715670632.572821,2006533,326,1,HR,1,100,61
1715670633.858015,2007759,526,1,HR,1,100,58
1715670635.774274,2009587,824,1,HR,1,100,52
1715670636.859245,2010622,990,1,HR,1,100,53
1715670637.853017,2011570,1155,1,HR,1,100,54
1715670638.727283,2012404,1292,1,HR,1,100,58
1715670639.705331,2013337,1441,1,HR,1,100,59
1715670640.606853,2014197,1590,1,HR,1,100,60
1715670640.887792,2014465,1626,1,HR,1,100,96
1715670642.524160,2016026,1890,1,HR,1,100,83
1715670643.174095,2016646,1990,1,HR,1,100,85
1715670643.767423,2017212,2079,1,HR,1,100,89
1715670646.064208,2019403,2441,1,HR,1,100,75
1715670647.017096,2020312,2590,1,HR,1,100,72
1715670649.991072,2023149,3055,1,HR,1,100,61
1715670650.883160,2024000,3187,1,HR,1,100,62
1715670651.243768,2024344,3239,1,HR,1,100,85
1715670652.522672,2025564,3438,1,HR,1,100,77
1715670653.905356,2026883,3654,1,HR,1,100,70
1715670654.745030,2027684,3789,1,HR,1,100,70
1715670655.713642,2028608,3938,1,HR,1,100,68
1715670656.938035,2029776,4137,1,HR,1,100,64
1715670658.575452,2031338,4385,1,HR,1,100,58
1715670659.577609,2032294,4552,1,HR,1,100,59
1715670660.572428,2033243,4704,1,HR,1,100,59
1715670661.603938,2034227,4870,1,HR,1,100,59
1715670662.617626,2035194,5036,1,HR,1,100,59
1715670663.699453,2036226,5204,1,HR,1,100,58
1715670664.734107,2037213,5369,1,HR,1,100,58
1715670665.786582,2038217,5536,1,HR,1,100,58
1715670666.800271,2039184,5686,1,HR,1,100,58
1715670667.810815,2040148,5852,1,HR,1,100,59
1715670668.765799,2041059,5987,1,HR,1,100,60
1715670669.785778,2042032,6153,1,HR,1,100,59
1715670670.529009,2042741,6271,1,HR,1,100,64
1715670671.257565,2043436,6386,1,HR,1,100,69
1715670672.236660,2044370,6536,1,HR,1,100,67
1715670673.322680,2045406,6702,1,HR,1,100,64
1715670674.469501,2046500,6887,1,HR,1,100,62
1715670675.521976,2047504,7053,1,HR,1,100,61
1715670676.479057,2048417,7203,1,HR,1,100,61
1715670677.613298,2049499,7370,1,HR,1,100,60
1715670678.712945,2050548,7554,1,HR,1,100,58
1715670679.768565,2051555,7720,1,HR,1,100,58
1715670680.913289,2052647,7886,1,HR,1,100,57
1715670681.989875,2053674,8069,1,HR,1,100,57
1715670683.072750,2054707,8235,1,HR,1,100,57
1715670684.201749,2055784,8403,1,HR,1,100,56
1715670685.264707,2056798,8569,1,HR,1,100,56
1715670686.311940,2057797,8736,1,HR,1,100,56
1715670687.450375,2058883,8918,1,HR,1,100,56
1715670688.491318,2059876,9068,1,HR,1,100,56
1715670689.652815,2060984,9253,1,HR,1,100,55
1715670690.743028,2062024,9436,1,HR,1,100,55
1715670691.781875,2063015,9585,1,HR,1,100,56
1715670692.892005,2064074,9769,1,HR,1,100,55
1715670693.976977,2065109,9937,1,HR,1,100,55
1715670694.994859,2066080,10103,1,HR,1,100,56
1715670696.158452,2067190,10269,1,HR,1,100,55
1715670697.286403,2068266,10452,1,HR,1,100,55
1715670698.262353,2069197,10601,1,HR,1,100,56
1715670699.371435,2070255,10786,1,HR,1,100,56
1715670700.414476,2071250,10936,1,HR,1,100,56
1715670701.334867,2072128,11085,1,HR,1,100,59
1715670702.398873,2073143,11251,1,HR,1,100,58
1715670703.470217,2074165,11417,1,HR,1,100,58
1715670704.324567,2074980,11554,1,HR,1,100,61
1715670705.238669,2075852,11704,1,HR,1,100,62
1715670706.344606,2076907,11870,1,HR,1,100,60
1715670707.517633,2078026,12052,1,HR,1,100,58
1715670708.517694,2078980,12221,1,HR,1,100,59
1715670709.507272,2079924,12370,1,HR,1,100,59
1715670710.612161,2080978,12537,1,HR,1,100,58
1715670711.706568,2082022,12702,1,HR,1,100,57
1715670712.709774,2082979,12868,1,HR,1,100,58
1715670713.760152,2083981,13019,1,HR,1,100,58
1715670714.889151,2085058,13203,1,HR,1,100,57
1715670715.890260,2086013,13369,1,HR,1,100,58
1715670717.050709,2087120,13535,1,HR,1,100,56
1715670718.113666,2088134,13701,1,HR,1,100,56
1715670719.182914,2089154,13886,1,HR,1,100,56
1715670720.322396,2090241,14052,1,HR,1,100,56
1715670721.488086,2091353,14235,1,HR,1,100,55
1715670722.695706,2092505,14416,1,HR,1,100,54
1715670723.844623,2093601,14601,1,HR,1,100,53
1715670724.909677,2094617,14768,1,HR,1,100,54
1715670726.056498,2095711,14950,1,HR,1,100,54
1715670727.153000,2096757,15116,1,HR,1,100,54
1715670728.263131,2097816,15300,1,HR,1,100,54
1715670729.413096,2098913,15482,1,HR,1,100,54
1715670730.465571,2099917,15648,1,HR,1,100,55
1715670731.572556,2100973,15815,1,HR,1,100,55
1715670732.701556,2102050,15998,1,HR,1,100,54
1715670733.710003,2103012,16149,1,HR,1,100,56
1715670734.859968,2104109,16333,1,HR,1,100,55
1715670735.970099,2105168,16499,1,HR,1,100,55
1715670737.045636,2106194,16665,1,HR,1,100,55
1715670738.158911,2107256,16847,1,HR,1,100,55
1715670739.303635,2108348,17033,1,HR,1,100,54
1715670740.333048,2109330,17182,1,HR,1,100,55
1715670741.416971,2110364,17365,1,HR,1,100,55
1715670742.567985,2111462,17546,1,HR,1,100,55
1715670743.611025,2112457,17714,1,HR,1,100,55
1715670744.697045,2113493,17866,1,HR,1,100,55
1715670745.892086,2114633,18050,1,HR,1,100,54
1715670746.944561,2115637,18216,1,HR,1,100,55
1715670748.084044,2116724,18398,1,HR,1,100,54
1715670749.257071,2117843,18582,1,HR,1,100,54
1715670750.265518,2118805,18733,1,HR,1,100,55
1715670751.427014,2119913,18914,1,HR,1,100,54
1715670752.514083,2120950,19080,1,HR,1,100,55
1715670753.605344,2121991,19253,1,HR,1,100,55
1715670754.727005,2123061,19426,1,HR,1,100,55
1715670755.841329,2124124,19600,1,HR,1,100,55
1715670756.915818,2125149,19772,1,HR,1,100,55
1715670758.047962,2126229,19963,1,HR,1,100,54
1715670759.092051,2127225,20117,1,HR,1,100,55
1715670760.157105,2128241,20292,1,HR,1,100,55
1715670761.271429,2129304,20479,1,HR,1,100,55
1715670762.379463,2130361,20651,1,HR,1,100,55
1715670763.468628,2131400,20830,1,HR,1,100,55
1715670764.641655,2132519,21019,1,HR,1,100,54
1715670765.731868,2133559,21188,1,HR,1,100,55
1715670766.896509,2134670,21378,1,HR,1,100,54
1715670768.013978,2135736,21566,1,HR,1,100,54
1715670769.062259,2136736,21725,1,HR,1,100,55
1715670770.189162,2137811,21898,1,HR,1,100,55
1715670771.307679,2138878,22086,1,HR,1,100,54
1715670772.373782,2139895,22258,1,HR,1,100,55
1715670773.504878,2140974,22430,1,HR,1,100,54
1715670774.589850,2142009,22609,1,HR,1,100,55
1715670775.691594,2143060,22778,1,HR,1,100,55
1715670776.840511,2144156,22953,1,HR,1,100,54
1715670777.880406,2145148,23106,1,HR,1,100,55
1715670778.973764,2146191,23296,1,HR,1,100,55
1715670780.112198,2147277,23474,1,HR,1,100,55
1715670781.156287,2148273,23643,1,HR,1,100,55
1715670782.247548,2149314,23815,1,HR,1,100,55
1715670783.372355,2150387,23987,1,HR,1,100,55
1715670784.419588,2151386,24161,1,HR,1,100,56
1715670785.499319,2152416,24322,1,HR,1,100,56
1715670786.627270,2153492,24510,1,HR,1,100,55
1715670787.638862,2154457,24660,1,HR,1,100,56
1715670788.674564,2155445,24831,1,HR,1,100,57
1715670789.750101,2156471,25008,1,HR,1,100,56
1715670790.729197,2157405,25151,1,HR,1,100,58
1715670791.764899,2158393,25324,1,HR,1,100,58
1715670792.862450,2159440,25496,1,HR,1,100,57
1715670793.858318,2160390,25647,1,HR,1,100,58
1715670795.031345,2161509,25836,1,HR,1,100,56
1715670795.779819,2162223,25962,1,HR,1,100,62
1715670796.576513,2162983,26097,1,HR,1,100,65
1715670797.535691,2163898,26237,1,HR,1,100,64
1715670798.684607,2164994,26427,1,HR,1,100,62
1715670800.037939,2166285,26649,1,HR,1,100,58
1715670800.735047,2166950,26753,1,HR,1,100,64
1715670801.347243,2167534,26846,1,HR,1,100,72
1715670802.131358,2168282,26966,1,HR,1,100,73
1715670803.123033,2169228,27138,1,HR,1,100,70
1715670804.187039,2170243,27306,1,HR,1,100,67
1715670805.365308,2171367,27494,1,HR,1,100,64
1715670806.461810,2172413,27656,1,HR,1,100,62
1715670807.543637,2173445,27808,1,HR,1,100,61
1715670808.649575,2174500,27998,1,HR,1,100,59
1715670809.772284,2175571,28172,1,HR,1,100,58
1715670810.836290,2176586,28341,1,HR,1,100,58
1715670811.952710,2177651,28515,1,HR,1,100,57
1715670812.970592,2178622,28671,1,HR,1,100,57
1715670814.063950,2179665,28862,1,HR,1,100,57
1715670815.170936,2180721,29031,1,HR,1,100,56
1715670816.204541,2181707,29205,1,HR,1,100,57
1715670817.342976,2182793,29381,1,HR,1,100,56
1715670818.428996,2183829,29554,1,HR,1,100,56
1715670819.630327,2184975,29754,1,HR,1,100,55
1715670820.706912,2186002,29927,1,HR,1,100,55
1715670821.764628,2187011,30082,1,HR,1,100,55
1715670822.817103,2188015,30258,1,HR,1,100,56
1715670823.996420,2189140,30449,1,HR,1,100,55
1715670825.009061,2190106,30622,1,HR,1,100,56
1715670826.065729,2191114,30773,1,HR,1,100,56
1715670827.119252,2192119,30946,1,HR,1,100,56
1715670828.099396,2193054,31123,1,HR,1,100,57
1715670829.228395,2194131,31294,1,HR,1,100,57
1715670830.331187,2195183,31463,1,HR,1,100,56
1715670831.303993,2196111,31621,1,HR,1,100,57
1715670832.329213,2197089,31794,1,HR,1,100,58
1715670833.382736,2198094,31956,1,HR,1,100,58
1715670834.435211,2199098,32129,1,HR,1,100,58
1715670835.485589,2200100,32283,1,HR,1,100,58
1715670836.562175,2201127,32455,1,HR,1,100,57
1715670837.595780,2202113,32624,1,HR,1,100,57
1715670838.669221,2203137,32787,1,HR,1,100,57
1715670839.757338,2204175,32944,1,HR,1,100,57
1715670840.768929,2205140,33099,1,HR,1,100,57
1715670841.832936,2206155,33271,1,HR,1,100,57
1715670843.039508,2207306,33460,1,HR,1,100,56
1715670843.915872,2208142,33619,1,HR,1,100,58
1715670845.023906,2209199,33758,1,HR,1,100,58
1715670846.091056,2210217,33930,1,HR,1,100,57
1715670847.078538,2211159,34082,1,HR,1,100,58
1715670848.165606,2212196,34271,1,HR,1,100,58
1715670849.301944,2213280,34442,1,HR,1,100,57
1715670850.347081,2214277,34604,1,HR,1,100,57
1715670851.351335,2215235,34759,1,HR,1,100,58
1715670852.480334,2216312,34928,1,HR,1,100,57
1715670853.481443,2217267,35102,1,HR,1,100,57
1715670854.594719,2218329,35276,1,HR,1,100,57
1715670855.570669,2219260,35416,1,HR,1,100,58
1715670856.526702,2220172,35571,1,HR,1,100,59
1715670857.550873,2221149,35725,1,HR,1,100,59
1715670858.625362,2222174,35899,1,HR,1,100,58
1715670859.619133,2223122,36071,1,HR,1,100,59
1715670860.770147,2224220,36233,1,HR,1,100,57
1715670861.824718,2225226,36405,1,HR,1,100,57
1715670862.794379,2226151,36560,1,HR,1,100,58
1715670863.887737,2227194,36731,1,HR,1,100,58
1715670864.877315,2228138,36889,1,HR,1,100,58
1715670865.913018,2229126,37047,1,HR,1,100,58
1715670866.799864,2229972,37183,1,HR,1,100,61
1715670867.851290,2230975,37352,1,HR,1,100,60
1715670868.481308,2231576,37458,1,HR,1,100,68
1715670869.033752,2232103,37562,1,HR,1,100,77
1715670869.939468,2232967,37682,1,HR,1,100,74
1715670870.818976,2233806,37805,1,HR,1,100,73
1715670872.060142,2234990,38001,1,HR,1,100,68
1715670872.687015,2235588,38105,1,HR,1,100,74
1715670873.475322,2236340,38228,1,HR,1,100,75
1715670874.516266,2237333,38383,1,HR,1,100,71
1715670875.361181,2238139,38519,1,HR,1,100,71
1715670876.236497,2238974,38674,1,HR,1,100,70
1715670876.998598,2239701,38770,1,HR,1,100,73
1715670877.468228,2240149,38853,1,HR,1,100,85
1715670879.346749,2241941,39146,1,HR,1,100,73
1715670881.442264,2243940,39485,1,HR,1,100,63
1715670882.235814,2244697,39598,1,HR,1,100,66
1715670884.279963,2246647,39924,1,HR,1,100,58
1715670885.158423,2247485,40060,1,HR,1,100,60
1715670886.196223,2248475,40232,1,HR,1,100,60
1715670887.161690,2249396,40390,1,HR,1,100,60
1715670888.037005,2250231,40514,1,HR,1,100,62
1715670889.120929,2251265,40685,1,HR,1,100,61
1715670890.103169,2252202,40841,1,HR,1,100,61
1715670891.044526,2253100,40993,1,HR,1,100,62
1715670892.084422,2254092,41151,1,HR,1,100,61
1715670893.142138,2255101,41310,1,HR,1,100,60
1715670894.173647,2256085,41484,1,HR,1,100,60
1715670895.171612,2257037,41640,1,HR,1,100,60
1715670896.172721,2257992,41809,1,HR,1,100,60
1715670897.103595,2258880,41950,1,HR,1,100,61
1715670898.086883,2259818,42107,1,HR,1,100,61
1715670899.056544,2260743,42248,1,HR,1,100,61
1715670899.982177,2261626,42401,1,HR,1,100,62
1715670901.049328,2262644,42573,1,HR,1,100,61
1715670901.989636,2263541,42711,1,HR,1,100,62
1715670903.147988,2264646,42898,1,HR,1,100,60
1715670904.179497,2265630,43046,1,HR,1,100,59
1715670905.082068,2266491,43199,1,HR,1,100,61
1715670905.943756,2267313,43335,1,HR,1,100,63
1715670906.855761,2268183,43475,1,HR,1,100,64
1715670907.793973,2269078,43627,1,HR,1,100,64
1715670908.744765,2269985,43774,1,HR,1,100,64
1715670909.761598,2270955,43943,1,HR,1,100,63
1715670910.780528,2271927,44099,1,HR,1,100,62
1715670911.831954,2272930,44269,1,HR,1,100,61
1715670912.854029,2273905,44425,1,HR,1,100,60
1715670913.997705,2274996,44617,1,HR,1,100,59
1715670915.097353,2276045,44775,1,HR,1,100,58
1715670916.207483,2277104,44964,1,HR,1,100,57
1715670917.233751,2278083,45116,1,HR,1,100,58
1715670918.292516,2279093,45291,1,HR,1,100,57
1715670919.272659,2280028,45443,1,HR,1,100,58
1715670920.358679,2281064,45590,1,HR,1,100,58
1715670921.380754,2282039,45759,1,HR,1,100,58
1715670922.393394,2283005,45916,1,HR,1,100,58
1715670923.416517,2283981,46090,1,HR,1,100,58
1715670924.460606,2284977,46243,1,HR,1,100,58
1715670925.444942,2285916,46401,1,HR,1,100,59
1715670926.514190,2286936,46553,1,HR,1,100,58
1715670927.559327,2287933,46726,1,HR,1,100,58
1715670928.499636,2288830,46886,1,HR,1,100,60
1715670929.511228,2289795,47037,1,HR,1,100,60
1715670930.339370,2290585,47164,1,HR,1,100,63
1715670931.299596,2291501,47320,1,HR,1,100,63
1715670932.377230,2292529,47476,1,HR,1,100,61
1715670933.412932,2293517,47630,1,HR,1,100,61
1715670934.459118,2294515,47800,1,HR,1,100,60
1715670935.578683,2295583,47975,1,HR,1,100,59
1715670936.704537,2296657,48147,1,HR,1,100,57
1715670937.686778,2297594,48302,1,HR,1,100,58
1715670938.644907,2298508,48460,1,HR,1,100,59
1715670939.743506,2299556,48629,1,HR,1,100,58
1715670940.808561,2300572,48801,1,HR,1,100,58
1715670941.991023,2301700,48978,1,HR,1,100,56
1715670942.983746,2302647,49147,1,HR,1,100,57
1715670943.986951,2303604,49304,1,HR,1,100,58
1715670945.111758,2304677,49490,1,HR,1,100,57
1715670946.167377,2305684,49645,1,HR,1,100,57
1715670947.169535,2306640,49792,1,HR,1,100,58
1715670948.209430,2307632,49964,1,HR,1,100,58
1715670949.252471,2308627,50136,1,HR,1,100,58
1715670950.224228,2309554,50291,1,HR,1,100,59
1715670951.319683,2310599,50460,1,HR,1,100,58
1715670952.284102,2311519,50602,1,HR,1,100,59
1715670953.361736,2312547,50773,1,HR,1,100,58
1715670954.447756,2313583,50945,1,HR,1,100,58
1715670955.427899,2314518,51117,1,HR,1,100,58
1715670956.555851,2315594,51290,1,HR,1,100,57
1715670957.616712,2316606,51453,1,HR,1,100,57
1715670958.689104,2317629,51628,1,HR,1,100,57
1715670959.785607,2318675,51797,1,HR,1,100,57
1715670960.828647,2319670,51967,1,HR,1,100,57
1715670961.957647,2320747,52155,1,HR,1,100,56
1715670963.042618,2321782,52300,1,HR,1,100,56
1715670964.070983,2322763,52441,1,HR,1,100,57
1715670965.199982,2323840,52629,1,HR,1,100,56
1715670966.237781,2324830,52783,1,HR,1,100,56
1715670967.366781,2325907,52952,1,HR,1,100,56
1715670968.446511,2326937,53102,1,HR,1,100,56
1715670969.519952,2327961,53272,1,HR,1,100,56
1715670970.629034,2329019,53442,1,HR,1,100,56
1715670971.715054,2330055,53614,1,HR,1,100,56
1715670972.776963,2331068,53786,1,HR,1,100,56
1715670973.833632,2332076,53946,1,HR,1,100,56
1715670974.884010,2333078,54101,1,HR,1,100,56
1715670975.818029,2333969,54254,1,HR,1,100,58
1715670976.874697,2334977,54395,1,HR,1,100,58
1715670978.026759,2336076,54584,1,HR,1,100,57
1715670979.134793,2337133,54633,1,HR,1,100,56
1715670980.235489,2338183,54791,1,HR,1,100,56
1715670981.327798,2339225,54963,1,HR,1,100,56
1715670982.344632,2340195,55135,1,HR,1,100,57
1715670983.439038,2341239,55304,1,HR,1,100,56
1715670984.499899,2342251,55469,1,HR,1,100,56
1715670985.627850,2343327,55637,1,HR,1,100,56
1715670986.693953,2344344,55825,1,HR,1,100,56
1715670987.781021,2345381,55998,1,HR,1,100,56
1715670988.883814,2346433,56172,1,HR,1,100,56
1715670989.913226,2347415,56315,1,HR,1,100,56
1715670991.076819,2348525,56504,1,HR,1,100,55
1715670992.142922,2349542,56677,1,HR,1,100,56
1715670993.271921,2350619,56851,1,HR,1,100,55
1715670994.401969,2351697,57033,1,HR,1,100,55
1715670995.475410,2352721,57195,1,HR,1,100,55
1715670996.605458,2353799,57368,1,HR,1,100,55
1715670997.696719,2354840,57520,1,HR,1,100,55
1715670998.846684,2355937,57711,1,HR,1,100,54
1715670999.942139,2356982,57883,1,HR,1,100,54
1715671000.954779,2357948,58012,1,HR,1,100,56
1715671002.040799,2358984,58181,1,HR,1,100,56
1715671003.012556,2359911,58334,1,HR,1,100,57
1715671003.916175,2360773,58474,1,HR,1,100,59
1715671004.924622,2361735,58629,1,HR,1,100,59
1715671006.062008,2362820,58800,1,HR,1,100,58
1715671007.066262,2363778,58941,1,HR,1,100,58
1715671008.248724,2364906,59128,1,HR,1,100,57
1715671009.302247,2365911,59283,1,HR,1,100,57
1715671010.450116,2367006,59473,1,HR,1,100,56
1715671011.579115,2368083,59569,1,HR,1,100,55
1715671012.688197,2369141,59695,1,HR,1,100,55
1715671013.795183,2370197,59867,1,HR,1,100,55
1715671014.943052,2371292,60055,1,HR,1,100,54
1715671015.974561,2372276,60213,1,HR,1,100,55
1715671017.040663,2373293,60373,1,HR,1,100,56
1715671018.138215,2374340,60545,1,HR,1,100,55
1715671019.210607,2375363,60717,1,HR,1,100,56
1715671020.289289,2376392,60886,1,HR,1,100,56
1715671021.372164,2377425,61058,1,HR,1,100,56
1715671022.356501,2378364,61216,1,HR,1,100,57
1715671023.408976,2379368,61388,1,HR,1,100,57
1715671024.492899,2380402,61560,1,HR,1,100,57
1715671025.485622,2381349,61713,1,HR,1,100,58
1715671026.496166,2382313,61885,1,HR,1,100,58
1715671027.320115,2383099,62008,1,HR,1,100,61
1715671028.109471,2383852,62135,1,HR,1,100,65
1715671029.159850,2384854,62304,1,HR,1,100,63
1715671030.285704,2385928,62478,1,HR,1,100,61
1715671031.328745,2386923,62633,1,HR,1,100,60
1715671032.469275,2388011,62823,1,HR,1,100,59
1715671033.496592,2388991,62984,1,HR,1,100,59
1715671034.478832,2389928,63139,1,HR,1,100,59
1715671035.614121,2391011,63308,1,HR,1,100,58
1715671036.648775,2391998,63480,1,HR,1,100,58
1715671037.659319,2392962,63634,1,HR,1,100,58
1715671038.792511,2394043,63813,1,HR,1,100,57
1715671040.013760,2395208,64002,1,HR,1,100,55
1715671041.083007,2396228,64172,1,HR,1,100,56
1715671042.209910,2397303,64360,1,HR,1,100,55
1715671043.298027,2398341,64540,1,HR,1,100,55
1715671044.367274,2399361,64696,1,HR,1,100,56
1715671045.455391,2400399,64865,1,HR,1,100,56
1715671046.551893,2401445,65037,1,HR,1,100,55
1715671047.605417,2402450,65209,1,HR,1,100,56
1715671048.682002,2403477,65385,1,HR,1,100,56
1715671049.713511,2404461,65526,1,HR,1,100,57
1715671050.669544,2405373,143,1,HR,1,100,58
1715671051.704199,2406360,315,1,HR,1,100,58
1715671052.727322,2407336,485,1,HR,1,100,58
1715671053.808100,2408367,659,1,HR,1,100,58
1715671054.880492,2409390,821,1,HR,1,100,57
1715671055.913050,2410375,976,1,HR,1,100,58
1715671056.987539,2411400,1163,1,HR,1,100,57
1715671058.102911,2412464,1337,1,HR,1,100,56
1715671059.124986,2413439,1506,1,HR,1,100,57
1715671060.236164,2414499,1683,1,HR,1,100,56
1715671061.302267,2415516,1855,1,HR,1,100,56
1715671062.301280,2416469,2011,1,HR,1,100,57
1715671063.450197,2417565,2182,1,HR,1,100,56
1715671064.399940,2418471,2338,1,HR,1,100,58
1715671065.433546,2419457,2512,1,HR,1,100,58
1715671066.367565,2420348,2669,1,HR,1,100,59
1715671067.429474,2421361,2837,1,HR,1,100,59
1715671068.545894,2422426,3012,1,HR,1,100,58
1715671069.577404,2423410,3184,1,HR,1,100,58
1715671070.736804,2424516,3362,1,HR,1,100,57
1715671071.829113,2425558,3528,1,HR,1,100,56
1715671072.938195,2426616,3719,1,HR,1,100,56
1715671074.056712,2427683,3892,1,HR,1,100,55
1715671075.117573,2428695,4061,1,HR,1,100,56
1715671076.173193,2429702,4238,1,HR,1,100,56
1715671077.216233,2430697,4407,1,HR,1,100,56
1715671078.291770,2431723,4582,1,HR,1,100,56
1715671079.452219,2432830,4754,1,HR,1,100,55
1715671080.528804,2433857,4927,1,HR,1,100,56
1715671081.639983,2434917,5120,1,HR,1,100,55
1715671082.735437,2435962,5294,1,HR,1,100,55
1715671083.738643,2436919,5449,1,HR,1,100,56
1715671084.856111,2437985,5618,1,HR,1,100,56
1715671085.919069,2438999,5790,1,HR,1,100,56
1715671086.906551,2439941,5948,1,HR,1,100,57
1715671087.970557,2440956,6123,1,HR,1,100,57
1715671088.983197,2441922,6276,1,HR,1,100,58
1715671089.953906,2442848,6427,1,HR,1,100,59
1715671091.052505,2443896,6617,1,HR,1,100,58
1715671092.027407,2444826,6765,1,HR,1,100,59
1715671093.051579,2445803,6936,1,HR,1,100,59
1715671094.181627,2446881,7108,1,HR,1,100,58
1715671095.201605,2447854,7263,1,HR,1,100,58
1715671096.279238,2448882,7432,1,HR,1,100,57
1715671097.371548,2449924,7610,1,HR,1,100,57
1715671098.389430,2450895,7784,1,HR,1,100,57
1715671099.444001,2451901,7953,1,HR,1,100,57
1715671100.531070,2452938,8125,1,HR,1,100,57
1715671101.529034,2453890,8278,1,HR,1,100,58
1715671102.557398,2454871,8455,1,HR,1,100,58
1715671103.641322,2455905,8630,1,HR,1,100,57
1715671104.587920,2456808,8783,1,HR,1,100,59
1715671105.698051,2457867,8956,1,HR,1,100,58
1715671106.785119,2458904,9128,1,HR,1,100,57
1715671107.740104,2459815,9302,1,HR,1,100,58
1715671108.772661,2460800,9460,1,HR,1,100,59
1715671109.783205,2461764,9612,1,HR,1,100,59
1715671110.763348,2462699,9784,1,HR,1,100,59
1715671111.826306,2463713,9953,1,HR,1,100,59
1715671112.935388,2464771,10128,1,HR,1,100,58
1715671114.016167,2465802,10305,1,HR,1,100,57
1715671115.145166,2466879,10476,1,HR,1,100,56
1715671116.221752,2467906,10648,1,HR,1,100,56
1715671117.244875,2468882,10818,1,HR,1,100,57
1715671118.366536,2469952,10992,1,HR,1,100,56
1715671119.445219,2470981,11183,1,HR,1,100,56
1715671120.394962,2471887,11322,1,HR,1,100,58
1715671121.347850,2472796,11475,1,HR,1,100,59
1715671122.149786,2473561,11614,1,HR,1,100,63
1715671122.950673,2474325,11738,1,HR,1,100,66
1715671123.663505,2475005,11840,1,HR,1,100,70
1715671124.480116,2475784,11968,1,HR,1,100,71
1715671125.396314,2476658,12123,1,HR,1,100,70
1715671126.248568,2477471,12244,1,HR,1,100,70
1715671127.302091,2478476,12417,1,HR,1,100,67
1715671128.377628,2479502,12588,1,HR,1,100,65
1715671129.307454,2480389,12745,1,HR,1,100,65
1715671130.395571,2481427,12900,1,HR,1,100,63
1715671131.419742,2482404,13069,1,HR,1,100,62
1715671132.413513,2483352,13224,1,HR,1,100,62
1715671133.511064,2484399,13395,1,HR,1,100,60
1715671134.586601,2485425,13568,1,HR,1,100,59
1715671135.630690,2486421,13743,1,HR,1,100,59
1715671136.784848,2487522,13929,1,HR,1,100,57
1715671137.804826,2488495,14084,1,HR,1,100,58
1715671138.843674,2489486,14258,1,HR,1,100,58
1715671139.918163,2490511,14428,1,HR,1,100,58
1715671140.934996,2491481,14574,1,HR,1,100,58
1715671141.946588,2492446,14746,1,HR,1,100,58
1715671143.073491,2493521,14934,1,HR,1,100,57
1715671144.043152,2494446,15089,1,HR,1,100,58
1715671145.097723,2495452,15258,1,HR,1,100,58
1715671146.212047,2496515,15436,1,HR,1,100,57
1715671147.210011,2497467,15594,1,HR,1,100,58
1715671148.233134,2498443,15765,1,HR,1,100,58
1715671149.338023,2499497,15937,1,HR,1,100,57
1715671150.335987,2500449,16108,1,HR,1,100,58
1715671151.413621,2501477,16266,1,HR,1,100,58
1715671152.512220,2502525,16456,1,HR,1,100,57
1715671153.481881,2503450,16609,1,HR,1,100,58
1715671154.502908,2504424,16762,1,HR,1,100,58
1715671155.561672,2505434,16935,1,HR,1,100,58
1715671156.582699,2506408,17092,1,HR,1,100,58
1715671157.707505,2507481,17250,1,HR,1,100,57
1715671158.693938,2508422,17407,1,HR,1,100,58
1715671159.653116,2509337,17562,1,HR,1,100,59
1715671160.759053,2510392,17734,1,HR,1,100,58
1715671161.694121,2511284,17894,1,HR,1,100,60
1715671162.683699,2512228,18046,1,HR,1,100,60
1715671163.742464,2513238,18220,1,HR,1,100,59
1715671164.713173,2514164,18373,1,HR,1,100,60
1715671165.732103,2515136,18527,1,HR,1,100,60
1715671166.802398,2516157,18699,1,HR,1,100,59
1715671167.817135,2517125,18860,1,HR,1,100,59
1715671168.935652,2518192,19051,1,HR,1,100,58
1715671170.041589,2519247,19220,1,HR,1,100,57
1715671171.061567,2520220,19377,1,HR,1,100,58
1715671172.170650,2521278,19562,1,HR,1,100,57
1715671173.236752,2522295,19727,1,HR,1,100,57
1715671174.230523,2523243,19899,1,HR,1,100,58
1715671175.412985,2524371,20084,1,HR,1,100,56
1715671176.518923,2525426,20257,1,HR,1,100,56
1715671177.537853,2526398,20429,1,HR,1,100,57
1715671178.556782,2527370,20590,1,HR,1,100,57
1715671179.544264,2528312,20742,1,HR,1,100,58
1715671180.501345,2529225,20898,1,HR,1,100,59
1715671181.600993,2530274,21067,1,HR,1,100,58
1715671182.749910,2531370,21257,1,HR,1,100,57
1715671183.723763,2532299,21397,1,HR,1,100,58
1715671184.862198,2533385,21567,1,HR,1,100,57
1715671185.855969,2534333,21739,1,HR,1,100,58
1715671186.906347,2535335,21911,1,HR,1,100,58
1715671188.067843,2536443,22099,1,HR,1,100,56
1715671189.078387,2537407,22227,1,HR,1,100,57
1715671190.141345,2538421,22397,1,HR,1,100,57
1715671191.247282,2539476,22566,1,HR,1,100,57
1715671192.231619,2540415,22724,1,HR,1,100,58
1715671193.413033,2541542,22913,1,HR,1,100,56
1715671194.595494,2542670,23108,1,HR,1,100,55
1715671195.606038,2543634,23280,1,HR,1,100,56
1715671196.735038,2544711,23452,1,HR,1,100,55
1715671197.808478,2545735,23624,1,HR,1,100,56
1715671198.755077,2546638,23778,1,HR,1,100,57
1715671199.879883,2547711,23956,1,HR,1,100,57
1715671202.555098,2550263,24383,1,HR,1,100,49
1715671203.834002,2551483,24589,1,HR,1,100,49
1715671204.540544,2552157,24698,1,HR,1,100,57
1715671205.402232,2552979,24835,1,HR,1,100,60
1715671206.250292,2553788,24972,1,HR,1,100,62
1715671207.248256,2554740,25128,1,HR,1,100,62
1715671208.123571,2555575,25286,1,HR,1,100,63
1715671208.364676,2555805,25321,1,HR,1,100,105
1715671208.996790,2556408,25425,1,HR,1,100,103
1715671209.504158,2556892,25493,1,HR,1,100,106
1715671211.506377,2558802,25825,1,HR,1,100,89
1715671212.999130,2560226,26064,1,HR,1,100,78
1715671215.900774,2562994,26531,1,HR,1,100,66
1715671216.764558,2563818,26667,1,HR,1,100,67
1715671217.558108,2564575,26787,1,HR,1,100,69
1715671218.376816,2565356,26924,1,HR,1,100,70
1715671219.362201,2566296,27082,1,HR,1,100,68
1715671220.489104,2567371,27255,1,HR,1,100,65
1715671221.498599,2568334,27432,1,HR,1,100,63
1715671222.584619,2569370,27601,1,HR,1,100,62
1715671223.675880,2570411,27775,1,HR,1,100,60
1715671224.713680,2571401,27945,1,HR,1,100,60
1715671225.775589,2572414,28117,1,HR,1,100,59
1715671226.800809,2573392,28279,1,HR,1,100,59
1715671227.959160,2574497,28450,1,HR,1,100,58
1715671229.083966,2575570,28640,1,HR,1,100,57
1715671230.175228,2576611,28809,1,HR,1,100,56
1715671231.236089,2577623,28981,1,HR,1,100,56
1715671232.313723,2578651,29161,1,HR,1,100,56
1715671233.389260,2579677,29335,1,HR,1,100,56
1715671234.497294,2580734,29504,1,HR,1,100,56
1715671235.636776,2581821,29673,1,HR,1,100,55
1715671236.669334,2582806,29845,1,HR,1,100,56
1715671237.841313,2583924,30041,1,HR,1,100,55
1715671238.866532,2584902,30210,1,HR,1,100,56
1715671239.985049,2585969,30382,1,HR,1,100,55
1715671241.065828,2587000,30555,1,HR,1,100,56
1715671242.088951,2587976,30727,1,HR,1,100,56
1715671243.173923,2589011,30887,1,HR,1,100,56
1715671244.288246,2590074,31073,1,HR,1,100,56
1715671245.287259,2591027,31228,1,HR,1,100,57
1715671246.386906,2592076,31401,1,HR,1,100,56
1715671247.489699,2593128,31590,1,HR,1,100,56
1715671248.500242,2594092,31715,1,HR,1,100,57
1715671249.618759,2595159,31901,1,HR,1,100,56
1715671250.675427,2596167,32074,1,HR,1,100,56
1715671251.715323,2597159,32212,1,HR,1,100,57
1715671252.800294,2598194,32386,1,HR,1,100,57
1715671253.798259,2599146,32528,1,HR,1,100,57
1715671254.765823,2600069,32681,1,HR,1,100,59
1715671255.866519,2601119,32866,1,HR,1,100,58
1715671256.959877,2602162,33035,1,HR,1,100,57
1715671257.951551,2603108,33194,1,HR,1,100,58
1715671259.107806,2604211,33360,1,HR,1,100,57
1715671260.204309,2605257,33532,1,HR,1,100,56
1715671261.172921,2606181,33685,1,HR,1,100,58
1715671262.308211,2607264,33872,1,HR,1,100,57
1715671263.328189,2608237,34047,1,HR,1,100,57
1715671264.388002,2609248,34190,1,HR,1,100,57
1715671265.466684,2610277,34362,1,HR,1,100,57
1715671266.486662,2611250,34516,1,HR,1,100,57
1715671267.585261,2612298,34688,1,HR,1,100,57
1715671268.664992,2613328,34880,1,HR,1,100,57
1715671269.639894,2614258,35004,1,HR,1,100,58
1715671270.782521,2615348,35194,1,HR,1,100,57
1715671271.793065,2616312,35366,1,HR,1,100,57
1715671272.861264,2617331,35540,1,HR,1,100,57
1715671273.976636,2618395,35710,1,HR,1,100,56
1715671274.979841,2619352,35857,1,HR,1,100,57
1715671276.019737,2620344,36023,1,HR,1,100,57
1715671277.052294,2621329,36179,1,HR,1,100,58
1715671278.040824,2622272,36350,1,HR,1,100,58
1715671279.136279,2623317,36522,1,HR,1,100,58
1715671280.205526,2624337,36684,1,HR,1,100,57
1715671281.185670,2625272,36836,1,HR,1,100,58
1715671282.294752,2626330,37026,1,HR,1,100,57
1715671283.299006,2627288,37166,1,HR,1,100,58
1715671284.331563,2628273,37319,1,HR,1,100,58
1715671285.454273,2629344,37496,1,HR,1,100,57
1715671286.424982,2630270,37633,1,HR,1,100,58
1715671287.481650,2631278,37806,1,HR,1,100,58
1715671288.519449,2632268,37980,1,HR,1,100,58
1715671289.515317,2633218,38133,1,HR,1,100,59
1715671290.557309,2634212,38305,1,HR,1,100,59
1715671291.637039,2635242,38466,1,HR,1,100,58
1715671292.622424,2636182,38620,1,HR,1,100,59
1715671293.687479,2637198,38792,1,HR,1,100,58
1715671294.756726,2638218,38961,1,HR,1,100,58
1715671295.746304,2639162,39130,1,HR,1,100,58
1715671296.763138,2640132,39255,1,HR,1,100,59
1715671297.886896,2641204,39446,1,HR,1,100,58
1715671298.905826,2642176,39601,1,HR,1,100,58
1715671299.953059,2643175,39774,1,HR,1,100,58
1715671301.072624,2644243,39943,1,HR,1,100,57
1715671302.032851,2645159,40089,1,HR,1,100,58
1715671303.093712,2646171,40260,1,HR,1,100,58
1715671304.179732,2647207,40432,1,HR,1,100,57
1715671305.129475,2648113,40586,1,HR,1,100,59
1715671306.168322,2649104,40739,1,HR,1,100,59
1715671307.258535,2650144,40902,1,HR,1,100,58
1715671308.234486,2651075,41074,1,HR,1,100,59
1715671309.319457,2652110,41246,1,HR,1,100,58
1715671310.385560,2653127,41418,1,HR,1,100,58
1715671311.334255,2654032,41554,1,HR,1,100,59
1715671312.350040,2655001,41713,1,HR,1,100,59
1715671313.379453,2655983,41871,1,HR,1,100,59
1715671314.316617,2656877,41996,1,HR,1,100,60
1715671315.339740,2657853,42168,1,HR,1,100,60
1715671316.366008,2658832,42321,1,HR,1,100,60
1715671317.295834,2659719,42475,1,HR,1,100,61
1715671318.345164,2660720,42638,1,HR,1,100,60
1715671319.389253,2661716,42794,1,HR,1,100,60
1715671320.398748,2662679,42966,1,HR,1,100,60
1715671321.488961,2663719,43135,1,HR,1,100,59
1715671322.519422,2664702,43309,1,HR,1,100,59
1715671323.497469,2665635,43436,1,HR,1,100,59
1715671324.544703,2666634,43608,1,HR,1,100,59
1715671325.627578,2667667,43794,1,HR,1,100,58
1715671326.602480,2668597,43933,1,HR,1,100,59
1715671327.580527,2669530,44107,1,HR,1,100,60
1715671328.645581,2670546,44250,1,HR,1,100,59
1715671329.646690,2671501,44422,1,HR,1,100,59
1715671330.596434,2672407,44577,1,HR,1,100,60
1715671331.662536,2673424,44749,1,HR,1,100,59
1715671332.620666,2674338,44903,1,HR,1,100,60
1715671333.578795,2675252,45064,1,HR,1,100,61
1715671334.655381,2676279,45219,1,HR,1,100,60
1715671335.662780,2677240,45374,1,HR,1,100,60
1715671336.640827,2678173,45526,1,HR,1,100,60
1715671337.728943,2679211,45700,1,HR,1,100,59
1715671338.712231,2680149,45856,1,HR,1,100,59
1715671339.651492,2681045,45999,1,HR,1,100,61
1715671340.616960,2681966,46156,1,HR,1,100,61
1715671341.629600,2682932,46324,1,HR,1,100,61
1715671342.576198,2683835,46483,1,HR,1,100,61
1715671343.671653,2684880,46652,1,HR,1,100,60
1715671344.614058,2685779,46779,1,HR,1,100,61
1715671345.571140,2686692,46901,1,HR,1,100,61
1715671346.652966,2687724,47073,1,HR,1,100,60
1715671347.654075,2688679,47230,1,HR,1,100,60
1715671348.633171,2689613,47382,1,HR,1,100,60
1715671349.701370,2690632,47543,1,HR,1,100,59
1715671350.708769,2691593,47680,1,HR,1,100,60
1715671351.691009,2692530,47838,1,HR,1,100,60
1715671352.746629,2693537,48012,1,HR,1,100,59
1715671353.672261,2694420,48150,1,HR,1,100,61
1715671354.629343,2695333,48305,1,HR,1,100,61
1715671355.722701,2696376,48432,1,HR,1,100,60
1715671356.709134,2697317,48590,1,HR,1,100,60
1715671357.776285,2698335,48749,1,HR,1,100,59
1715671358.862305,2699371,48919,1,HR,1,100,59
1715671359.820434,2700285,48994,1,HR,1,100,59
1715671360.900165,2701315,49108,1,HR,1,100,59
1715671361.924336,2702292,49265,1,HR,1,100,59
1715671362.831100,2703157,49420,1,HR,1,100,60
1715671363.944375,2704219,49592,1,HR,1,100,59
1715671364.970643,2705198,49761,1,HR,1,100,59
1715671365.910952,2706095,49919,1,HR,1,100,60
1715671367.033662,2707166,50074,1,HR,1,100,59
1715671368.080895,2708165,50231,1,HR,1,100,59
1715671369.017011,2709058,50386,1,HR,1,100,60
1715671370.101983,2710093,50558,1,HR,1,100,59
1715671371.136637,2711080,50728,1,HR,1,100,59
1715671372.013000,2711916,50854,1,HR,1,100,61
1715671372.960647,2712820,51009,1,HR,1,100,62
1715671373.819190,2713639,51129,1,HR,1,100,63
1715671374.713374,2714492,51285,1,HR,1,100,64
1715671375.488055,2715231,51404,1,HR,1,100,67
1715671376.253300,2715961,51525,1,HR,1,100,70
1715671377.388589,2717044,51704,1,HR,1,100,66
1715671378.551134,2718153,51860,1,HR,1,100,63
1715671379.490395,2719049,52019,1,HR,1,100,63
1715671380.620442,2720127,52173,1,HR,1,100,61
1715671381.727428,2721183,52362,1,HR,1,100,60
1715671382.765227,2722173,52510,1,HR,1,100,59
1715671383.923578,2723278,52682,1,HR,1,100,58
1715671385.015888,2724320,52854,1,HR,1,100,57
1715671385.969825,2725230,52992,1,HR,1,100,58
1715671387.043265,2726254,53161,1,HR,1,100,58
1715671388.119850,2727281,53323,1,HR,1,100,57
1715671389.127249,2728242,53475,1,HR,1,100,58
1715671390.236331,2729300,53649,1,HR,1,100,57
1715671391.344365,2730357,53821,1,HR,1,100,57
1715671392.384261,2731349,53949,1,HR,1,100,57
1715671393.486005,2732400,54029,1,HR,1,100,56
1715671394.605570,2733468,54201,1,HR,1,100,56
1715671395.642321,2734457,54355,1,HR,1,100,56
1715671396.747210,2735511,54542,1,HR,1,100,56
1715671397.786057,2736502,54701,1,HR,1,100,56
1715671398.835387,2737503,54864,1,HR,1,100,57
1715671399.943421,2738560,55050,1,HR,1,100,56
1715671401.018958,2739586,55222,1,HR,1,100,56
1715671402.041033,2740561,55374,1,HR,1,100,57
1715671403.173177,2741641,55563,1,HR,1,100,56
1715671404.170094,2742592,55693,1,HR,1,100,57
1715671405.236196,2743609,55862,1,HR,1,100,57
1715671406.330602,2744653,56034,1,HR,1,100,57
1715671407.413477,2745686,56225,1,HR,1,100,56
1715671408.500546,2746723,56394,1,HR,1,100,56
1715671409.571890,2747745,56539,1,HR,1,100,56
1715671410.617027,2748742,56697,1,HR,1,100,56
1715671411.657971,2749735,56871,1,HR,1,100,57
1715671412.701011,2750730,57043,1,HR,1,100,57
1715671413.667527,2751652,57194,1,HR,1,100,58
1715671414.725243,2752661,57353,1,HR,1,100,58
1715671415.867870,2753751,57525,1,HR,1,100,57
1715671416.892042,2754728,57697,1,HR,1,100,57
1715671417.948710,2755736,57851,1,HR,1,100,57
1715671419.028440,2756766,58024,1,HR,1,100,57
1715671419.924721,2757621,58183,1,HR,1,100,59
1715671420.982437,2758630,58340,1,HR,1,100,59
1715671422.035961,2759635,58510,1,HR,1,100,58
1715671423.046504,2760599,58668,1,HR,1,100,59
1715671424.006731,2761515,58822,1,HR,1,100,60
1715671425.199675,2762653,59009,1,HR,1,100,58
1715671426.269971,2763674,59169,1,HR,1,100,57
1715671427.385343,2764738,59343,1,HR,1,100,57
1715671428.436769,2765741,59516,1,HR,1,100,57
1715671429.356113,2766618,59667,1,HR,1,100,59
1715671430.463098,2767674,59841,1,HR,1,100,58
1715671431.558553,2768719,60000,1,HR,1,100,57
1715671432.475799,2769594,60158,1,HR,1,100,59
1715671433.598509,2770665,60330,1,HR,1,100,58
1715671434.695012,2771711,60516,1,HR,1,100,57
1715671435.744342,2772712,60672,1,HR,1,100,57
1715671436.826169,2773744,60834,1,HR,1,100,57
1715671437.975086,2774840,61020,1,HR,1,100,56
1715671438.985630,2775804,61190,1,HR,1,100,57
1715671440.095760,2776863,61362,1,HR,1,100,56
1715671441.202746,2777919,61531,1,HR,1,100,56
1715671442.197565,2778868,61679,1,HR,1,100,57
1715671443.242702,2779865,61836,1,HR,1,100,57
1715671444.253246,2780829,62005,1,HR,1,100,58
1715671445.166299,2781700,62144,1,HR,1,100,59
1715671446.208291,2782694,62313,1,HR,1,100,59
1715671447.231414,2783670,62470,1,HR,1,100,59
1715671448.232523,2784625,62625,1,HR,1,100,59
1715671449.295481,2785639,62797,1,HR,1,100,59
1715671450.343763,2786639,62970,1,HR,1,100,59
1715671451.375273,2787623,63124,1,HR,1,100,59
1715671452.434037,2788633,63287,1,HR,1,100,58
1715671453.516912,2789666,63456,1,HR,1,100,58
1715671454.486573,2790591,63612,1,HR,1,100,59
1715671455.605090,2791658,63784,1,HR,1,100,58
1715671456.734089,2792735,63973,1,HR,1,100,57
1715671457.753019,2793707,64118,1,HR,1,100,57
1715671458.905081,2794806,64290,1,HR,1,100,56
1715671460.000535,2795851,64477,1,HR,1,100,56
1715671460.935603,2796743,64615,1,HR,1,100,58
1715671461.984933,2797744,64790,1,HR,1,100,58
1715671463.109739,2798817,64949,1,HR,1,100,57
1715671464.258656,2799913,65138,1,HR,1,100,56
1715671465.431684,2801032,65326,1,HR,1,100,55
1715671466.273454,2801835,65462,1,HR,1,100,59
1715671467.488412,2802994,115,1,HR,1,100,57
1715671467.882566,2803370,185,1,HR,1,100,78
1715671469.011566,2804447,361,1,HR,1,100,73
1715671469.298795,2804721,410,1,HR,1,100,104
1715671470.580844,2805944,616,1,HR,1,100,91
1715671471.597677,2806914,789,1,HR,1,100,84
1715671472.886015,2808143,996,1,HR,1,100,76
1715671477.363227,2812414,1701,1,HR,1,100,62
1715671478.140004,2813155,1819,1,HR,1,100,66
1715671478.934602,2813913,1945,1,HR,1,100,68
1715671479.861283,2814797,2100,1,HR,1,100,67
1715671480.784819,2815678,2253,1,HR,1,100,67
1715671481.581513,2816438,2373,1,HR,1,100,69
1715671482.470456,2817286,2516,1,HR,1,100,69
1715671483.309082,2818086,2652,1,HR,1,100,69
1715671484.200121,2818936,2789,1,HR,1,100,69
1715671485.075437,2819771,2933,1,HR,1,100,69
1715671486.018890,2820671,3087,1,HR,1,100,68
1715671486.944523,2821554,3223,1,HR,1,100,67
1715671487.914184,2822479,3398,1,HR,1,100,66
1715671488.862879,2823384,3536,1,HR,1,100,66
1715671489.816815,2824294,3695,1,HR,1,100,65
1715671490.763414,2825197,3833,1,HR,1,100,65
1715671491.827420,2826212,4005,1,HR,1,100,63
1715671492.841108,2827179,4179,1,HR,1,100,62
1715671493.789804,2828084,4332,1,HR,1,100,62
1715671494.741643,2828992,4487,1,HR,1,100,63
1715671495.783635,2829986,4647,1,HR,1,100,62
1715671496.826676,2830981,4819,1,HR,1,100,61
1715671497.344527,2831475,4892,1,HR,1,100,73
1715671498.515458,2832592,5080,1,HR,1,100,68
1715671499.169586,2833216,5184,1,HR,1,100,74
1715671500.949568,2834914,5474,1,HR,1,100,65
1715671502.328059,2836229,5700,1,HR,1,100,60
1715671503.230629,2837090,5835,1,HR,1,100,62
1715671504.123766,2837942,5990,1,HR,1,100,63
1715671504.851273,2838636,6112,1,HR,1,100,67
1715671505.680464,2839427,6233,1,HR,1,100,69
1715671506.561021,2840267,6374,1,HR,1,100,68
1715671507.341991,2841012,6495,1,HR,1,100,71
1715671508.211016,2841841,6634,1,HR,1,100,70
1715671509.047545,2842639,6755,1,HR,1,100,70
1715671509.835853,2843391,6890,1,HR,1,100,72
1715671510.652465,2844170,7031,1,HR,1,100,72
1715671511.512056,2844990,7156,1,HR,1,100,72
1715671512.277302,2845720,7278,1,HR,1,100,73
1715671514.451438,2847794,7630,1,HR,1,100,63
1715671515.336188,2848638,7773,1,HR,1,100,64
1715671515.856136,2849134,7862,1,HR,1,100,76
1715671516.683230,2849923,7985,1,HR,1,100,75
1715671517.974713,2851155,8210,1,HR,1,100,69
1715671518.708511,2851855,8328,1,HR,1,100,72
1715671519.421342,2852535,8432,1,HR,1,100,75
1715671519.793482,2852890,8502,1,HR,1,100,94
1715671522.082930,2855074,8866,1,HR,1,100,79
1715671523.562056,2856485,9109,1,HR,1,100,71
1715671524.552682,2857430,9261,1,HR,1,100,68
1715671527.726879,2860458,9761,1,HR,1,100,57
1715671534.512408,2866931,10856,1,HR,1,100,47
1715671535.575365,2867945,11022,1,HR,1,100,49
1715671536.545026,2868870,11177,1,HR,1,100,52
1715671537.344865,2869633,11300,1,HR,1,100,57
1715671538.382664,2870623,11460,1,HR,1,100,57
1715671539.394256,2871588,11613,1,HR,1,100,58
1715671540.227640,2872383,11754,1,HR,1,100,61
1715671541.346157,2873450,11923,1,HR,1,100,60
1715671542.357749,2874415,12097,1,HR,1,100,60
1715671543.197423,2875216,12233,1,HR,1,100,62
1715671544.091607,2876069,12378,1,HR,1,100,63
1715671544.985791,2876922,12514,1,HR,1,100,64
1715671545.818127,2877716,12652,1,HR,1,100,66
1715671547.047762,2878889,12857,1,HR,1,100,62
1715671548.013229,2879810,13012,1,HR,1,100,62
1715671548.843468,2880602,13139,1,HR,1,100,65
1715671549.864495,2881576,13290,1,HR,1,100,63
1715671550.688444,2882362,13428,1,HR,1,100,66
1715671551.563760,2883197,13565,1,HR,1,100,66
1715671552.512455,2884102,13724,1,HR,1,100,66
1715671553.422363,2884970,13859,1,HR,1,100,66
1715671554.296630,2885804,14005,1,HR,1,100,66
1715671555.449740,2886904,14190,1,HR,1,100,63
1715671557.725560,2889075,14566,1,HR,1,100,55
1715671560.249823,2891483,14965,1,HR,1,100,48
1715671561.123042,2892316,15103,1,HR,1,100,53
1715671561.911350,2893068,15238,1,HR,1,100,58
1715671562.841176,2893955,15379,1,HR,1,100,60
1715671563.812933,2894882,15533,1,HR,1,100,60
1715671565.102319,2896112,15741,1,HR,1,100,57
1715671565.967152,2896937,15882,1,HR,1,100,60
1715671566.869723,2897798,16035,1,HR,1,100,61
1715671567.835190,2898719,16192,1,HR,1,100,62
1715671568.814286,2899653,16347,1,HR,1,100,62
1715671569.960057,2900746,16502,1,HR,1,100,60
1715671570.729496,2901480,16627,1,HR,1,100,64
1715671571.932924,2902628,16832,1,HR,1,100,61
1715671573.715003,2904328,17108,1,HR,1,100,55
1715671574.427835,2905008,17229,1,HR,1,100,61
1715671575.741332,2906261,17437,1,HR,1,100,58
1715671576.910166,2907376,17627,1,HR,1,100,57
1715671577.913372,2908333,17798,1,HR,1,100,57
1715671578.646121,2909032,17921,1,HR,1,100,63
1715671581.152563,2911423,18318,1,HR,1,100,54
1715671581.685090,2911931,18385,1,HR,1,100,68
1715671583.200905,2913377,18628,1,HR,1,100,62
1715671583.990261,2914130,18765,1,HR,1,100,65
1715671587.990505,2917946,19400,1,HR,1,100,54
1715671588.619474,2918546,19503,1,HR,1,100,63
1715671591.679409,2921465,19980,1,HR,1,100,53
1715671595.657638,2925260,20616,1,HR,1,100,45
1715671597.310779,2926837,20877,1,HR,1,100,43
1715671598.385267,2927862,21049,1,HR,1,100,46
1715671599.036251,2928483,21171,1,HR,1,100,56
1715671600.895902,2930257,21459,1,HR,1,100,51
1715671602.097233,2931403,21634,1,HR,1,100,51
1715671602.736685,2932013,21726,1,HR,1,100,61
1715671603.574262,2932812,21864,1,HR,1,100,63
1715671604.363619,2933565,21985,1,HR,1,100,66
1715671605.495763,2934645,22172,1,HR,1,100,63
1715671606.389947,2935498,22311,1,HR,1,100,64
1715671607.242201,2936311,22447,1,HR,1,100,66
1715671608.381683,2937398,22626,1,HR,1,100,63
1715671609.121770,2938104,22745,1,HR,1,100,67
1715671609.975071,2938918,22882,1,HR,1,100,68
1715671611.053753,2939947,23055,1,HR,1,100,65
1715671611.776020,2940636,23174,1,HR,1,100,69
1715671612.599969,2941422,23296,1,HR,1,100,70
1715671613.637768,2942412,23474,1,HR,1,100,67
1715671614.479538,2943215,23592,1,HR,1,100,69
1715671615.231156,2943932,23715,1,HR,1,100,71
1715671616.518446,2945160,23919,1,HR,1,100,66
1715671617.275306,2945882,24045,1,HR,1,100,69
1715671618.010152,2946583,24165,1,HR,1,100,72
1715671619.869803,2948357,24476,1,HR,1,100,63
1715671620.646580,2949098,24597,1,HR,1,100,67
1715671622.714840,2951071,24919,1,HR,1,100,58
1715671624.001082,2952298,25124,1,HR,1,100,56
1715671625.030495,2953280,25302,1,HR,1,100,56
1715671626.124901,2954324,25471,1,HR,1,100,56
1715671628.121878,2956229,25779,1,HR,1,100,50
1715671628.682709,2956764,25883,1,HR,1,100,63
1715671629.810660,2957840,26043,1,HR,1,100,61
1715671630.709038,2958697,26200,1,HR,1,100,62
1715671631.548711,2959498,26319,1,HR,1,100,65
1715671632.677711,2960575,26491,1,HR,1,100,62
1715671633.570847,2961427,26628,1,HR,1,100,63
1715671634.490190,2962304,26780,1,HR,1,100,64
1715671635.597176,2963360,26957,1,HR,1,100,62
1715671636.574174,2964292,27115,1,HR,1,100,62
1715671637.352000,2965034,27236,1,HR,1,100,65
1715671638.512448,2966141,27425,1,HR,1,100,62
1715671640.481121,2968019,27736,1,HR,1,100,55
1715671641.406754,2968902,27889,1,HR,1,100,57
1715671642.222317,2969680,28027,1,HR,1,100,61
1715671643.168915,2970583,28166,1,HR,1,100,62
1715671644.250742,2971615,28340,1,HR,1,100,60
1715671644.997119,2972327,28476,1,HR,1,100,65
1715671646.054835,2973336,28615,1,HR,1,100,63
1715671647.225766,2974453,28806,1,HR,1,100,61
1715671647.972143,2975165,28926,1,HR,1,100,65
1715671649.079128,2976221,29116,1,HR,1,100,63
1715671650.331825,2977416,29302,1,HR,1,100,59
1715671651.002725,2978056,29427,1,HR,1,100,66
1715671651.918924,2978930,29565,1,HR,1,100,66
1715671653.043730,2980003,29756,1,HR,1,100,63
1715671654.227240,2981132,29927,1,HR,1,100,61
1715671655.151825,2982014,30083,1,HR,1,100,62
1715671656.261955,2983073,30272,1,HR,1,100,60
1715671657.477962,2984233,30463,1,HR,1,100,58
1715671658.445526,2985156,30620,1,HR,1,100,59
1715671659.529450,2986190,30792,1,HR,1,100,58
1715671660.712960,2987319,30977,1,HR,1,100,57
1715671661.676331,2988238,31139,1,HR,1,100,58
1715671662.760254,2989272,31311,1,HR,1,100,57
1715671664.017144,2990471,31481,1,HR,1,100,55
1715671664.772955,2991192,31619,1,HR,1,100,61
1715671665.862120,2992231,31788,1,HR,1,100,59
1715671666.986927,2993304,31962,1,HR,1,100,58
1715671668.276313,2994534,32173,1,HR,1,100,56
1715671668.890606,2995120,32277,1,HR,1,100,65
1715671669.994447,2996173,32449,1,HR,1,100,63
1715671671.324717,2997442,32667,1,HR,1,100,59
1715671671.847810,2997941,32751,1,HR,1,100,71
1715671672.971568,2999013,32920,1,HR,1,100,67
1715671674.341672,3000320,33143,1,HR,1,100,62
1715671675.167718,3001108,33261,1,HR,1,100,65
1715671676.175117,3002069,33436,1,HR,1,100,64
1715671677.235978,3003081,33590,1,HR,1,100,62
1715671678.316757,3004112,33769,1,HR,1,100,61
1715671679.084099,3004844,33890,1,HR,1,100,65
1715671680.299058,3006003,34091,1,HR,1,100,61
1715671681.562237,3007208,34279,1,HR,1,100,58
1715671682.171289,3007789,34385,1,HR,1,100,67
1715671682.917666,3008501,34504,1,HR,1,100,70
1715671684.442916,3009956,34735,1,HR,1,100,63
1715671684.852794,3010347,34805,1,HR,1,100,82
1715671685.905269,3011351,34978,1,HR,1,100,76
1715671687.255456,3012639,35185,1,HR,1,100,69
1715671687.988205,3013338,35305,1,HR,1,100,72
1715671689.139218,3014436,35465,1,HR,1,100,68
1715671690.398205,3015637,35668,1,HR,1,100,64
1715671690.986291,3016198,35770,1,HR,1,100,72
1715671693.731741,3018817,36201,1,HR,1,100,61
1715671694.270558,3019331,36264,1,HR,1,100,72
1715671695.506482,3020510,36436,1,HR,1,100,67
1715671695.696221,3020691,36456,1,HR,1,100,122
1715671696.454129,3021414,36576,1,HR,1,100,113
1715671697.325251,3022245,36731,1,HR,1,100,103
1715671698.708983,3023565,36951,1,HR,1,100,90
1715671698.879853,3023728,36973,1,HR,1,100,148
1715671699.552850,3024370,37080,1,HR,1,100,135
1715671700.495255,3025269,37234,1,HR,1,100,119
1715671701.869553,3026580,37461,1,HR,1,100,103
1715671702.050905,3026753,37479,1,HR,1,100,158
1715671702.632702,3027308,37583,1,HR,1,100,146
1715671703.589783,3028221,37736,1,HR,1,100,127
1715671705.020688,3029586,37958,1,HR,1,100,108
1715671705.673768,3030209,38046,1,HR,1,100,105
1715671706.737774,3031224,38234,1,HR,1,100,94
1715671707.909753,3032342,38425,1,HR,1,100,85
1715671708.951745,3033336,38578,1,HR,1,100,79
1715671709.854316,3034197,38730,1,HR,1,100,76
1715671711.504311,3035771,38973,1,HR,1,100,67
1715671712.119653,3036358,39064,1,HR,1,100,74
1715671713.173176,3037363,39236,1,HR,1,100,70
1715671714.517073,3038645,39458,1,HR,1,100,65
1715671715.378761,3039467,39594,1,HR,1,100,66
1715671716.310683,3040356,39736,1,HR,1,100,66
1715671717.495242,3041486,39924,1,HR,1,100,62
1715671718.410392,3042359,40062,1,HR,1,100,63
1715671719.395777,3043299,40234,1,HR,1,100,63
1715671720.649522,3044495,40421,1,HR,1,100,59
1715671721.808921,3045601,40585,1,HR,1,100,58
1715671722.535381,3046294,40710,1,HR,1,100,63
1715671723.716794,3047421,40895,1,HR,1,100,61
1715671724.977877,3048624,41088,1,HR,1,100,58
1715671725.905607,3049509,41226,1,HR,1,100,59
1715671727.078634,3050628,41388,1,HR,1,100,58
1715671728.494863,3051979,41611,1,HR,1,100,54
1715671729.297847,3052745,41716,1,HR,1,100,59
1715671730.304197,3053705,41888,1,HR,1,100,59
1715671731.464645,3054812,42058,1,HR,1,100,58
1715671732.495106,3055795,42205,1,HR,1,100,58
1715671733.346311,3056607,42341,1,HR,1,100,61
1715671734.604249,3057807,42546,1,HR,1,100,58
1715671735.757359,3058907,42718,1,HR,1,100,57
1715671736.672509,3059780,42857,1,HR,1,100,59
1715671737.957703,3061006,43037,1,HR,1,100,56
1715671738.931557,3061935,43190,1,HR,1,100,57
1715671739.953631,3062910,43298,1,HR,1,100,58
1715671741.277611,3064173,43441,1,HR,1,100,55
1715671742.159216,3065014,43578,1,HR,1,100,58
1715671743.124684,3065935,43723,1,HR,1,100,59
1715671744.406733,3067158,43925,1,HR,1,100,56
1715671745.212862,3067927,44062,1,HR,1,100,61
1715671746.213971,3068882,44216,1,HR,1,100,60
1715671748.099830,3070681,44531,1,HR,1,100,54
1715671748.920634,3071464,44636,1,HR,1,100,59
1715671749.934323,3072431,44790,1,HR,1,100,59
1715671751.217420,3073655,44995,1,HR,1,100,56
1715671752.111604,3074508,45154,1,HR,1,100,59
1715671753.485902,3075819,45380,1,HR,1,100,55
1715671754.787868,3077061,45569,1,HR,1,100,53
1715671755.125414,3077383,45620,1,HR,1,100,81
1715671756.127572,3078339,45774,1,HR,1,100,76
1715671757.543801,3079690,46016,1,HR,1,100,69
1715671758.287032,3080399,46104,1,HR,1,100,71
1715671760.079594,3082109,46364,1,HR,1,100,63
1715671760.899351,3082891,46486,1,HR,1,100,66
1715671762.858589,3084760,46795,1,HR,1,100,58
1715671763.630125,3085496,46918,1,HR,1,100,62
1715671764.609220,3086430,47043,1,HR,1,100,62
1715671766.794888,3088515,47367,1,HR,1,100,54
1715671767.616741,3089299,47505,1,HR,1,100,59
1715671768.721630,3090353,47678,1,HR,1,100,58
1715671770.616923,3092161,47961,1,HR,1,100,52
1715671771.807771,3093297,48149,1,HR,1,100,52
1715671773.038454,3094471,48243,1,HR,1,100,51
1715671773.876031,3095270,48353,1,HR,1,100,56
1715671774.949472,3096294,48522,1,HR,1,100,56
1715671776.376184,3097655,48746,1,HR,1,100,53
1715671777.123609,3098368,48868,1,HR,1,100,59
1715671778.123669,3099322,49022,1,HR,1,100,60
1715671779.457084,3100594,49243,1,HR,1,100,56
1715671780.391103,3101485,49381,1,HR,1,100,58
1715671781.360764,3102410,49525,1,HR,1,100,59
1715671782.684744,3103673,49747,1,HR,1,100,56
1715671783.434265,3104388,49872,1,HR,1,100,61
1715671784.519237,3105423,50038,1,HR,1,100,60
1715671785.707988,3106557,50220,1,HR,1,100,58
1715671787.310811,3108086,50460,1,HR,1,100,54
1715671790.118110,3110764,50904,1,HR,1,100,46
1715671791.176875,3111774,51056,1,HR,1,100,49
1715671792.076300,3112632,51196,1,HR,1,100,53
1715671792.799615,3113322,51311,1,HR,1,100,60
1715671794.394052,3114843,51560,1,HR,1,100,55
1715671795.014634,3115435,51643,1,HR,1,100,64
1715671795.384678,3115788,51710,1,HR,1,100,86
1715671796.101703,3116472,51811,1,HR,1,100,86
1715671797.074508,3117400,51954,1,HR,1,100,80
1715671798.000141,3118283,52103,1,HR,1,100,77
1715671799.381777,3119601,52318,1,HR,1,100,70
1715671800.756074,3120912,52535,1,HR,1,100,64
1715671802.102068,3122196,52738,1,HR,1,100,60
1715671803.036087,3123087,52873,1,HR,1,100,61
1715671808.220889,3128033,53670,1,HR,1,100,50
1715671810.238831,3129958,53983,1,HR,1,100,45
1715671811.315417,3130985,54149,1,HR,1,100,48
1715671813.609057,3133173,54488,1,HR,1,100,43
1715671814.760071,3134271,54671,1,HR,1,100,45
1715671817.166926,3136567,55052,1,HR,1,100,41
1715671818.437443,3137779,55226,1,HR,1,100,42
1715671820.735277,3139971,55590,1,HR,1,100,39
1715671821.979588,3141158,55789,1,HR,1,100,41
1715671824.209283,3143285,56113,1,HR,1,100,38
1715671825.695747,3144703,56345,1,HR,1,100,38
1715671827.362515,3146293,56597,1,HR,1,100,38
1715671827.808035,3146718,56664,1,HR,1,100,59
1715671830.951832,3149717,57149,1,HR,1,100,50
1715671833.406908,3152059,57530,1,HR,1,100,45
1715671834.345120,3152954,57669,1,HR,1,100,49
1715671835.731997,3154277,57886,1,HR,1,100,48
1715671837.019287,3155505,58087,1,HR,1,100,48
1715671837.774050,3156225,58204,1,HR,1,100,55
1715671838.985864,3157381,58386,1,HR,1,100,54
1715671840.806729,3159118,58672,1,HR,1,100,49
1715671842.764920,3160986,58971,1,HR,1,100,45
1715671844.020761,3162184,59171,1,HR,1,100,46
1715671844.967360,3163087,59320,1,HR,1,100,50
1715671846.906681,3164937,59605,1,HR,1,100,46
1715671847.313415,3165325,59673,1,HR,1,100,68
1715671847.845942,3165833,59756,1,HR,1,100,78
1715671849.325068,3167244,59990,1,HR,1,100,70
1715671850.325128,3168198,60156,1,HR,1,100,68
1715671851.541135,3169358,60321,1,HR,1,100,64
1715671852.500313,3170273,60473,1,HR,1,100,63
1715671853.461588,3171190,60623,1,HR,1,100,63
1715671854.429152,3172113,60774,1,HR,1,100,63
1715671855.388330,3173028,60923,1,HR,1,100,63
1715671856.509991,3174098,61096,1,HR,1,100,61
1715671857.423045,3174969,61248,1,HR,1,100,62
1715671858.536320,3176031,61399,1,HR,1,100,60
1715671859.505981,3176956,61548,1,HR,1,100,61
1715671860.717794,3178112,61732,1,HR,1,100,58
1715671861.853084,3179195,61905,1,HR,1,100,57
1715671862.724206,3180026,62038,1,HR,1,100,60
1715671863.435989,3180705,62156,1,HR,1,100,65
1715671864.631031,3181845,62339,1,HR,1,100,62
1715671865.724388,3182888,62505,1,HR,1,100,61
1715671866.468668,3183598,62621,1,HR,1,100,65
1715671869.412244,3186406,63056,1,HR,1,100,55
1715671871.603153,3188496,63406,1,HR,1,100,49
1715671872.268812,3189131,63498,1,HR,1,100,58
1715671873.237424,3190055,63647,1,HR,1,100,59
1715671874.291996,3191061,63813,1,HR,1,100,59
1715671875.600251,3192309,64013,1,HR,1,100,56
1715671877.120260,3193759,64263,1,HR,1,100,52
1715671878.062665,3194658,64389,1,HR,1,100,55
1715671879.433818,3195966,64603,1,HR,1,100,52
1715671880.022953,3196528,64704,1,HR,1,100,64
1715671880.799729,3197269,64820,1,HR,1,100,67
1715671881.711735,3198139,64957,1,HR,1,100,67
1715671882.776789,3199155,65110,1,HR,1,100,64
1715671884.010617,3200332,65310,1,HR,1,100,61
1715671884.617572,3200911,65394,1,HR,1,100,70
1715671885.944697,3202177,73,1,HR,1,100,64
1715671886.532783,3202738,156,1,HR,1,100,73
1715671887.973122,3204112,398,1,HR,1,100,66
1715671890.996367,3206996,873,1,HR,1,100,56
1715671892.079242,3208029,1028,1,HR,1,100,56
1715671892.860212,3208774,1164,1,HR,1,100,60
1715671894.213544,3210065,1375,1,HR,1,100,57
1715671895.185301,3210992,1533,1,HR,1,100,58
1715671895.959981,3211731,1651,1,HR,1,100,63
1715671897.285009,3212995,1859,1,HR,1,100,59
1715671898.330146,3213992,2028,1,HR,1,100,59
1715671899.591229,3215195,2219,1,HR,1,100,56
1715671900.431952,3215997,2358,1,HR,1,100,59
1715671901.542082,3217056,2529,1,HR,1,100,58
1715671902.498115,3217968,2684,1,HR,1,100,59
1715671903.630259,3219048,2871,1,HR,1,100,58
1715671904.511864,3219889,2998,1,HR,1,100,60
1715671905.735209,3221056,3186,1,HR,1,100,58
1715671906.684952,3221962,3341,1,HR,1,100,59
1715671907.557123,3222794,3480,1,HR,1,100,61
1715671908.681929,3223867,3668,1,HR,1,100,60
1715671909.868584,3224999,3863,1,HR,1,100,58
1715671910.794217,3225882,3998,1,HR,1,100,59
1715671911.869754,3226908,4189,1,HR,1,100,59
1715671912.989319,3227976,4358,1,HR,1,100,58
1715671913.893987,3228839,4499,1,HR,1,100,60
1715671914.983151,3229878,4690,1,HR,1,100,59
1715671916.062882,3230908,4842,1,HR,1,100,58
1715671916.798776,3231610,4964,1,HR,1,100,64
1715671917.692960,3232463,5120,1,HR,1,100,64
1715671918.778980,3233499,5289,1,HR,1,100,62
1715671919.928945,3234596,5475,1,HR,1,100,60
1715671920.937392,3235558,5636,1,HR,1,100,60
1715671921.946887,3236521,5791,1,HR,1,100,60
1715671923.113625,3237634,5979,1,HR,1,100,58
1715671924.078045,3238554,6117,1,HR,1,100,59
1715671924.444943,3238904,6184,1,HR,1,100,83
1715671925.059236,3239490,6272,1,HR,1,100,86
1715671926.270002,3240645,6464,1,HR,1,100,78
1715671927.113869,3241450,6620,1,HR,1,100,77
1715671928.069902,3242362,6755,1,HR,1,100,74
1715671929.210432,3243450,6941,1,HR,1,100,69
1715671930.246135,3244438,7110,1,HR,1,100,67
1715671931.362555,3245503,7273,1,HR,1,100,64
1715671932.459058,3246549,7464,1,HR,1,100,62
1715671933.263090,3247316,7580,1,HR,1,100,65
1715671934.245330,3248253,7735,1,HR,1,100,64
1715671935.374330,3249330,7921,1,HR,1,100,62
1715671936.304156,3250217,8067,1,HR,1,100,62
1715671937.048436,3250927,8175,1,HR,1,100,67
1715671938.084138,3251915,8344,1,HR,1,100,65
1715671939.192172,3252972,8514,1,HR,1,100,62
1715671939.980480,3253724,8646,1,HR,1,100,66
1715671940.960623,3254659,8801,1,HR,1,100,65
1715671942.154616,3255798,9000,1,HR,1,100,62
1715671943.061380,3256663,9135,1,HR,1,100,63
1715671943.954516,3257515,9271,1,HR,1,100,64
1715671945.197778,3258701,9477,1,HR,1,100,60
1715671945.994473,3259461,9615,1,HR,1,100,64
1715671947.009209,3260429,9776,1,HR,1,100,63
1715671948.241989,3261605,9966,1,HR,1,100,60
1715671949.102628,3262426,10104,1,HR,1,100,62
1715671950.137282,3263413,10272,1,HR,1,100,61
1715671951.326034,3264547,10445,1,HR,1,100,59
1715671952.575586,3265739,10658,1,HR,1,100,57
1715671955.731963,3268750,11147,1,HR,1,100,48
1715671956.117730,3269118,11203,1,HR,1,100,73
1715671957.480497,3270418,11426,1,HR,1,100,66
1715671958.310736,3271210,11552,1,HR,1,100,68
1715671959.217500,3272075,11704,1,HR,1,100,68
1715671960.149422,3272964,11844,1,HR,1,100,67
1715671962.552084,3275256,12232,1,HR,1,100,58
1715671963.297413,3275967,12357,1,HR,1,100,63
1715671964.863546,3277461,12612,1,HR,1,100,57
1715671965.703219,3278262,12732,1,HR,1,100,61
1715671966.715860,3279228,12906,1,HR,1,100,60
1715671967.886790,3280345,13092,1,HR,1,100,58
1715671968.655181,3281078,13216,1,HR,1,100,63
1715671969.698221,3282073,13386,1,HR,1,100,62
1715671970.763276,3283089,13537,1,HR,1,100,61
1715671971.710922,3283993,13694,1,HR,1,100,61
1715671972.786460,3285019,13863,1,HR,1,100,60
1715671973.856755,3286040,14058,1,HR,1,100,59
1715671974.802305,3286942,14194,1,HR,1,100,60
1715671975.863167,3287954,14366,1,HR,1,100,60
1715671977.015229,3289053,14556,1,HR,1,100,58
1715671977.985937,3289979,14709,1,HR,1,100,59
1715671979.178882,3291117,14898,1,HR,1,100,57
1715671979.871796,3291778,15009,1,HR,1,100,63
1715671981.162231,3293009,15213,1,HR,1,100,60
1715671982.076333,3293881,15355,1,HR,1,100,61
1715671983.203236,3294956,15544,1,HR,1,100,59
1715671984.208538,3295915,15697,1,HR,1,100,60
1715671985.245289,3296904,15860,1,HR,1,100,59
1715671986.250591,3297863,16029,1,HR,1,100,59
1715671987.405798,3298965,16186,1,HR,1,100,58
1715671988.333527,3299850,16339,1,HR,1,100,59
1715671989.402775,3300870,16512,1,HR,1,100,59
1715671990.487746,3301905,16689,1,HR,1,100,58
1715671991.443779,3302817,16842,1,HR,1,100,59
1715671992.583262,3303904,17014,1,HR,1,100,58
1715671993.675571,3304946,17198,1,HR,1,100,57
1715671994.629508,3305856,17352,1,HR,1,100,59
1715671995.732301,3306908,17514,1,HR,1,100,58
1715671996.863397,3307987,17685,1,HR,1,100,57
1715671997.850878,3308929,17854,1,HR,1,100,58
1715671999.010278,3310035,18026,1,HR,1,100,57
1715672000.081622,3311057,18215,1,HR,1,100,56
1715672001.192801,3312117,18378,1,HR,1,100,56
1715672002.314462,3313187,18549,1,HR,1,100,55
1715672003.356454,3314181,18721,1,HR,1,100,56
1715672004.425702,3315201,18891,1,HR,1,100,56
1715672005.490756,3316217,19063,1,HR,1,100,56
1715672006.439451,3317122,19206,1,HR,1,100,58
1715672007.568451,3318199,19376,1,HR,1,100,57
1715672008.624070,3319206,19547,1,HR,1,100,57
1715672009.541317,3320081,19699,1,HR,1,100,59
1715672010.667172,3321155,19868,1,HR,1,100,58
1715672011.720695,3322160,20048,1,HR,1,100,58
1715672012.632700,3323030,20183,1,HR,1,100,60
1715672013.749120,3324095,20372,1,HR,1,100,58
1715672014.796354,3325094,20528,1,HR,1,100,58
1715672015.756580,3326010,20678,1,HR,1,100,59
1715672016.908642,3327109,20857,1,HR,1,100,58
1715672017.902413,3328057,21014,1,HR,1,100,58
1715672018.929729,3329037,21167,1,HR,1,100,58
1715672020.038811,3330095,21339,1,HR,1,100,58
1715672021.060886,3331070,21509,1,HR,1,100,58
1715672021.979181,3331946,21666,1,HR,1,100,60
1715672023.049477,3332967,21840,1,HR,1,100,59
1715672024.083082,3333953,21993,1,HR,1,100,59
1715672024.965736,3334795,22130,1,HR,1,100,61
1715672025.885079,3335672,22285,1,HR,1,100,62
1715672026.746767,3336494,22423,1,HR,1,100,64
1715672027.809724,3337508,22600,1,HR,1,100,62
1715672028.822365,3338474,22766,1,HR,1,100,62
1715672029.870646,3339474,22938,1,HR,1,100,61
1715672031.001743,3340553,23112,1,HR,1,100,59
1715672032.013335,3341518,23267,1,HR,1,100,59
1715672032.905422,3342369,23411,1,HR,1,100,61
1715672034.002973,3343416,23597,1,HR,1,100,60
1715672035.078511,3344442,23766,1,HR,1,100,59
1715672036.209607,3345521,23955,1,HR,1,100,58
1715672037.294578,3346556,24126,1,HR,1,100,57
1715672038.328184,3347542,24283,1,HR,1,100,58
1715672039.365983,3348532,24456,1,HR,1,100,58
1715672040.486597,3349601,24625,1,HR,1,100,57
1715672041.401747,3350474,24782,1,HR,1,100,59
1715672042.424870,3351450,24954,1,HR,1,100,59
1715672043.455331,3352433,25106,1,HR,1,100,59
1715672044.263556,3353204,25233,1,HR,1,100,62
1715672045.135726,3354036,25371,1,HR,1,100,64
1715672046.086518,3354943,25523,1,HR,1,100,64
1715672047.161007,3355968,25694,1,HR,1,100,62
1715672048.113895,3356877,25850,1,HR,1,100,62
1715672049.203060,3357916,26006,1,HR,1,100,61
1715672050.420115,3359077,26179,1,HR,1,100,58
1715672051.436949,3360047,26353,1,HR,1,100,58
1715672052.489424,3361051,26522,1,HR,1,100,58
1715672053.598505,3362109,26694,1,HR,1,100,57
1715672054.710733,3363170,26871,1,HR,1,100,57
1715672055.592338,3364011,27006,1,HR,1,100,59
1715672056.636426,3365007,27178,1,HR,1,100,59
1715672057.699384,3366021,27336,1,HR,1,100,59
1715672058.666948,3366944,27490,1,HR,1,100,59
1715672059.800141,3368025,27668,1,HR,1,100,58
1715672060.714243,3368897,27823,1,HR,1,100,60
1715672061.819132,3369951,27994,1,HR,1,100,59
1715672062.884186,3370967,28163,1,HR,1,100,58
1715672063.911502,3371947,28335,1,HR,1,100,58
1715672065.109688,3373090,28529,1,HR,1,100,56
1715672066.242881,3374171,28701,1,HR,1,100,56
1715672067.375025,3375251,28890,1,HR,1,100,55
1715672068.552246,3376374,29076,1,HR,1,100,54
1715672069.555452,3377331,29245,1,HR,1,100,56
1715672070.702272,3378425,29425,1,HR,1,100,55
1715672071.798775,3379471,29596,1,HR,1,100,55
1715672073.206617,3380814,29836,1,HR,1,100,52
1715672073.972911,3381545,29957,1,HR,1,100,58
1715672074.899592,3382429,30093,1,HR,1,100,60
1715672075.964647,3383445,30267,1,HR,1,100,59
1715672076.977287,3384411,30439,1,HR,1,100,59
1715672077.757209,3385155,30561,1,HR,1,100,63
1715672078.688083,3386043,30715,1,HR,1,100,64
1715672079.710158,3387018,30870,1,HR,1,100,63
1715672080.882137,3388136,31056,1,HR,1,100,60
1715672081.764790,3388978,31184,1,HR,1,100,62
1715672082.743885,3389912,31353,1,HR,1,100,62
1715672083.809988,3390929,31523,1,HR,1,100,61
1715672084.969388,3392035,31715,1,HR,1,100,59
1715672085.818496,3392845,31852,1,HR,1,100,61
1715672086.851053,3393830,32014,1,HR,1,100,61
1715672087.748383,3394686,32147,1,HR,1,100,62
1715672088.843837,3395731,32336,1,HR,1,100,61
1715672089.823981,3396666,32492,1,HR,1,100,61
1715672090.620675,3397426,32613,1,HR,1,100,64
1715672091.610253,3398370,32784,1,HR,1,100,63
1715672092.624990,3399338,32911,1,HR,1,100,63
1715672093.747699,3400409,33097,1,HR,1,100,61
1715672094.860975,3401471,33266,1,HR,1,100,59
1715672095.923933,3402485,33435,1,HR,1,100,59
1715672096.952297,3403466,33607,1,HR,1,100,59
1715672098.047752,3404511,33764,1,HR,1,100,58
1715672099.163123,3405575,33953,1,HR,1,100,57
1715672100.145364,3406512,34105,1,HR,1,100,58
1715672101.239770,3407556,34279,1,HR,1,100,57
1715672102.303776,3408571,34452,1,HR,1,100,57
1715672103.300692,3409522,34590,1,HR,1,100,58
1715672104.378325,3410550,34762,1,HR,1,100,58
1715672105.454911,3411577,34934,1,HR,1,100,57
1715672106.414089,3412492,35090,1,HR,1,100,58
1715672107.520026,3413547,35277,1,HR,1,100,58
1715672108.651122,3414626,35456,1,HR,1,100,57
1715672109.673197,3415601,35608,1,HR,1,100,57
1715672110.791714,3416668,35797,1,HR,1,100,56
1715672111.870396,3417697,35969,1,HR,1,100,56
1715672112.951174,3418728,36107,1,HR,1,100,56
1715672114.049774,3419776,36285,1,HR,1,100,56
1715672115.083380,3420762,36441,1,HR,1,100,57
1715672115.804597,3421450,36558,1,HR,1,100,62
1715672121.457981,3426843,37383,1,HR,1,100,51
1715672123.236916,3428540,37656,1,HR,1,100,47
1715672124.318743,3429572,37814,1,HR,1,100,49
1715672125.529508,3430727,37987,1,HR,1,100,49
1715672126.682618,3431827,38163,1,HR,1,100,50
1715672127.748721,3432844,38237,1,HR,1,100,51
1715672128.782326,3433830,38406,1,HR,1,100,53
1715672129.824319,3434824,38568,1,HR,1,100,54
1715672130.879938,3435831,38740,1,HR,1,100,55
1715672131.891530,3436796,38894,1,HR,1,100,56
1715672132.946102,3437802,39063,1,HR,1,100,56
1715672134.010108,3438817,39232,1,HR,1,100,56
1715672135.001782,3439763,39377,1,HR,1,100,57
1715672136.080465,3440792,39547,1,HR,1,100,57
1715672137.092057,3441757,39701,1,HR,1,100,58
1715672138.147676,3442764,39891,1,HR,1,100,57
1715672139.165558,3443735,40039,1,HR,1,100,58
1715672140.153039,3444677,40198,1,HR,1,100,59
1715672141.165680,3445643,40357,1,HR,1,100,59
1715672142.137437,3446570,40497,1,HR,1,100,60
1715672143.201443,3447585,40663,1,HR,1,100,59
1715672144.215132,3448552,40836,1,HR,1,100,59
1715672145.210999,3449502,40977,1,HR,1,100,59
1715672146.208963,3450454,41120,1,HR,1,100,60
1715672147.258294,3451455,41278,1,HR,1,100,59
1715672148.244727,3452396,41430,1,HR,1,100,60
1715672149.319216,3453421,41588,1,HR,1,100,59
1715672150.371691,3454425,41741,1,HR,1,100,58
1715672151.425214,3455430,41889,1,HR,1,100,58
1715672152.450433,3456408,42046,1,HR,1,100,58
1715672153.546936,3457454,42214,1,HR,1,100,58
1715672154.588928,3458448,42380,1,HR,1,100,58
1715672155.553348,3459368,42519,1,HR,1,100,59
1715672156.651947,3460416,42684,1,HR,1,100,58
1715672157.779898,3461492,42853,1,HR,1,100,57
1715672158.705531,3462375,43008,1,HR,1,100,59
1715672159.797841,3463417,43116,1,HR,1,100,58
1715672160.839833,3464411,43237,1,HR,1,100,58
1715672161.720390,3465251,43385,1,HR,1,100,60
1715672162.756092,3466239,43522,1,HR,1,100,60
1715672163.873561,3467305,43711,1,HR,1,100,58
1715672164.680737,3468075,43832,1,HR,1,100,62
1715672165.695474,3469043,44004,1,HR,1,100,62
1715672166.808750,3470105,44176,1,HR,1,100,60
1715672167.649472,3470907,44284,1,HR,1,100,63
1715672168.683078,3471893,44453,1,HR,1,100,62
1715672169.778532,3472938,44625,1,HR,1,100,60
1715672170.691586,3473809,44778,1,HR,1,100,61
1715672171.686405,3474758,44935,1,HR,1,100,61
1715672172.852094,3475870,45116,1,HR,1,100,59
1715672173.927632,3476896,45285,1,HR,1,100,58
1715672175.004217,3477923,45474,1,HR,1,100,58
1715672176.129023,3478996,45646,1,HR,1,100,57
1715672177.123843,3479945,45798,1,HR,1,100,58
1715672178.151159,3480925,45942,1,HR,1,100,58
1715672179.268627,3481991,46116,1,HR,1,100,57
1715672180.241433,3482919,46269,1,HR,1,100,58
1715672181.228914,3483861,46423,1,HR,1,100,59
1715672182.339045,3484920,46612,1,HR,1,100,58
1715672183.364264,3485898,46767,1,HR,1,100,58
1715672184.336022,3486825,46922,1,HR,1,100,59
1715672185.450345,3487888,47092,1,HR,1,100,58
1715672186.493386,3488883,47266,1,HR,1,100,58
1715672187.441033,3489787,47418,1,HR,1,100,59
1715672188.559549,3490854,47590,1,HR,1,100,58
1715672189.610976,3491857,47748,1,HR,1,100,58
1715672190.644582,3492843,47914,1,HR,1,100,58
1715672191.775678,3493922,48106,1,HR,1,100,57
1715672192.784125,3494884,48261,1,HR,1,100,58
1715672193.846035,3495897,48430,1,HR,1,100,57
1715672194.962455,3496962,48591,1,HR,1,100,57
1715672196.027509,3497978,48763,1,HR,1,100,57
1715672197.115626,3499016,48952,1,HR,1,100,56
1715672198.267687,3500115,49124,1,HR,1,100,56
1715672199.320162,3501119,49296,1,HR,1,100,56
1715672200.444969,3502192,49459,1,HR,1,100,55
1715672201.497444,3503196,49630,1,HR,1,100,56
1715672202.467104,3504121,49785,1,HR,1,100,57
1715672203.523772,3505129,49955,1,HR,1,100,57
1715672204.626565,3506181,50143,1,HR,1,100,57
1715672205.618239,3507127,50270,1,HR,1,100,58
1715672206.666521,3508127,50442,1,HR,1,100,58
1715672207.751493,3509162,50614,1,HR,1,100,57
1715672208.733733,3510099,50771,1,HR,1,100,58
1715672209.805077,3511121,50941,1,HR,1,100,58
1715672210.894242,3512160,51086,1,HR,1,100,57
1715672211.985503,3513201,51263,1,HR,1,100,57
1715672213.021206,3514189,51432,1,HR,1,100,57
1715672214.100936,3515219,51605,1,HR,1,100,57
1715672215.150266,3516220,51777,1,HR,1,100,57
1715672216.271928,3517290,51950,1,HR,1,100,56
1715672217.369479,3518337,52120,1,HR,1,100,56
1715672218.396795,3519317,52272,1,HR,1,100,57
1715672219.471284,3520342,52444,1,HR,1,100,56
1715672220.580366,3521400,52633,1,HR,1,100,56
1715672221.576234,3522350,52777,1,HR,1,100,57
1715672222.500818,3523232,52918,1,HR,1,100,59
1715672223.171719,3523872,53033,1,HR,1,100,66
1715672224.456912,3525098,53228,1,HR,1,100,62
1715672224.777686,3525404,53278,1,HR,1,100,91
1715672225.818630,3526397,53450,1,HR,1,100,83
1715672226.670883,3527210,53575,1,HR,1,100,81
1715672227.337591,3527846,53679,1,HR,1,100,83
1715672227.988574,3528467,53801,1,HR,1,100,85
1715672228.539970,3528993,53890,1,HR,1,100,90
1715672229.082980,3529511,53974,1,HR,1,100,95
1715672230.674272,3531029,54232,1,HR,1,100,82
1715672231.109308,3531444,54304,1,HR,1,100,95
1715672231.849396,3532150,54406,1,HR,1,100,92
1715672233.957490,3534161,54749,1,HR,1,100,78
1715672235.286712,3535429,54952,1,HR,1,100,71
1715672237.513262,3537553,55300,1,HR,1,100,61
1715672238.496551,3538491,55453,1,HR,1,100,61
1715672239.489274,3539438,55610,1,HR,1,100,61
1715672240.669639,3540564,55797,1,HR,1,100,59
1715672241.771383,3541615,55985,1,HR,1,100,58
1715672242.735802,3542535,56111,1,HR,1,100,59
1715672243.855367,3543603,56299,1,HR,1,100,58
1715672245.121692,3544811,56500,1,HR,1,100,56
1715672246.034745,3545682,56637,1,HR,1,100,58
1715672247.185759,3546780,56826,1,HR,1,100,57
1715672248.320000,3547862,57003,1,HR,1,100,56
1715672249.348364,3548843,57160,1,HR,1,100,56
1715672250.496233,3549938,57347,1,HR,1,100,56
1715672251.613701,3551004,57519,1,HR,1,100,55
1715672252.783584,3552120,57705,1,HR,1,100,54
1715672253.906293,3553191,57882,1,HR,1,100,54
1715672254.918934,3554157,58037,1,HR,1,100,56
1715672256.014388,3555202,58226,1,HR,1,100,55
1715672257.214671,3556347,58415,1,HR,1,100,54
1715672258.367781,3557447,58604,1,HR,1,100,54
1715672259.495732,3558523,58761,1,HR,1,100,54
1715672260.648842,3559623,58948,1,HR,1,100,53
1715672261.721235,3560646,59119,1,HR,1,100,54
1715672262.836606,3561710,59302,1,HR,1,100,54
1715672263.895371,3562720,59483,1,HR,1,100,55
1715672265.008646,3563782,59624,1,HR,1,100,55
1715672265.985645,3564714,59778,1,HR,1,100,56
1715672266.975223,3565658,59931,1,HR,1,100,57
1715672267.935449,3566574,60083,1,HR,1,100,58
1715672268.721661,3567324,60220,1,HR,1,100,63
1715672269.766798,3568321,60364,1,HR,1,100,61
1715672270.947163,3569447,60551,1,HR,1,100,59
1715672271.872796,3570330,60687,1,HR,1,100,61
1715672273.056306,3571459,60877,1,HR,1,100,58
1715672274.209416,3572559,61046,1,HR,1,100,57
1715672275.184318,3573489,61204,1,HR,1,100,58
1715672276.376215,3574626,61395,1,HR,1,100,56
1715672277.524083,3575721,61564,1,HR,1,100,56
1715672278.437136,3576592,61719,1,HR,1,100,58
1715672279.490660,3577597,61885,1,HR,1,100,58
1715672280.622804,3578677,62049,1,HR,1,100,57
1715672281.743417,3579746,62239,1,HR,1,100,56
1715672282.762347,3580718,62395,1,HR,1,100,57
1715672283.953195,3581854,62584,1,HR,1,100,55
1715672284.999381,3582852,62753,1,HR,1,100,56
1715672286.052904,3583857,62917,1,HR,1,100,56
1715672287.185048,3584937,63086,1,HR,1,100,56
1715672288.326627,3586026,63276,1,HR,1,100,55
1715672289.359185,3587011,63445,1,HR,1,100,56
1715672290.488184,3588088,63617,1,HR,1,100,55
1715672291.402286,3588960,63759,1,HR,1,100,58
1715672292.403395,3589915,63911,1,HR,1,100,58
1715672293.497802,3590959,64097,1,HR,1,100,57
1715672294.523021,3591937,64252,1,HR,1,100,58
1715672295.537758,3592905,64425,1,HR,1,100,58
1715672296.635309,3593952,64571,1,HR,1,100,58
1715672297.572473,3594846,64723,1,HR,1,100,59
1715672298.541085,3595770,64875,1,HR,1,100,60
1715672299.523325,3596707,65051,1,HR,1,100,60
1715672300.306392,3597454,65171,1,HR,1,100,64
1715672301.096797,3598208,65289,1,HR,1,100,67
1715672302.291838,3599348,65468,1,HR,1,100,63
1715672303.239485,3600252,83,1,HR,1,100,63
1715672304.210193,3601178,241,1,HR,1,100,63
1715672305.393704,3602307,445,1,HR,1,100,60
1715672306.362316,3603231,585,1,HR,1,100,61
1715672307.495509,3604312,779,1,HR,1,100,59
1715672308.622412,3605387,948,1,HR,1,100,58
1715672309.577396,3606298,1101,1,HR,1,100,59
1715672310.612051,3607285,1273,1,HR,1,100,59
1715672311.751533,3608372,1457,1,HR,1,100,57
1715672312.763125,3609337,1615,1,HR,1,100,58
1715672313.894221,3610416,1804,1,HR,1,100,57
1715672315.003303,3611474,1973,1,HR,1,100,56
1715672315.972964,3612399,2132,1,HR,1,100,58
1715672316.996087,3613375,2304,1,HR,1,100,58
1715672318.063238,3614393,2448,1,HR,1,100,58
1715672319.067492,3615351,2620,1,HR,1,100,58
1715672320.076987,3616314,2773,1,HR,1,100,59
1715672321.207035,3617392,2961,1,HR,1,100,57
1715672322.331841,3618465,3130,1,HR,1,100,57
1715672323.379075,3619464,3302,1,HR,1,100,57
1715672324.501785,3620535,3492,1,HR,1,100,56
1715672325.596191,3621579,3664,1,HR,1,100,56
1715672326.589962,3622527,3818,1,HR,1,100,57
1715672327.643485,3623532,3990,1,HR,1,100,57
1715672328.739988,3624578,4169,1,HR,1,100,56
1715672329.751580,3625543,4322,1,HR,1,100,57
1715672330.883724,3626623,4510,1,HR,1,100,56
1715672332.011676,3627699,4679,1,HR,1,100,56
1715672333.123903,3628760,4869,1,HR,1,100,55
1715672334.260240,3629844,5043,1,HR,1,100,55
1715672335.293846,3630830,5215,1,HR,1,100,56
1715672336.091589,3631591,5353,1,HR,1,100,60
1715672337.152450,3632603,5525,1,HR,1,100,59
1715672338.162993,3633567,5663,1,HR,1,100,59
1715672339.219661,3634575,5838,1,HR,1,100,59
1715672340.473407,3635771,6026,1,HR,1,100,57
1715672341.497578,3636748,6195,1,HR,1,100,57
1715672342.542715,3637745,6367,1,HR,1,100,57
1715672343.683246,3638833,6539,1,HR,1,100,56
1715672344.756686,3639857,6718,1,HR,1,100,56
1715672345.796582,3640849,6890,1,HR,1,100,57
1715672346.935016,3641935,7073,1,HR,1,100,56
1715672347.967573,3642920,7242,1,HR,1,100,56
1715672349.156325,3644054,7429,1,HR,1,100,55
1715672350.341932,3645185,7622,1,HR,1,100,54
1715672351.439483,3646232,7796,1,HR,1,100,54
1715672352.639766,3647377,7986,1,HR,1,100,53
1715672353.746751,3648433,8173,1,HR,1,100,54
1715672354.822288,3649459,8342,1,HR,1,100,54
1715672356.007895,3650590,8538,1,HR,1,100,53
1715672357.119074,3651650,8713,1,HR,1,100,54
1715672358.225011,3652705,8882,1,HR,1,100,54
1715672359.322562,3653752,9065,1,HR,1,100,54
1715672360.387616,3654768,9234,1,HR,1,100,55
1715672361.541775,3655869,9415,1,HR,1,100,54
1715672362.519822,3656802,9584,1,HR,1,100,56
1715672363.626807,3657858,9752,1,HR,1,100,56
1715672364.767338,3658946,9942,1,HR,1,100,55
1715672365.842875,3659972,10116,1,HR,1,100,55
1715672366.818825,3660903,10238,1,HR,1,100,57
1715672367.851383,3661888,10395,1,HR,1,100,57
1715672368.840961,3662832,10564,1,HR,1,100,58
1715672369.903919,3663846,10703,1,HR,1,100,58
1715672371.159760,3665044,10912,1,HR,1,100,55
1715672372.317064,3666148,11091,1,HR,1,100,55
1715672373.378973,3667161,11260,1,HR,1,100,55
1715672374.548856,3668277,11449,1,HR,1,100,54
1715672375.677855,3669354,11635,1,HR,1,100,54
1715672376.686302,3670316,11797,1,HR,1,100,55
1715672377.696846,3671280,11950,1,HR,1,100,56
1715672378.712631,3672249,12120,1,HR,1,100,57
1715672379.626733,3673121,12260,1,HR,1,100,59
1715672380.573331,3674024,12412,1,HR,1,100,60
1715672381.515737,3674923,12555,1,HR,1,100,61
1715672382.472818,3675836,12713,1,HR,1,100,61
1715672383.164684,3676496,12817,1,HR,1,100,67
1715672384.080882,3677370,12972,1,HR,1,100,67
1715672385.217220,3678454,13161,1,HR,1,100,64
1715672386.221474,3679412,13315,1,HR,1,100,63
1715672387.255080,3680398,13487,1,HR,1,100,62
1715672388.415528,3681505,13664,1,HR,1,100,60
1715672389.395671,3682440,13834,1,HR,1,100,60
1715672390.386297,3683385,13992,1,HR,1,100,60
1715672391.483849,3684432,14163,1,HR,1,100,59
1715672392.407385,3685313,14318,1,HR,1,100,60
1715672393.318342,3686182,14459,1,HR,1,100,62
1715672394.141243,3686967,14596,1,HR,1,100,64
1715672395.110904,3687892,14749,1,HR,1,100,64
1715672396.087902,3688824,14906,1,HR,1,100,63
1715672397.094253,3689784,15061,1,HR,1,100,63
1715672398.145680,3690787,15238,1,HR,1,100,62
1715672399.345962,3691932,15420,1,HR,1,100,59
1715672400.273692,3692817,15573,1,HR,1,100,60
1715672401.339794,3693834,15731,1,HR,1,100,60
1715672402.393317,3694839,15904,1,HR,1,100,59
1715672403.308468,3695712,16039,1,HR,1,100,61
1715672404.388198,3696742,16228,1,HR,1,100,59
1715672405.513004,3697815,16400,1,HR,1,100,58
1715672406.428154,3698688,16540,1,HR,1,100,60
1715672407.522561,3699732,16726,1,HR,1,100,59
1715672408.598098,3700758,16895,1,HR,1,100,58
1715672409.508006,3701626,17038,1,HR,1,100,60
1715672410.618137,3702685,17227,1,HR,1,100,59
1715672411.694722,3703712,17399,1,HR,1,100,58
1715672412.627693,3704602,17534,1,HR,1,100,60
1715672413.703230,3705628,17707,1,HR,1,100,59
1715672414.693856,3706573,17862,1,HR,1,100,59
1715672415.672952,3707507,18034,1,HR,1,100,60
1715672416.705509,3708492,18186,1,HR,1,100,59
1715672417.610177,3709355,18338,1,HR,1,100,61
1715672418.384857,3710094,18461,1,HR,1,100,65
1715672419.441525,3711102,18617,1,HR,1,100,63
1715672420.133391,3711762,18728,1,HR,1,100,68
1715672421.017092,3712605,18862,1,HR,1,100,68
1715672422.012960,3713555,19032,1,HR,1,100,67
1715672422.905048,3714406,19167,1,HR,1,100,67
1715672424.018323,3715468,19357,1,HR,1,100,64
1715672425.009998,3716414,19513,1,HR,1,100,63
1715672425.863299,3717228,19653,1,HR,1,100,65
1715672426.863360,3718182,19807,1,HR,1,100,64
1715672427.865518,3719138,19963,1,HR,1,100,63
1715672428.735592,3719968,20115,1,HR,1,100,64
1715672429.779680,3720964,20271,1,HR,1,100,63
1715672430.759824,3721899,20431,1,HR,1,100,63
1715672431.665539,3722763,20588,1,HR,1,100,64
1715672432.635200,3723688,20709,1,HR,1,100,63
1715672433.569219,3724579,20864,1,HR,1,100,64
1715672434.471790,3725440,21000,1,HR,1,100,64
1715672435.427823,3726352,21155,1,HR,1,100,64
1715672436.436270,3727314,21314,1,HR,1,100,63
1715672437.340937,3728177,21467,1,HR,1,100,64
1715672438.417522,3729204,21639,1,HR,1,100,62
1715672439.430163,3730170,21794,1,HR,1,100,62
1715672440.363134,3731060,21946,1,HR,1,100,62
1715672441.378919,3732029,22122,1,HR,1,100,62
1715672442.496387,3733095,22294,1,HR,1,100,60
1715672443.501689,3734054,22446,1,HR,1,100,60
1715672444.601337,3735103,22632,1,HR,1,100,59
1715672445.702033,3736153,22807,1,HR,1,100,58
1715672446.679032,3737085,22961,1,HR,1,100,59
1715672447.159145,3737543,23048,1,HR,1,100,74
1715672449.683407,3739951,23441,1,HR,1,100,62
1715672450.918283,3741129,23626,1,HR,1,100,59
1715672452.091311,3742248,23820,1,HR,1,100,58
1715672453.230793,3743335,24008,1,HR,1,100,57
1715672454.309475,3744364,24182,1,HR,1,100,57
1715672455.311632,3745320,24336,1,HR,1,100,57
1715672456.378783,3746338,24508,1,HR,1,100,57
1715672457.331671,3747247,24666,1,HR,1,100,58
1715672458.409305,3748275,24835,1,HR,1,100,58
1715672459.451297,3749269,25007,1,HR,1,100,58
1715672460.461841,3750233,25164,1,HR,1,100,58
1715672461.564634,3751285,25353,1,HR,1,100,57
1715672462.608722,3752281,25507,1,HR,1,100,58
1715672463.654907,3753279,25649,1,HR,1,100,58
1715672464.708431,3754284,25819,1,HR,1,100,58
1715672465.710588,3755240,25993,1,HR,1,100,58
1715672466.810236,3756289,26165,1,HR,1,100,57
1715672467.875290,3757305,26334,1,HR,1,100,57
1715672468.868013,3758252,26496,1,HR,1,100,58
1715672469.952985,3759287,26663,1,HR,1,100,57
1715672470.990784,3760277,26823,1,HR,1,100,58
1715672472.098818,3761334,27006,1,HR,1,100,57
1715672473.258217,3762440,27193,1,HR,1,100,56
1715672474.359962,3763491,27347,1,HR,1,100,56
1715672475.477430,3764557,27519,1,HR,1,100,55
1715672476.544581,3765575,27691,1,HR,1,100,56
1715672477.588670,3766571,27862,1,HR,1,100,56
1715672478.701945,3767633,28053,1,HR,1,100,56
1715672479.787965,3768669,28223,1,HR,1,100,56
1715672480.801653,3769636,28382,1,HR,1,100,56
1715672481.940087,3770722,28565,1,HR,1,100,56
1715672482.878300,3771617,28703,1,HR,1,100,58
1715672483.702249,3772403,28844,1,HR,1,100,61
1715672484.619496,3773278,28985,1,HR,1,100,62
1715672485.457073,3774077,29120,1,HR,1,100,64
1715672486.148939,3774737,29246,1,HR,1,100,69
1715672487.513802,3776039,29467,1,HR,1,100,64
1715672488.687877,3777159,29638,1,HR,1,100,61
1715672489.662780,3778089,29799,1,HR,1,100,61
1715672490.748800,3779125,29986,1,HR,1,100,60
1715672491.811757,3780139,30155,1,HR,1,100,59
1715672492.843267,3781123,30308,1,HR,1,100,59
1715672493.992183,3782219,30497,1,HR,1,100,58
1715672495.149487,3783323,30657,1,HR,1,100,56
1715672496.242845,3784366,30830,1,HR,1,100,56
1715672497.360313,3785432,31002,1,HR,1,100,56
1715672498.458912,3786480,31160,1,HR,1,100,55
1715672499.531305,3787503,31329,1,HR,1,100,56
1715672500.662401,3788582,31508,1,HR,1,100,55
1715672501.748421,3789618,31677,1,HR,1,100,55
1715672502.905724,3790722,31849,1,HR,1,100,55
1715672504.013758,3791779,32036,1,HR,1,100,54
1715672504.992853,3792713,32192,1,HR,1,100,56
1715672506.105080,3793774,32371,1,HR,1,100,56
1715672507.203679,3794822,32525,1,HR,1,100,56
1715672508.205837,3795778,32695,1,HR,1,100,57
1715672509.330643,3796851,32788,1,HR,1,100,56
1715672510.499477,3797966,32947,1,HR,1,100,55
1715672511.483814,3798905,33089,1,HR,1,100,56
1715672512.621200,3799990,33258,1,HR,1,100,56
1715672513.730282,3801048,33440,1,HR,1,100,55
1715672514.772274,3802042,33612,1,HR,1,100,56
1715672515.890791,3803109,33784,1,HR,1,100,55
1715672516.883514,3804056,33927,1,HR,1,100,57
1715672517.913975,3805039,34096,1,HR,1,100,57
1715672519.002091,3806077,34268,1,HR,1,100,57
1715672520.009490,3807038,34421,1,HR,1,100,57
1715672521.076641,3808056,34592,1,HR,1,100,57
1715672522.229751,3809156,34772,1,HR,1,100,56
1715672523.268598,3810147,34944,1,HR,1,100,57
1715672524.309542,3811140,35110,1,HR,1,100,57
1715672525.386128,3812167,35282,1,HR,1,100,57
1715672526.377802,3813113,35437,1,HR,1,100,58
1715672527.542443,3814224,35579,1,HR,1,100,56
1715672528.605401,3815238,35751,1,HR,1,100,56
1715672529.618041,3816204,35905,1,HR,1,100,57
1715672530.755427,3817289,36076,1,HR,1,100,56
1715672531.674770,3818166,36211,1,HR,1,100,58
1715672532.530168,3818982,36355,1,HR,1,100,61
1715672533.382421,3819795,36476,1,HR,1,100,63
1715672534.211612,3820586,36594,1,HR,1,100,65
1715672534.993631,3821332,36732,1,HR,1,100,68
1715672535.917167,3822213,36858,1,HR,1,100,67
1715672536.832317,3823086,37010,1,HR,1,100,67
1715672537.800929,3824010,37148,1,HR,1,100,66
1715672538.625927,3824797,37274,1,HR,1,100,68
1715672540.565248,3826647,37570,1,HR,1,100,59
1715672541.096727,3827154,37656,1,HR,1,100,71
1715672543.071690,3829038,37849,1,HR,1,100,62
1715672543.492051,3829439,37911,1,HR,1,100,80
1715672545.522573,3831376,38236,1,HR,1,100,69
1715672547.258528,3833032,38510,1,HR,1,100,61
1715672548.069898,3833806,38646,1,HR,1,100,64
1715672548.111829,3833846,38648,1,HR,1,100,383
1715672548.769102,3834473,38757,1,HR,1,100,318
1715672549.750294,3835409,38892,1,HR,1,100,261
1715672550.667541,3836284,39048,1,HR,1,100,218
1715672551.516649,3837094,39184,1,HR,1,100,185
1715672552.432847,3837968,39340,1,HR,1,100,159
1715672553.294535,3838790,39474,1,HR,1,100,139
1715672554.121629,3839579,39584,1,HR,1,100,124
1715672554.967592,3840386,39720,1,HR,1,100,112
1715672555.796783,3841177,39857,1,HR,1,100,104
1715672556.615492,3841958,39976,1,HR,1,100,97
1715672557.491855,3842794,40114,1,HR,1,100,91
1715672558.370315,3843632,40249,1,HR,1,100,86
1715672559.244582,3844466,40393,1,HR,1,100,82
1715672560.233112,3845409,40522,1,HR,1,100,77
1715672561.193338,3846325,40679,1,HR,1,100,74
1715672562.174530,3847261,40834,1,HR,1,100,71
1715672563.218619,3848257,41006,1,HR,1,100,68
1715672564.176748,3849171,41159,1,HR,1,100,67
1715672565.126492,3850077,41303,1,HR,1,100,66
1715672566.057366,3850965,41456,1,HR,1,100,66
1715672567.056379,3851918,41611,1,HR,1,100,65
1715672568.021846,3852839,41764,1,HR,1,100,64
1715672569.078514,3853847,41936,1,HR,1,100,63
1715672570.103734,3854825,42107,1,HR,1,100,62
1715672571.081781,3855758,42250,1,HR,1,100,62
1715672572.158366,3856785,42419,1,HR,1,100,61
1715672573.184634,3857764,42574,1,HR,1,100,60
1715672574.175260,3858709,42744,1,HR,1,100,60
1715672575.271763,3859755,42915,1,HR,1,100,59
1715672576.336818,3860771,43080,1,HR,1,100,59
1715672577.312768,3861702,43233,1,HR,1,100,59
1715672578.374677,3862715,43402,1,HR,1,100,59
1715672579.353773,3863649,43557,1,HR,1,100,59
1715672580.311902,3864563,43710,1,HR,1,100,60
1715672581.281563,3865488,43853,1,HR,1,100,61
1715672582.230258,3866393,44006,1,HR,1,100,61
1715672583.272250,3867387,44178,1,HR,1,100,61
1715672584.338353,3868404,44347,1,HR,1,100,60
1715672585.362524,3869381,44522,1,HR,1,100,59
1715672586.329040,3870303,44649,1,HR,1,100,60
1715672587.308135,3871237,44802,1,HR,1,100,60
1715672588.316582,3872199,44954,1,HR,1,100,60
1715672589.304064,3873141,45112,1,HR,1,100,61
1715672590.446691,3874231,45303,1,HR,1,100,59
1715672591.459331,3875197,45459,1,HR,1,100,59
1715672592.501323,3876191,45604,1,HR,1,100,59
1715672593.565329,3877206,45773,1,HR,1,100,58
1715672594.523459,3878120,45922,1,HR,1,100,59
1715672595.525616,3879076,46096,1,HR,1,100,59
1715672596.540353,3880044,46249,1,HR,1,100,59
1715672597.473324,3880934,46394,1,HR,1,100,61
1715672598.442985,3881859,46546,1,HR,1,100,61
1715672599.497556,3882865,46715,1,HR,1,100,60
1715672600.517534,3883838,46886,1,HR,1,100,60
1715672601.500823,3884776,47039,1,HR,1,100,60
1715672602.540718,3885768,47180,1,HR,1,100,60
1715672603.543924,3886725,47335,1,HR,1,100,60
1715672604.521971,3887658,47504,1,HR,1,100,60
1715672605.553480,3888642,47658,1,HR,1,100,60
1715672606.589183,3889630,47827,1,HR,1,100,60
1715672607.604968,3890599,48005,1,HR,1,100,59
1715672608.731871,3891674,48156,1,HR,1,100,58
