LocalTimestamp,EmotiBitTimestamp,PacketNumber,DataLength,TypeTag,ProtocolVersion,DataReliability,BV
1715670598.671387,1974193.000,60724,1,BV,1,100,3.86
1715670603.660160,1978952.000,61497,1,BV,1,100,3.86
1715670608.653126,1983715.000,62262,1,BV,1,100,3.86
1715670613.641899,1988474.000,63002,1,BV,1,100,3.86
1715670618.639059,1993241.000,63788,1,BV,1,100,3.86
1715670623.629929,1998002.000,64552,1,BV,1,100,3.86
1715670628.624992,2002767.000,65260,1,BV,1,100,3.87
1715670633.613765,2007526.000,506,1,BV,1,100,3.87
1715670638.613021,2012295.000,1289,1,BV,1,100,3.87
1715670643.603891,2017056.000,2058,1,BV,1,100,3.87
1715670648.598953,2021821.000,2836,1,BV,1,100,3.87
1715670653.590872,2026583.000,3619,1,BV,1,100,3.87
1715670658.582790,2031345.000,4401,1,BV,1,100,3.87
1715670663.570514,2036103.000,5200,1,BV,1,100,3.87
1715670668.559288,2040862.000,5966,1,BV,1,100,3.87
1715670673.550158,2045623.000,6753,1,BV,1,100,3.87
1715670678.536834,2050380.000,7535,1,BV,1,100,3.88
1715670683.525607,2055139.000,8318,1,BV,1,100,3.87
1715670688.512284,2059896.000,9102,1,BV,1,100,3.87
1715670693.503154,2064657.000,9867,1,BV,1,100,3.88
1715670698.490879,2069415.000,10650,1,BV,1,100,3.88
1715670703.480700,2074175.000,11434,1,BV,1,100,3.87
1715670708.472618,2078937.000,12218,1,BV,1,100,3.87
1715670713.464536,2083699.000,12999,1,BV,1,100,3.87
1715670718.453310,2088458.000,13784,1,BV,1,100,3.87
1715670723.445228,2093220.000,14549,1,BV,1,100,3.87
1715670728.440290,2097985.000,15331,1,BV,1,100,3.87
1715670733.431160,2102746.000,16130,1,BV,1,100,3.87
1715670738.424127,2107509.000,16896,1,BV,1,100,3.87
1715670743.414996,2112270.000,17695,1,BV,1,100,3.87
1715670748.410059,2117035.000,18465,1,BV,1,100,3.87
1715670753.396736,2121792.000,19234,1,BV,1,100,3.87
1715670758.392847,2126558.000,20032,1,BV,1,100,3.86
1715670763.383717,2131319.000,20826,1,BV,1,100,3.86
1715670768.379828,2136085.000,21633,1,BV,1,100,3.84
1715670773.371746,2140847.000,22427,1,BV,1,100,3.86
1715670778.368906,2145614.000,23208,1,BV,1,100,3.85
1715670783.359775,2150375.000,24005,1,BV,1,100,3.85
1715670788.354838,2155140.000,24796,1,BV,1,100,3.85
1715670793.346756,2159902.000,25578,1,BV,1,100,3.85
1715670798.341819,2164667.000,26389,1,BV,1,100,3.85
1715670803.330592,2169426.000,27171,1,BV,1,100,3.85
1715670808.323559,2174189.000,27962,1,BV,1,100,3.85
1715670813.310236,2178946.000,28754,1,BV,1,100,3.85
1715670818.302154,2183708.000,29550,1,BV,1,100,3.85
1715670823.288830,2188465.000,30343,1,BV,1,100,3.84
1715670828.277603,2193224.000,31158,1,BV,1,100,3.85
1715670833.268473,2197985.000,31953,1,BV,1,100,3.86
1715670838.258295,2202745.000,32741,1,BV,1,100,3.85
1715670843.250213,2207507.000,33509,1,BV,1,100,3.85
1715670848.240034,2212267.000,34286,1,BV,1,100,3.86
1715670853.229856,2217027.000,35064,1,BV,1,100,3.85
1715670858.219677,2221787.000,35860,1,BV,1,100,3.86
1715670863.210547,2226548.000,36643,1,BV,1,100,3.86
1715670868.199320,2231307.000,37420,1,BV,1,100,3.86
1715670873.194383,2236072.000,38187,1,BV,1,100,3.85
1715670878.182108,2240830.000,38970,1,BV,1,100,3.85
1715670883.181364,2245599.000,39766,1,BV,1,100,3.84
1715670888.171185,2250359.000,40549,1,BV,1,100,3.85
1715670893.167297,2255125.000,41327,1,BV,1,100,3.84
1715670898.156070,2259884.000,42125,1,BV,1,100,3.85
1715670903.151133,2264649.000,42916,1,BV,1,100,3.85
1715670908.144099,2269412.000,43713,1,BV,1,100,3.84
1715670913.138114,2274176.000,44494,1,BV,1,100,3.85
1715670918.130032,2278938.000,45287,1,BV,1,100,3.85
1715670923.126143,2283704.000,46051,1,BV,1,100,3.84
1715670928.118061,2288466.000,46825,1,BV,1,100,3.85
1715670933.115221,2293233.000,47595,1,BV,1,100,3.84
1715670938.103994,2297992.000,48388,1,BV,1,100,3.84
1715670943.100105,2302758.000,49180,1,BV,1,100,3.85
1715670948.089926,2307518.000,49960,1,BV,1,100,3.84
1715670953.081844,2312280.000,50738,1,BV,1,100,3.85
1715670958.075859,2317044.000,51540,1,BV,1,100,3.85
1715670963.067777,2321806.000,52317,1,BV,1,100,3.85
1715670968.062840,2326571.000,53045,1,BV,1,100,3.84
1715670973.056855,2331335.000,53837,1,BV,1,100,3.84
1715670978.046676,2336095.000,54602,1,BV,1,100,3.84
1715670983.041739,2340860.000,55252,1,BV,1,100,3.85
1715670988.031560,2345620.000,56049,1,BV,1,100,3.84
1715670993.027672,2350386.000,56827,1,BV,1,100,3.84
1715670998.018541,2355147.000,57589,1,BV,1,100,3.84
1715671003.017797,2359916.000,58352,1,BV,1,100,3.85
1715671008.007619,2364676.000,59110,1,BV,1,100,3.84
1715671013.004778,2369443.000,59746,1,BV,1,100,3.83
1715671017.990407,2374199.000,60541,1,BV,1,100,3.84
1715671022.986518,2378965.000,61334,1,BV,1,100,3.84
1715671027.977388,2383726.000,62111,1,BV,1,100,3.84
1715671032.970354,2388489.000,62895,1,BV,1,100,3.84
1715671037.961224,2393250.000,63708,1,BV,1,100,3.84
1715671042.955239,2398014.000,64479,1,BV,1,100,3.84
1715671047.947156,2402776.000,65275,1,BV,1,100,3.84
1715671052.941171,2407540.000,537,1,BV,1,100,3.84
1715671057.929944,2412299.000,1316,1,BV,1,100,3.83
1715671062.917669,2417057.000,2110,1,BV,1,100,3.84
1715671067.909587,2421819.000,2924,1,BV,1,100,3.84
1715671072.897312,2426577.000,3715,1,BV,1,100,3.85
1715671077.888182,2431338.000,4530,1,BV,1,100,3.84
1715671082.873811,2436094.000,5327,1,BV,1,100,3.84
1715671087.867825,2440858.000,6117,1,BV,1,100,3.84
1715671092.856598,2445617.000,6916,1,BV,1,100,3.84
1715671097.850613,2450381.000,7713,1,BV,1,100,3.84
1715671102.837290,2455138.000,8506,1,BV,1,100,3.84
1715671107.831304,2459902.000,9320,1,BV,1,100,3.84
1715671112.817981,2464659.000,10125,1,BV,1,100,3.84
1715671117.814092,2469425.000,10915,1,BV,1,100,3.84
1715671122.802865,2474184.000,11717,1,BV,1,100,3.83
1715671127.797928,2478949.000,12516,1,BV,1,100,3.84
1715671132.788798,2483710.000,13292,1,BV,1,100,3.84
1715671137.783861,2488475.000,14100,1,BV,1,100,3.84
1715671142.772634,2493234.000,14897,1,BV,1,100,3.84
1715671147.769794,2498001.000,15690,1,BV,1,100,3.84
1715671152.759615,2502761.000,16505,1,BV,1,100,3.84
1715671157.756774,2507528.000,17267,1,BV,1,100,3.84
1715671162.745548,2512287.000,18079,1,BV,1,100,3.83
1715671167.740611,2517052.000,18878,1,BV,1,100,3.84
1715671172.731480,2521813.000,19657,1,BV,1,100,3.84
1715671177.723398,2526575.000,20465,1,BV,1,100,3.84
1715671182.712172,2531334.000,21254,1,BV,1,100,3.84
1715671187.704090,2536096.000,22048,1,BV,1,100,3.84
1715671192.692863,2540855.000,22806,1,BV,1,100,3.83
1715671197.686877,2545619.000,23620,1,BV,1,100,3.84
1715671202.676699,2550379.000,24415,1,BV,1,100,3.83
1715671207.662327,2555135.000,25214,1,BV,1,100,3.84
1715671212.653197,2559896.000,26012,1,BV,1,100,3.83
1715671217.640922,2564654.000,26822,1,BV,1,100,3.84
1715671222.632840,2569416.000,27619,1,BV,1,100,3.83
1715671227.619517,2574173.000,28413,1,BV,1,100,3.83
1715671232.610386,2578934.000,29213,1,BV,1,100,3.83
1715671237.598111,2583692.000,30018,1,BV,1,100,3.83
1715671242.593174,2588457.000,30813,1,BV,1,100,3.84
1715671247.584044,2593218.000,31608,1,BV,1,100,3.84
1715671252.574914,2597979.000,32365,1,BV,1,100,3.83
1715671257.566832,2602741.000,33158,1,BV,1,100,3.83
1715671262.557702,2607502.000,33922,1,BV,1,100,3.84
1715671267.552765,2612267.000,34706,1,BV,1,100,3.84
1715671272.543634,2617028.000,35485,1,BV,1,100,3.84
1715671277.537649,2621792.000,36278,1,BV,1,100,3.83
1715671282.527470,2626552.000,37075,1,BV,1,100,3.83
1715671287.527775,2631322.000,37821,1,BV,1,100,3.84
1715671292.516548,2636081.000,38617,1,BV,1,100,3.84
1715671297.512659,2640847.000,39395,1,BV,1,100,3.84
1715671302.503529,2645608.000,40175,1,BV,1,100,3.84
1715671307.491254,2650366.000,40951,1,BV,1,100,3.84
1715671312.482124,2655127.000,41749,1,BV,1,100,3.83
1715671317.472993,2659888.000,42510,1,BV,1,100,3.83
1715671322.465960,2664651.000,43302,1,BV,1,100,3.84
1715671327.457878,2669413.000,44083,1,BV,1,100,3.83
1715671332.446651,2674172.000,44883,1,BV,1,100,3.83
1715671337.435424,2678931.000,45663,1,BV,1,100,3.83
1715671342.427342,2683693.000,46462,1,BV,1,100,3.82
1715671347.423454,2688459.000,47210,1,BV,1,100,3.83
1715671352.414323,2693220.000,47972,1,BV,1,100,3.83
1715671357.409386,2697985.000,48710,1,BV,1,100,3.83
1715671362.399208,2702745.000,49366,1,BV,1,100,3.83
1715671367.397415,2707513.000,50143,1,BV,1,100,3.82
1715671372.385140,2712271.000,50920,1,BV,1,100,3.83
1715671377.380203,2717036.000,51701,1,BV,1,100,3.83
1715671382.367928,2721794.000,52456,1,BV,1,100,3.83
1715671387.358798,2726555.000,53227,1,BV,1,100,3.83
1715671392.350716,2731317.000,53942,1,BV,1,100,3.83
1715671397.339489,2736076.000,54644,1,BV,1,100,3.83
1715671402.330359,2740837.000,55444,1,BV,1,100,3.83
1715671407.318084,2745595.000,56222,1,BV,1,100,3.83
1715671412.310002,2750357.000,56986,1,BV,1,100,3.83
1715671417.299824,2755117.000,57762,1,BV,1,100,3.83
1715671422.292790,2759880.000,58559,1,BV,1,100,3.84
1715671427.284708,2764642.000,59339,1,BV,1,100,3.83
1715671432.279771,2769407.000,60135,1,BV,1,100,3.83
1715671437.270640,2774168.000,60916,1,BV,1,100,3.83
1715671442.265703,2778933.000,61711,1,BV,1,100,3.83
1715671447.251332,2783689.000,62488,1,BV,1,100,3.82
1715671452.243250,2788451.000,63263,1,BV,1,100,3.82
1715671457.230975,2793209.000,64073,1,BV,1,100,3.81
1715671462.219748,2797968.000,64838,1,BV,1,100,3.82
1715671467.208521,2802727.000,77,1,BV,1,100,3.83
1715671472.196246,2807485.000,891,1,BV,1,100,3.82
1715671477.185019,2812244.000,1681,1,BV,1,100,3.82
1715671482.174841,2817004.000,2476,1,BV,1,100,3.83
1715671487.162566,2821762.000,3275,1,BV,1,100,3.82
1715671492.151339,2826521.000,4071,1,BV,1,100,3.82
1715671497.141160,2831281.000,4868,1,BV,1,100,3.82
1715671502.128885,2836039.000,5677,1,BV,1,100,3.82
1715671507.122900,2840803.000,6475,1,BV,1,100,3.82
1715671512.109577,2845560.000,7274,1,BV,1,100,3.83
1715671517.104640,2850325.000,8070,1,BV,1,100,3.83
1715671522.092365,2855083.000,8882,1,BV,1,100,3.82
1715671527.083234,2859844.000,9667,1,BV,1,100,3.83
1715671532.073056,2864604.000,10473,1,BV,1,100,3.83
1715671537.067070,2869368.000,11280,1,BV,1,100,3.83
1715671542.055844,2874127.000,12057,1,BV,1,100,3.83
1715671547.051955,2878893.000,12853,1,BV,1,100,3.82
1715671552.040728,2883652.000,13667,1,BV,1,100,3.82
1715671557.034743,2888416.000,14464,1,BV,1,100,3.83
1715671562.023516,2893175.000,15255,1,BV,1,100,3.82
1715671567.017530,2897939.000,16069,1,BV,1,100,3.82
1715671572.010497,2902702.000,16849,1,BV,1,100,3.82
1715671577.005560,2907467.000,17661,1,BV,1,100,3.82
1715671581.997478,2912229.000,18452,1,BV,1,100,3.82
1715671586.991492,2916993.000,19241,1,BV,1,100,3.82
1715671591.984459,2921756.000,20036,1,BV,1,100,3.82
1715671596.977425,2926519.000,20838,1,BV,1,100,3.81
1715671601.970391,2931282.000,21631,1,BV,1,100,3.82
1715671606.959165,2936041.000,22409,1,BV,1,100,3.82
1715671611.953179,2940805.000,23208,1,BV,1,100,3.83
1715671616.945097,2945567.000,24005,1,BV,1,100,3.82
1715671621.939112,2950331.000,24814,1,BV,1,100,3.81
1715671626.927885,2955090.000,25609,1,BV,1,100,3.81
1715671631.927141,2959859.000,26402,1,BV,1,100,3.82
1715671636.914866,2964617.000,27181,1,BV,1,100,3.82
1715671641.914122,2969386.000,27991,1,BV,1,100,3.82
1715671646.902895,2974145.000,28771,1,BV,1,100,3.81
1715671651.900055,2978912.000,29583,1,BV,1,100,3.82
1715671656.889876,2983672.000,30375,1,BV,1,100,3.82
1715671661.882843,2988435.000,31188,1,BV,1,100,3.81
1715671666.873712,2993196.000,31958,1,BV,1,100,3.81
1715671671.866679,2997959.000,32769,1,BV,1,100,3.82
1715671676.857548,3002720.000,33553,1,BV,1,100,3.81
1715671681.848418,3007481.000,34346,1,BV,1,100,3.82
1715671686.840336,3012243.000,35130,1,BV,1,100,3.81
1715671691.829109,3017002.000,35909,1,BV,1,100,3.82
1715671696.819979,3021763.000,36662,1,BV,1,100,3.81
1715671701.807704,3026521.000,37454,1,BV,1,100,3.81
1715671706.798574,3031282.000,38252,1,BV,1,100,3.82
1715671711.786299,3036040.000,39028,1,BV,1,100,3.81
1715671716.778217,3040802.000,39822,1,BV,1,100,3.81
1715671721.768038,3045562.000,40601,1,BV,1,100,3.82
1715671726.758908,3050323.000,41365,1,BV,1,100,3.82
1715671731.747681,3055082.000,42132,1,BV,1,100,3.81
1715671736.741696,3059846.000,42892,1,BV,1,100,3.82
1715671741.732566,3064607.000,43523,1,BV,1,100,3.81
1715671746.726580,3069371.000,44317,1,BV,1,100,3.82
1715671751.719547,3074134.000,45097,1,BV,1,100,3.82
1715671756.709368,3078894.000,45894,1,BV,1,100,3.82
1715671761.703383,3083658.000,46640,1,BV,1,100,3.81
1715671766.692156,3088417.000,47364,1,BV,1,100,3.82
1715671771.688267,3093183.000,48129,1,BV,1,100,3.81
1715671776.680185,3097945.000,48795,1,BV,1,100,3.81
1715671781.674200,3102709.000,49593,1,BV,1,100,3.81
1715671786.667166,3107472.000,50375,1,BV,1,100,3.80
1715671791.662229,3112237.000,51142,1,BV,1,100,3.82
1715671796.648906,3116994.000,51934,1,BV,1,100,3.81
1715671801.640824,3121756.000,52682,1,BV,1,100,3.81
1715671806.629597,3126515.000,53449,1,BV,1,100,3.82
1715671811.618370,3131274.000,54216,1,BV,1,100,3.82
1715671816.607143,3136033.000,54966,1,BV,1,100,3.81
1715671821.595917,3140792.000,55738,1,BV,1,100,3.82
1715671826.586787,3145553.000,56494,1,BV,1,100,3.82
1715671831.575560,3150312.000,57264,1,BV,1,100,3.82
1715671836.569574,3155076.000,58017,1,BV,1,100,3.82
1715671841.558347,3159835.000,58803,1,BV,1,100,3.81
1715671846.552362,3164599.000,59570,1,BV,1,100,3.82
1715671851.541135,3169358.000,60338,1,BV,1,100,3.81
1715671856.541440,3174128.000,61112,1,BV,1,100,3.81
1715671861.530213,3178887.000,61870,1,BV,1,100,3.81
1715671866.520034,3183647.000,62659,1,BV,1,100,3.81
1715671871.507759,3188405.000,63402,1,BV,1,100,3.81
1715671876.500726,3193168.000,64178,1,BV,1,100,3.81
1715671881.489499,3197927.000,64936,1,BV,1,100,3.81
1715671886.480369,3202688.000,174,1,BV,1,100,3.81
1715671891.468093,3207446.000,960,1,BV,1,100,3.80
1715671896.455818,3212204.000,1736,1,BV,1,100,3.80
1715671901.446688,3216965.000,2525,1,BV,1,100,3.81
1715671906.434413,3221723.000,3321,1,BV,1,100,3.81
1715671911.425283,3226484.000,4117,1,BV,1,100,3.81
1715671916.415104,3231244.000,4928,1,BV,1,100,3.81
1715671921.407022,3236006.000,5721,1,BV,1,100,3.81
1715671926.396844,3240766.000,6514,1,BV,1,100,3.81
1715671931.392955,3245532.000,7305,1,BV,1,100,3.81
1715671936.381728,3250291.000,8084,1,BV,1,100,3.81
1715671941.377840,3255057.000,8884,1,BV,1,100,3.81
1715671946.370806,3259820.000,9683,1,BV,1,100,3.81
1715671951.366917,3264586.000,10478,1,BV,1,100,3.81
1715671956.358835,3269348.000,11252,1,BV,1,100,3.80
1715671961.353898,3274113.000,12061,1,BV,1,100,3.81
1715671966.348961,3278878.000,12849,1,BV,1,100,3.81
1715671971.340879,3283640.000,13655,1,BV,1,100,3.82
1715671976.331749,3288401.000,14468,1,BV,1,100,3.81
1715671981.324715,3293164.000,15250,1,BV,1,100,3.81
1715671986.315585,3297925.000,16045,1,BV,1,100,3.81
1715671991.309599,3302689.000,16821,1,BV,1,100,3.81
1715671996.304662,3307454.000,17613,1,BV,1,100,3.80
1715672001.292387,3312212.000,18410,1,BV,1,100,3.81
1715672006.288498,3316978.000,19184,1,BV,1,100,3.80
1715672011.277272,3321737.000,19986,1,BV,1,100,3.80
1715672016.273383,3326503.000,20781,1,BV,1,100,3.80
1715672021.265301,3331265.000,21561,1,BV,1,100,3.80
1715672026.266654,3336036.000,22368,1,BV,1,100,3.80
1715672031.255427,3340795.000,23161,1,BV,1,100,3.80
1715672036.254683,3345564.000,23973,1,BV,1,100,3.81
1715672041.243456,3350323.000,24761,1,BV,1,100,3.81
1715672046.239567,3355089.000,25558,1,BV,1,100,3.81
1715672051.231485,3359851.000,26330,1,BV,1,100,3.80
1715672056.224452,3364614.000,27126,1,BV,1,100,3.81
1715672061.215321,3369375.000,27908,1,BV,1,100,3.80
1715672066.207239,3374137.000,28719,1,BV,1,100,3.81
1715672071.198109,3378898.000,29524,1,BV,1,100,3.81
1715672076.195269,3383665.000,30316,1,BV,1,100,3.80
1715672081.186138,3388426.000,31113,1,BV,1,100,3.80
1715672086.175960,3393186.000,31921,1,BV,1,100,3.80
1715672091.168926,3397949.000,32711,1,BV,1,100,3.80
1715672096.157699,3402708.000,33484,1,BV,1,100,3.80
1715672101.150666,3407471.000,34276,1,BV,1,100,3.80
1715672106.139439,3412230.000,35071,1,BV,1,100,3.81
1715672111.133454,3416994.000,35866,1,BV,1,100,3.80
1715672116.120130,3421751.000,36607,1,BV,1,100,3.80
1715672121.113096,3426514.000,37346,1,BV,1,100,3.81
1715672126.102918,3431274.000,38104,1,BV,1,100,3.79
1715672131.096933,3436038.000,38773,1,BV,1,100,3.79
1715672136.086754,3440798.000,39565,1,BV,1,100,3.80
1715672141.079720,3445561.000,40354,1,BV,1,100,3.80
1715672146.066397,3450318.000,41100,1,BV,1,100,3.79
1715672151.058315,3455080.000,41869,1,BV,1,100,3.79
1715672156.044992,3459837.000,42601,1,BV,1,100,3.79
1715672161.033765,3464596.000,43271,1,BV,1,100,3.79
1715672166.020442,3469353.000,44070,1,BV,1,100,3.79
1715672171.008167,3474111.000,44847,1,BV,1,100,3.80
1715672175.996940,3478870.000,45642,1,BV,1,100,3.80
1715672180.987810,3483631.000,46403,1,BV,1,100,3.80
1715672185.980776,3488394.000,47194,1,BV,1,100,3.79
1715672190.968501,3493152.000,47984,1,BV,1,100,3.80
1715672195.962516,3497916.000,48781,1,BV,1,100,3.80
1715672200.952337,3502676.000,49557,1,BV,1,100,3.80
1715672205.948448,3507442.000,50337,1,BV,1,100,3.80
1715672210.938270,3512202.000,51122,1,BV,1,100,3.80
1715672215.935429,3516969.000,51897,1,BV,1,100,3.80
1715672220.924202,3521728.000,52708,1,BV,1,100,3.80
1715672225.914024,3526488.000,53484,1,BV,1,100,3.80
1715672230.903845,3531248.000,54282,1,BV,1,100,3.80
1715672235.894715,3536009.000,55072,1,BV,1,100,3.80
1715672240.886633,3540771.000,55848,1,BV,1,100,3.80
1715672245.876455,3545531.000,56634,1,BV,1,100,3.79
1715672250.871518,3550296.000,57414,1,BV,1,100,3.80
1715672255.861339,3555056.000,58207,1,BV,1,100,3.79
1715672260.856402,3559821.000,58997,1,BV,1,100,3.80
1715672265.842030,3564577.000,59757,1,BV,1,100,3.80
1715672270.837093,3569342.000,60531,1,BV,1,100,3.79
1715672275.824818,3574100.000,61306,1,BV,1,100,3.79
1715672280.821978,3578867.000,62098,1,BV,1,100,3.79
1715672285.811799,3583627.000,62877,1,BV,1,100,3.79
1715672290.811055,3588396.000,63686,1,BV,1,100,3.79
1715672295.800877,3593156.000,64476,1,BV,1,100,3.79
1715672300.792795,3597918.000,65253,1,BV,1,100,3.80
1715672305.784713,3602680.000,513,1,BV,1,100,3.79
1715672310.776631,3607442.000,1306,1,BV,1,100,3.79
1715672315.765404,3612201.000,2110,1,BV,1,100,3.79
1715672320.752081,3616958.000,2889,1,BV,1,100,3.79
1715672325.742950,3621719.000,3697,1,BV,1,100,3.79
1715672330.732772,3626479.000,4489,1,BV,1,100,3.79
1715672335.726787,3631243.000,5301,1,BV,1,100,3.78
1715672340.715560,3636002.000,6093,1,BV,1,100,3.79
1715672345.708526,3640765.000,6886,1,BV,1,100,3.79
1715672350.697299,3645524.000,7692,1,BV,1,100,3.79
1715672355.688169,3650285.000,8503,1,BV,1,100,3.79
1715672360.677991,3655045.000,9290,1,BV,1,100,3.79
1715672365.670957,3659808.000,10089,1,BV,1,100,3.79
1715672370.667068,3664574.000,10840,1,BV,1,100,3.79
1715672375.655841,3669333.000,11631,1,BV,1,100,3.79
1715672380.654049,3674101.000,12429,1,BV,1,100,3.79
1715672385.643871,3678861.000,13244,1,BV,1,100,3.79
1715672390.638933,3683626.000,14041,1,BV,1,100,3.79
1715672395.628755,3688386.000,14851,1,BV,1,100,3.79
1715672400.628011,3693155.000,15641,1,BV,1,100,3.79
1715672405.615736,3697913.000,16434,1,BV,1,100,3.79
1715672410.613944,3702681.000,17244,1,BV,1,100,3.78
1715672415.604813,3707442.000,18031,1,BV,1,100,3.78
1715672420.599876,3712207.000,18810,1,BV,1,100,3.79
1715672425.588650,3716966.000,19615,1,BV,1,100,3.79
1715672430.583712,3721731.000,20411,1,BV,1,100,3.78
1715672435.574582,3726492.000,21207,1,BV,1,100,3.79
1715672440.567549,3731255.000,21994,1,BV,1,100,3.79
1715672445.560515,3736018.000,22800,1,BV,1,100,3.79
1715672450.549288,3740777.000,23589,1,BV,1,100,3.79
1715672455.540158,3745538.000,24385,1,BV,1,100,3.79
1715672460.533124,3750301.000,25197,1,BV,1,100,3.79
1715672465.528187,3755066.000,25972,1,BV,1,100,3.79
1715672470.514864,3759823.000,26766,1,BV,1,100,3.79
1715672475.507830,3764586.000,27553,1,BV,1,100,3.79
1715672480.494507,3769343.000,28342,1,BV,1,100,3.79
1715672485.485377,3774104.000,29137,1,BV,1,100,3.79
1715672490.475198,3778864.000,29947,1,BV,1,100,3.79
1715672495.462923,3783622.000,30725,1,BV,1,100,3.78
1715672500.450648,3788380.000,31488,1,BV,1,100,3.79
1715672505.441518,3793141.000,32278,1,BV,1,100,3.79
1715672510.432387,3797902.000,32944,1,BV,1,100,3.79
1715672515.421161,3802661.000,33732,1,BV,1,100,3.79
1715672520.416224,3807426.000,34506,1,BV,1,100,3.79
1715672525.403949,3812184.000,35300,1,BV,1,100,3.79
1715672530.400060,3816950.000,36040,1,BV,1,100,3.79
1715672535.384640,3821705.000,36801,1,BV,1,100,3.79
1715672540.376558,3826467.000,37549,1,BV,1,100,3.78
1715672545.364283,3831225.000,38216,1,BV,1,100,3.78
1715672550.354104,3835985.000,39012,1,BV,1,100,3.79
1715672555.349167,3840750.000,39788,1,BV,1,100,3.78
1715672560.340037,3845511.000,40556,1,BV,1,100,3.78
1715672565.335100,3850276.000,41354,1,BV,1,100,3.78
1715672570.325969,3855037.000,42144,1,BV,1,100,3.78
1715672575.321033,3859802.000,42932,1,BV,1,100,3.78
1715672580.307709,3864559.000,43728,1,BV,1,100,3.78
1715672585.299627,3869321.000,44519,1,BV,1,100,3.78
1715672590.291545,3874083.000,45282,1,BV,1,100,3.78
1715672595.278222,3878840.000,46057,1,BV,1,100,3.78
1715672600.272236,3883604.000,46850,1,BV,1,100,3.78
1715672605.261010,3888363.000,47636,1,BV,1,100,3.77
