LocalTimestamp,EmotiBitTimestamp,PacketNumber,DataLength,TypeTag,ProtocolVersion,DataReliability,TL
1715670601.742852,1977123.000,61195,1,TL,1,100,2024-05-14_12-39-56-605988
1715670601.781639,1977160.000,61198,1,TL,1,100,2024-05-14_12-40-01-798115
1715670607.149890,1982281.000,62028,1,TL,1,100,2024-05-14_12-40-01-955691
1715670758.000790,2126184.000,19940,1,TL,1,100,2024-05-14_12-42-32-846719
1715670758.035383,2126217.000,19943,1,TL,1,100,2024-05-14_12-42-38-066749
1715670763.365896,2131302.000,20802,1,TL,1,100,2024-05-14_12-42-38-158578
1715670763.393152,2131328.000,20805,1,TL,1,100,2024-05-14_12-42-43-426548
1715670768.787610,2136474.000,21670,1,TL,1,100,2024-05-14_12-42-43-586018
1715670768.814865,2136500.000,21673,1,TL,1,100,2024-05-14_12-42-48-844277
1715670774.148523,2141588.000,22532,1,TL,1,100,2024-05-14_12-42-48-921974
1715670774.207227,2141644.000,22535,1,TL,1,100,2024-05-14_12-42-54-233730
1715670779.502098,2146695.000,23365,1,TL,1,100,2024-05-14_12-42-54-317539
1715670779.549271,2146740.000,23368,1,TL,1,100,2024-05-14_12-42-59-569615
1715670784.881881,2151827.000,24230,1,TL,1,100,2024-05-14_12-42-59-659320
1715670784.974129,2151915.000,24233,1,TL,1,100,2024-05-14_12-43-04-990123
1715670790.229166,2156928.000,25074,1,TL,1,100,2024-05-14_12-43-05-088285
1715670790.294160,2156990.000,25077,1,TL,1,100,2024-05-14_12-43-10-311280
1715670795.590080,2162042.000,25922,1,TL,1,100,2024-05-14_12-43-10-413120
1715670795.623625,2162074.000,25925,1,TL,1,100,2024-05-14_12-43-15-640054
1715670800.965669,2167170.000,26786,1,TL,1,100,2024-05-14_12-43-15-737768
1715670801.049531,2167250.000,26789,1,TL,1,100,2024-05-14_12-43-21-057604
1715670806.312954,2172271.000,27629,1,TL,1,100,2024-05-14_12-43-21-147343
1715670806.341258,2172298.000,27632,1,TL,1,100,2024-05-14_12-43-26-361475
1715670811.736764,2177445.000,28474,1,TL,1,100,2024-05-14_12-43-26-457228
1715670811.799661,2177505.000,28477,1,TL,1,100,2024-05-14_12-43-31-818925
1715670817.130174,2182590.000,29339,1,TL,1,100,2024-05-14_12-43-31-918634
1715670817.158478,2182617.000,29342,1,TL,1,100,2024-05-14_12-43-37-176573
1715670822.507860,2187720.000,30201,1,TL,1,100,2024-05-14_12-43-37-250284
1715670822.547695,2187758.000,30204,1,TL,1,100,2024-05-14_12-43-42-570154
1715670827.865628,2192831.000,31065,1,TL,1,100,2024-05-14_12-43-42-645990
1715670827.893932,2192858.000,31068,1,TL,1,100,2024-05-14_12-43-47-920242
1715670833.247508,2197965.000,31927,1,TL,1,100,2024-05-14_12-43-47-985941
1715670833.316694,2198031.000,31930,1,TL,1,100,2024-05-14_12-43-53-327315
1715670838.669221,2203137.000,32780,1,TL,1,100,2024-05-14_12-43-53-455001
1715670838.714297,2203180.000,32783,1,TL,1,100,2024-05-14_12-43-58-745283
1715670844.019651,2208241.000,33612,1,TL,1,100,2024-05-14_12-43-58-948720
1715670844.053196,2208273.000,33615,1,TL,1,100,2024-05-14_12-44-04-084222
1715670849.408868,2213382.000,34458,1,TL,1,100,2024-05-14_12-44-04-275856
1715670849.436124,2213408.000,34461,1,TL,1,100,2024-05-14_12-44-09-469078
1715670854.826389,2218550.000,35309,1,TL,1,100,2024-05-14_12-44-09-706498
1715670860.199882,2223676.000,36155,1,TL,1,100,2024-05-14_12-44-15-035261
1715670860.221895,2223697.000,36157,1,TL,1,100,2024-05-14_12-44-15-089126
1715670860.316241,2223787.000,36160,1,TL,1,100,2024-05-14_12-44-20-353317
1715670865.604823,2228832.000,37006,1,TL,1,100,2024-05-14_12-44-20-482862
1715670865.629981,2228856.000,37009,1,TL,1,100,2024-05-14_12-44-25-665035
1715670871.023391,2234001.000,37840,1,TL,1,100,2024-05-14_12-44-25-880862
1715670871.052743,2234029.000,37843,1,TL,1,100,2024-05-14_12-44-31-085033
1715670876.419946,2239149.000,38689,1,TL,1,100,2024-05-14_12-44-31-308489
1715670876.448250,2239176.000,38692,1,TL,1,100,2024-05-14_12-44-36-482561
1715670881.829080,2244309.000,39538,1,TL,1,100,2024-05-14_12-44-36-662141
1715670881.864722,2244343.000,39541,1,TL,1,100,2024-05-14_12-44-41-899126
1715670887.182656,2249416.000,40383,1,TL,1,100,2024-05-14_12-44-42-062590
1715670887.256035,2249486.000,40386,1,TL,1,100,2024-05-14_12-44-47-284625
1715670892.584452,2254569.000,41233,1,TL,1,100,2024-05-14_12-44-47-412294
1715670892.626383,2254609.000,41236,1,TL,1,100,2024-05-14_12-44-52-640454
1715670897.950607,2259688.000,42084,1,TL,1,100,2024-05-14_12-44-52-919722
1715670898.016648,2259751.000,42087,1,TL,1,100,2024-05-14_12-44-58-039985
1715670903.305230,2264796.000,42918,1,TL,1,100,2024-05-14_12-44-58-237426
1715670903.337727,2264827.000,42921,1,TL,1,100,2024-05-14_12-45-03-359712
1715670908.658805,2269903.000,43767,1,TL,1,100,2024-05-14_12-45-03-531271
1715670908.689206,2269932.000,43770,1,TL,1,100,2024-05-14_12-45-08-709553
1715670919.419418,2280168.000,45461,1,TL,1,100,2024-05-14_12-45-14-258719
1715670919.452963,2280200.000,45464,1,TL,1,100,2024-05-14_12-45-19-464799
1715670924.766704,2285269.000,46292,1,TL,1,100,2024-05-14_12-45-19-744064
1715670924.844277,2285343.000,46295,1,TL,1,100,2024-05-14_12-45-24-862203
1715670930.173742,2290427.000,47140,1,TL,1,100,2024-05-14_12-45-24-975940
1715670930.204142,2290456.000,47143,1,TL,1,100,2024-05-14_12-45-30-218054
1715670935.548283,2295554.000,47968,1,TL,1,100,2024-05-14_12-45-35-561771
1715670940.912341,2300671.000,48819,1,TL,1,100,2024-05-14_12-45-35-745159
1715670940.942741,2300700.000,48822,1,TL,1,100,2024-05-14_12-45-40-951231
1715670946.274302,2305786.000,49664,1,TL,1,100,2024-05-14_12-45-41-144859
1715670946.304703,2305815.000,49667,1,TL,1,100,2024-05-14_12-45-46-313036
1715670951.640457,2310905.000,50512,1,TL,1,100,2024-05-14_12-45-46-472605
1715670956.992984,2316011.000,51358,1,TL,1,100,2024-05-14_12-45-51-798374
1715670957.011853,2316029.000,51360,1,TL,1,100,2024-05-14_12-45-51-898020
1715670957.110391,2316123.000,51363,1,TL,1,100,2024-05-14_12-45-57-111536
1715670962.383249,2321153.000,52205,1,TL,1,100,2024-05-14_12-45-57-201257
1715670962.445098,2321212.000,52208,1,TL,1,100,2024-05-14_12-46-02-449347
1715670967.777707,2326299.000,53003,1,TL,1,100,2024-05-14_12-46-02-652805
1715670967.871004,2326388.000,53006,1,TL,1,100,2024-05-14_12-46-07-872855
1715670973.144910,2331419.000,53839,1,TL,1,100,2024-05-14_12-46-08-076322
1715670973.171117,2331444.000,53842,1,TL,1,100,2024-05-14_12-46-13-172582
1715670978.714432,2336732.000,54604,1,TL,1,100,2024-05-14_12-46-13-334113
1715670978.741687,2336758.000,54607,1,TL,1,100,2024-05-14_12-46-18-739560
1715670984.102600,2341872.000,55409,1,TL,1,100,2024-05-14_12-46-18-964967
1715670984.128807,2341897.000,55412,1,TL,1,100,2024-05-14_12-46-24-129038
1715670989.460369,2346983.000,56255,1,TL,1,100,2024-05-14_12-46-24-288631
1715670989.594549,2347111.000,56258,1,TL,1,100,2024-05-14_12-46-29-481237
1715670994.855875,2352130.000,57105,1,TL,1,100,2024-05-14_12-46-34-851046
1715671000.189533,2357218.000,57917,1,TL,1,100,2024-05-14_12-46-35-007149
1715671000.214692,2357242.000,57920,1,TL,1,100,2024-05-14_12-46-40-209243
1715671005.597619,2362377.000,58732,1,TL,1,100,2024-05-14_12-46-45-587619
1715671011.129402,2367654.000,59541,1,TL,1,100,2024-05-14_12-46-45-759012
1715671011.204879,2367726.000,59544,1,TL,1,100,2024-05-14_12-46-51-190640
1715671016.518619,2372795.000,60296,1,TL,1,100,2024-05-14_12-46-51-348088
1715671016.546923,2372822.000,60299,1,TL,1,100,2024-05-14_12-46-56-530364
1715671027.265604,2383047.000,62002,1,TL,1,100,2024-05-14_12-47-02-077518
1715671027.293908,2383074.000,62005,1,TL,1,100,2024-05-14_12-47-07-276648
1715671032.628614,2388163.000,62839,1,TL,1,100,2024-05-14_12-47-07-472137
1715671032.654821,2388188.000,62842,1,TL,1,100,2024-05-14_12-47-12-640374
1715671037.997914,2393285.000,63687,1,TL,1,100,2024-05-14_12-47-12-807977
1715671043.352537,2398393.000,64533,1,TL,1,100,2024-05-14_12-47-18-224426
1715671043.379793,2398419.000,64536,1,TL,1,100,2024-05-14_12-47-23-360682
1715671048.707161,2403501.000,65379,1,TL,1,100,2024-05-14_12-47-23-544133
1715671048.734416,2403527.000,65382,1,TL,1,100,2024-05-14_12-47-28-713385
1715671054.072267,2408619.000,692,1,TL,1,100,2024-05-14_12-47-28-872931
1715671054.125730,2408670.000,695,1,TL,1,100,2024-05-14_12-47-34-097002
1715671059.415360,2413716.000,1544,1,TL,1,100,2024-05-14_12-47-34-198735
1715671059.447856,2413747.000,1547,1,TL,1,100,2024-05-14_12-47-39-429207
1715671064.814011,2418866.000,2404,1,TL,1,100,2024-05-14_12-47-39-518922
1715671064.842315,2418893.000,2407,1,TL,1,100,2024-05-14_12-47-44-826780
1715671070.168635,2423974.000,3267,1,TL,1,100,2024-05-14_12-47-44-945476
1715671070.212662,2424016.000,3270,1,TL,1,100,2024-05-14_12-47-50-197435
1715671075.549465,2429107.000,4129,1,TL,1,100,2024-05-14_12-47-50-283078
1715671075.584059,2429140.000,4132,1,TL,1,100,2024-05-14_12-47-55-565083
1715671080.932393,2434242.000,4993,1,TL,1,100,2024-05-14_12-47-55-702609
1715671080.961744,2434270.000,4996,1,TL,1,100,2024-05-14_12-48-00-951572
1715671086.332092,2439393.000,5856,1,TL,1,100,2024-05-14_12-48-01-023391
1715671091.764289,2444575.000,6719,1,TL,1,100,2024-05-14_12-48-06-351249
1715671091.782109,2444592.000,6721,1,TL,1,100,2024-05-14_12-48-06-552720
1715671091.809365,2444618.000,6724,1,TL,1,100,2024-05-14_12-48-11-803552
1715671097.124154,2449688.000,7567,1,TL,1,100,2024-05-14_12-48-11-877494
1715671097.150361,2449713.000,7570,1,TL,1,100,2024-05-14_12-48-17-145383
1715671102.477729,2454795.000,8433,1,TL,1,100,2024-05-14_12-48-17-306846
1715671102.509177,2454825.000,8436,1,TL,1,100,2024-05-14_12-48-22-501082
1715671107.837594,2459908.000,9296,1,TL,1,100,2024-05-14_12-48-22-630745
1715671107.876380,2459945.000,9299,1,TL,1,100,2024-05-14_12-48-27-858644
1715671113.192217,2465016.000,10162,1,TL,1,100,2024-05-14_12-48-27-946290
1715671113.219473,2465042.000,10165,1,TL,1,100,2024-05-14_12-48-33-216177
1715671118.562565,2470139.000,11024,1,TL,1,100,2024-05-14_12-48-33-293990
1715671118.589821,2470165.000,11027,1,TL,1,100,2024-05-14_12-48-38-585833
1715671123.955975,2475284.000,11891,1,TL,1,100,2024-05-14_12-48-38-705635
1715671124.049272,2475373.000,11894,1,TL,1,100,2024-05-14_12-48-44-041540
1715671134.706105,2485539.000,13584,1,TL,1,100,2024-05-14_12-48-54-699138
1715671140.053391,2490640.000,14445,1,TL,1,100,2024-05-14_12-48-54-792757
1715671140.122577,2490706.000,14448,1,TL,1,100,2024-05-14_12-49-00-108549
1715671145.413256,2495753.000,15296,1,TL,1,100,2024-05-14_12-49-00-216368
1715671145.441560,2495780.000,15299,1,TL,1,100,2024-05-14_12-49-05-429713
1715671150.767879,2500861.000,16158,1,TL,1,100,2024-05-14_12-49-05-491640
1715671150.794086,2500886.000,16161,1,TL,1,100,2024-05-14_12-49-10-779394
1715671156.126696,2505973.000,17020,1,TL,1,100,2024-05-14_12-49-10-859204
1715671156.205317,2506048.000,17023,1,TL,1,100,2024-05-14_12-49-16-184417
1715671161.519058,2511117.000,17854,1,TL,1,100,2024-05-14_12-49-16-288170
1715671161.551555,2511148.000,17857,1,TL,1,100,2024-05-14_12-49-21-532130
1715671166.941820,2516290.000,18717,1,TL,1,100,2024-05-14_12-49-21-611930
1715671166.976413,2516323.000,18720,1,TL,1,100,2024-05-14_12-49-26-951759
1715671172.342568,2521442.000,19579,1,TL,1,100,2024-05-14_12-49-27-041549
1715671172.369823,2521468.000,19582,1,TL,1,100,2024-05-14_12-49-32-349227
1715671188.476673,2536833.000,22151,1,TL,1,100,2024-05-14_12-49-43-327418
1715671193.831297,2541941.000,22981,1,TL,1,100,2024-05-14_12-49-48-541481
1715671193.860649,2541969.000,22983,1,TL,1,100,2024-05-14_12-49-48-659189
1715671193.894194,2542001.000,22986,1,TL,1,100,2024-05-14_12-49-53-881237
1715671199.194307,2547057.000,23845,1,TL,1,100,2024-05-14_12-49-53-972981
1715671199.224707,2547086.000,23848,1,TL,1,100,2024-05-14_12-49-59-206972
1715671204.545785,2552162.000,24691,1,TL,1,100,2024-05-14_12-49-59-296744
1715671204.578282,2552193.000,24694,1,TL,1,100,2024-05-14_12-50-04-560663
1715671209.906699,2557276.000,25563,1,TL,1,100,2024-05-14_12-50-04-724237
1715671209.957016,2557324.000,25566,1,TL,1,100,2024-05-14_12-50-09-948607
1715671215.309543,2562430.000,26422,1,TL,1,100,2024-05-14_12-50-10-048476
1715671215.337847,2562457.000,26425,1,TL,1,100,2024-05-14_12-50-15-332135
1715671220.714484,2567586.000,27288,1,TL,1,100,2024-05-14_12-50-15-549482
1715671220.743836,2567614.000,27291,1,TL,1,100,2024-05-14_12-50-20-741473
1715671226.076446,2572701.000,28150,1,TL,1,100,2024-05-14_12-50-20-901073
1715671226.129908,2572752.000,28153,1,TL,1,100,2024-05-14_12-50-26-128548
1715671231.495015,2577870.000,29018,1,TL,1,100,2024-05-14_12-50-26-208274
1715671231.557911,2577930.000,29021,1,TL,1,100,2024-05-14_12-50-31-557288
1715671236.873749,2583001.000,29877,1,TL,1,100,2024-05-14_12-50-31-663159
1715671236.904149,2583030.000,29880,1,TL,1,100,2024-05-14_12-50-36-905011
1715671242.229420,2588110.000,30742,1,TL,1,100,2024-05-14_12-50-36-984816
1715671242.310138,2588187.000,30745,1,TL,1,100,2024-05-14_12-50-42-304710
1715671247.592430,2593226.000,31584,1,TL,1,100,2024-05-14_12-50-42-406310
1715671252.990033,2598375.000,32417,1,TL,1,100,2024-05-14_12-50-47-833048
1715671258.418037,2603553.000,33264,1,TL,1,100,2024-05-14_12-50-53-160795
1715671258.449485,2603583.000,33266,1,TL,1,100,2024-05-14_12-50-53-260660
1715671258.481982,2603614.000,33269,1,TL,1,100,2024-05-14_12-50-58-478678
1715671263.764274,2608653.000,34098,1,TL,1,100,2024-05-14_12-50-58-688158
1715671263.809350,2608696.000,34101,1,TL,1,100,2024-05-14_12-51-03-808461
1715671269.162925,2613803.000,34945,1,TL,1,100,2024-05-14_12-51-03-962060
1715671269.200664,2613839.000,34948,1,TL,1,100,2024-05-14_12-51-09-192065
1715671274.580446,2618971.000,35796,1,TL,1,100,2024-05-14_12-51-09-431337
1715671274.670598,2619057.000,35799,1,TL,1,100,2024-05-14_12-51-14-667176
1715671279.926683,2624071.000,36640,1,TL,1,100,2024-05-14_12-51-14-868532
1715671279.953938,2624097.000,36643,1,TL,1,100,2024-05-14_12-51-19-949440
1715671285.302273,2629199.000,37469,1,TL,1,100,2024-05-14_12-51-20-190655
1715671285.338962,2629234.000,37472,1,TL,1,100,2024-05-14_12-51-25-331046
1715671290.725034,2634372.000,38323,1,TL,1,100,2024-05-14_12-51-25-510585
1715671290.756483,2634402.000,38326,1,TL,1,100,2024-05-14_12-51-30-744777
1715671296.092237,2639492.000,39166,1,TL,1,100,2024-05-14_12-51-36-080626
1715671301.453151,2644606.000,39997,1,TL,1,100,2024-05-14_12-51-36-268170
1715671301.500323,2644651.000,40000,1,TL,1,100,2024-05-14_12-51-41-490174
1715671306.823498,2649729.000,40842,1,TL,1,100,2024-05-14_12-51-41-647769
1715671306.851802,2649756.000,40845,1,TL,1,100,2024-05-14_12-51-46-840900
1715671312.190701,2654849.000,41691,1,TL,1,100,2024-05-14_12-51-52-180596
1715671317.563146,2659974.000,42512,1,TL,1,100,2024-05-14_12-51-52-346169
1715671317.590401,2660000.000,42515,1,TL,1,100,2024-05-14_12-51-57-582290
1715671322.917769,2665082.000,43358,1,TL,1,100,2024-05-14_12-51-57-774773
1715671322.948169,2665111.000,43361,1,TL,1,100,2024-05-14_12-52-02-940496
1715671328.288117,2670205.000,44207,1,TL,1,100,2024-05-14_12-52-03-110061
1715671328.316421,2670232.000,44210,1,TL,1,100,2024-05-14_12-52-08-304162
1715671333.642740,2675313.000,45057,1,TL,1,100,2024-05-14_12-52-08-473721
1715671333.676286,2675345.000,45060,1,TL,1,100,2024-05-14_12-52-13-663976
1715671339.023571,2680446.000,45907,1,TL,1,100,2024-05-14_12-52-13-857447
1715671339.051875,2680473.000,45910,1,TL,1,100,2024-05-14_12-52-19-046327
1715671344.377146,2685553.000,46754,1,TL,1,100,2024-05-14_12-52-19-200051
1715671349.734915,2690664.000,47537,1,TL,1,100,2024-05-14_12-52-24-603599
1715671349.760074,2690688.000,47540,1,TL,1,100,2024-05-14_12-52-29-751272
1715671355.207994,2695885.000,48371,1,TL,1,100,2024-05-14_12-52-29-924821
1715671355.267746,2695942.000,48374,1,TL,1,100,2024-05-14_12-52-35-254540
1715671360.637046,2701064.000,49067,1,TL,1,100,2024-05-14_12-52-35-462121
1715671360.666398,2701092.000,49070,1,TL,1,100,2024-05-14_12-52-40-652142
1715671366.000056,2706180.000,49912,1,TL,1,100,2024-05-14_12-52-40-823658
1715671366.029408,2706208.000,49915,1,TL,1,100,2024-05-14_12-52-46-013917
1715671371.442735,2711372.000,50763,1,TL,1,100,2024-05-14_12-52-51-418498
1715671376.807841,2716490.000,51610,1,TL,1,100,2024-05-14_12-52-51-587903
1715671376.878076,2716557.000,51613,1,TL,1,100,2024-05-14_12-52-56-862930
1715671382.180286,2721615.000,52414,1,TL,1,100,2024-05-14_12-52-56-990598
1715671382.214879,2721648.000,52417,1,TL,1,100,2024-05-14_12-53-02-197044
1715671387.587323,2726773.000,53250,1,TL,1,100,2024-05-14_12-53-07-572519
1715671393.048872,2731983.000,53968,1,TL,1,100,2024-05-14_12-53-07-740208
1715671393.077175,2732010.000,53971,1,TL,1,100,2024-05-14_12-53-13-059979
1715671398.418171,2737105.000,54803,1,TL,1,100,2024-05-14_12-53-13-249366
1715671398.486310,2737170.000,54806,1,TL,1,100,2024-05-14_12-53-18-463409
1715671403.775939,2742216.000,55645,1,TL,1,100,2024-05-14_12-53-18-593097
1715671403.802147,2742241.000,55648,1,TL,1,100,2024-05-14_12-53-23-795163
1715671409.192412,2747383.000,56497,1,TL,1,100,2024-05-14_12-53-23-970702
1715671414.586870,2752529.000,57329,1,TL,1,100,2024-05-14_12-53-29-426084
1715671414.645574,2752585.000,57332,1,TL,1,100,2024-05-14_12-53-34-637994
1715671419.978184,2757672.000,58176,1,TL,1,100,2024-05-14_12-53-34-771612
1715671420.003342,2757696.000,58179,1,TL,1,100,2024-05-14_12-53-39-993683
1715671425.409332,2762853.000,59030,1,TL,1,100,2024-05-14_12-53-45-395245
1715671430.707348,2767907.000,59874,1,TL,1,100,2024-05-14_12-53-45-509097
1715671430.733555,2767932.000,59877,1,TL,1,100,2024-05-14_12-53-50-723047
1715671436.086082,2773038.000,60724,1,TL,1,100,2024-05-14_12-53-56-072704
1715671441.446995,2778152.000,61569,1,TL,1,100,2024-05-14_12-53-56-270172
1715671441.492071,2778195.000,61572,1,TL,1,100,2024-05-14_12-54-01-475346
1715671446.805812,2783264.000,62398,1,TL,1,100,2024-05-14_12-54-06-794082
1715671452.146808,2788359.000,63242,1,TL,1,100,2024-05-14_12-54-06-999558
1715671452.175112,2788386.000,63245,1,TL,1,100,2024-05-14_12-54-12-166561
1715671457.524494,2793489.000,64091,1,TL,1,100,2024-05-14_12-54-12-326133
1715671457.559087,2793522.000,64094,1,TL,1,100,2024-05-14_12-54-17-549034
1715671462.889600,2798607.000,64925,1,TL,1,100,2024-05-14_12-54-17-758597
1715671462.917904,2798634.000,64928,1,TL,1,100,2024-05-14_12-54-22-914822
1715671468.257851,2803728.000,235,1,TL,1,100,2024-05-14_12-54-28-260026
1715671473.597799,2808822.000,1098,1,TL,1,100,2024-05-14_12-54-28-402719
1715671473.626102,2808849.000,1101,1,TL,1,100,2024-05-14_12-54-33-628558
1715671478.953471,2813931.000,1939,1,TL,1,100,2024-05-14_12-54-33-728201
1715671478.981774,2813958.000,1942,1,TL,1,100,2024-05-14_12-54-38-986533
1715671484.324867,2819055.000,2805,1,TL,1,100,2024-05-14_12-54-39-160125
1715671484.369943,2819098.000,2808,1,TL,1,100,2024-05-14_12-54-44-380142
1715671489.709891,2824192.000,3672,1,TL,1,100,2024-05-14_12-54-44-479745
1715671489.794801,2824273.000,3675,1,TL,1,100,2024-05-14_12-54-49-807618
1715671495.064514,2829300.000,4522,1,TL,1,100,2024-05-14_12-54-49-905340
1715671495.115880,2829349.000,4525,1,TL,1,100,2024-05-14_12-54-55-133282
1715671500.432765,2834421.000,5384,1,TL,1,100,2024-05-14_12-54-55-231126
1715671500.461069,2834448.000,5387,1,TL,1,100,2024-05-14_12-55-00-476746
1715671505.780051,2839522.000,6250,1,TL,1,100,2024-05-14_12-55-00-554541
1715671505.809403,2839550.000,6253,1,TL,1,100,2024-05-14_12-55-05-825616
1715671511.168220,2844662.000,7096,1,TL,1,100,2024-05-14_12-55-05-987189
1715671511.196523,2844689.000,7099,1,TL,1,100,2024-05-14_12-55-11-215188
1715671516.527036,2849774.000,7959,1,TL,1,100,2024-05-14_12-55-11-286929
1715671516.560581,2849806.000,7962,1,TL,1,100,2024-05-14_12-55-16-573040
1715671521.891094,2854891.000,8826,1,TL,1,100,2024-05-14_12-55-16-684881
1715671521.946653,2854944.000,8829,1,TL,1,100,2024-05-14_12-55-21-964746
1715671527.264587,2860017.000,9686,1,TL,1,100,2024-05-14_12-55-22-062507
1715671527.289746,2860041.000,9689,1,TL,1,100,2024-05-14_12-55-27-314326
1715671532.637031,2865142.000,10543,1,TL,1,100,2024-05-14_12-55-27-394250
1715671532.665335,2865169.000,10546,1,TL,1,100,2024-05-14_12-55-32-686129
1715671537.993752,2870252.000,11402,1,TL,1,100,2024-05-14_12-55-32-813636
1715671538.024152,2870281.000,11405,1,TL,1,100,2024-05-14_12-55-38-043802
1715671543.348375,2875360.000,12250,1,TL,1,100,2024-05-14_12-55-38-153368
1715671543.375630,2875386.000,12253,1,TL,1,100,2024-05-14_12-55-43-395378
1715671548.726061,2880490.000,13112,1,TL,1,100,2024-05-14_12-55-43-465187
1715671548.770089,2880532.000,13115,1,TL,1,100,2024-05-14_12-55-48-791331
1715671554.074395,2885592.000,13962,1,TL,1,100,2024-05-14_12-55-48-889163
1715671554.103747,2885620.000,13965,1,TL,1,100,2024-05-14_12-55-54-124082
1715671559.499253,2890767.000,14837,1,TL,1,100,2024-05-14_12-55-54-217785
1715671559.534895,2890801.000,14840,1,TL,1,100,2024-05-14_12-55-59-554437
1715671564.903146,2895922.000,15704,1,TL,1,100,2024-05-14_12-55-59-631527
1715671564.931450,2895949.000,15707,1,TL,1,100,2024-05-14_12-56-04-948688
1715671570.276639,2901048.000,16551,1,TL,1,100,2024-05-14_12-56-05-018614
1715671570.303894,2901074.000,16554,1,TL,1,100,2024-05-14_12-56-10-322140
1715671575.641745,2906166.000,17414,1,TL,1,100,2024-05-14_12-56-10-397927
1715671575.667952,2906191.000,17417,1,TL,1,100,2024-05-14_12-56-15-683824
1715671581.056121,2911331.000,18291,1,TL,1,100,2024-05-14_12-56-15-755623
1715671581.136838,2911408.000,18294,1,TL,1,100,2024-05-14_12-56-21-150435
1715671586.417034,2916445.000,19137,1,TL,1,100,2024-05-14_12-56-21-248185
1715671586.457917,2916484.000,19140,1,TL,1,100,2024-05-14_12-56-26-470238
1715671591.837699,2921616.000,19998,1,TL,1,100,2024-05-14_12-56-26-571993
1715671591.893258,2921669.000,20001,1,TL,1,100,2024-05-14_12-56-31-901721
1715671597.195467,2926727.000,20854,1,TL,1,100,2024-05-14_12-56-31-971554
1715671597.227964,2926758.000,20857,1,TL,1,100,2024-05-14_12-56-37-235338
1715671602.662257,2931942.000,21719,1,TL,1,100,2024-05-14_12-56-37-324359
1715671602.748216,2932024.000,21722,1,TL,1,100,2024-05-14_12-56-42-752643
1715671608.017929,2937051.000,22566,1,TL,1,100,2024-05-14_12-56-42-854553
1715671608.079778,2937110.000,22569,1,TL,1,100,2024-05-14_12-56-48-084520
1715671613.378842,2942165.000,23416,1,TL,1,100,2024-05-14_12-56-48-182185
1715671613.406098,2942191.000,23419,1,TL,1,100,2024-05-14_12-56-53-415171
1715671618.773301,2947311.000,24283,1,TL,1,100,2024-05-14_12-56-53-503070
1715671618.800556,2947337.000,24286,1,TL,1,100,2024-05-14_12-56-58-806472
1715671624.126876,2952418.000,25141,1,TL,1,100,2024-05-14_12-56-58-930124
1715671624.154131,2952444.000,25144,1,TL,1,100,2024-05-14_12-57-04-156245
1715671629.495127,2957539.000,25999,1,TL,1,100,2024-05-14_12-57-04-258294
1715671629.584231,2957624.000,26002,1,TL,1,100,2024-05-14_12-57-09-579874
1715671634.866523,2962663.000,26832,1,TL,1,100,2024-05-14_12-57-09-673672
1715671634.907406,2962702.000,26835,1,TL,1,100,2024-05-14_12-57-14-905201
1715671640.238968,2967788.000,27694,1,TL,1,100,2024-05-14_12-57-15-008861
1715671640.271464,2967819.000,27697,1,TL,1,100,2024-05-14_12-57-20-270631
1715671645.631329,2972932.000,28561,1,TL,1,100,2024-05-14_12-57-20-340418
1715671651.010063,2978063.000,29406,1,TL,1,100,2024-05-14_12-57-31-000876
1715671656.346866,2983154.000,30266,1,TL,1,100,2024-05-14_12-57-31-096648
1715671656.373073,2983179.000,30269,1,TL,1,100,2024-05-14_12-57-36-362424
1715671661.700441,2988261.000,31133,1,TL,1,100,2024-05-14_12-57-36-440240
1715671661.731890,2988291.000,31136,1,TL,1,100,2024-05-14_12-57-41-721133
1715671667.083369,2993396.000,31980,1,TL,1,100,2024-05-14_12-57-41-834761
1715671667.110624,2993422.000,31983,1,TL,1,100,2024-05-14_12-57-47-103598
1715671672.449523,2998515.000,32842,1,TL,1,100,2024-05-14_12-57-47-175445
1715671672.476779,2998541.000,32845,1,TL,1,100,2024-05-14_12-57-52-468565
1715671677.845030,3003662.000,33693,1,TL,1,100,2024-05-14_12-57-52-641987
1715671677.879623,3003695.000,33696,1,TL,1,100,2024-05-14_12-57-57-862135
1715671683.246826,3008815.000,34555,1,TL,1,100,2024-05-14_12-57-58-015616
1715671683.346413,3008910.000,34558,1,TL,1,100,2024-05-14_12-58-03-335522
1715671688.658057,3013977.000,35404,1,TL,1,100,2024-05-14_12-58-03-441120
1715671694.134281,3019201.000,36235,1,TL,1,100,2024-05-14_12-58-08-681211
1715671694.166778,3019232.000,36237,1,TL,1,100,2024-05-14_12-58-08-872706
1715671694.210806,3019274.000,36240,1,TL,1,100,2024-05-14_12-58-14-202479
1715671699.527691,3024346.000,37076,1,TL,1,100,2024-05-14_12-58-19-524118
1715671710.315559,3034637.000,38796,1,TL,1,100,2024-05-14_12-58-25-087386
1715671710.383698,3034702.000,38799,1,TL,1,100,2024-05-14_12-58-30-374028
1715671715.741466,3039813.000,39644,1,TL,1,100,2024-05-14_12-58-30-571498
1715671721.102379,3044927.000,40489,1,TL,1,100,2024-05-14_12-58-35-767288
1715671721.120200,3044944.000,40491,1,TL,1,100,2024-05-14_12-58-36-010780
1715671721.149552,3044972.000,40494,1,TL,1,100,2024-05-14_12-58-41-151100
1715671726.475872,3050053.000,41308,1,TL,1,100,2024-05-14_12-58-41-334696
1715671726.553445,3050127.000,41311,1,TL,1,100,2024-05-14_12-58-46-556720
1715671731.831544,3055162.000,42109,1,TL,1,100,2024-05-14_12-58-46-760132
1715671731.874523,3055203.000,42112,1,TL,1,100,2024-05-14_12-58-51-880491
1715671737.300430,3060379.000,42942,1,TL,1,100,2024-05-14_12-58-52-085813
1715671737.327686,3060405.000,42945,1,TL,1,100,2024-05-14_12-58-57-329927
1715671742.682309,3065513.000,43664,1,TL,1,100,2024-05-14_12-58-57-529282
1715671742.708516,3065538.000,43667,1,TL,1,100,2024-05-14_12-59-02-707553
1715671748.172161,3070750.000,44524,1,TL,1,100,2024-05-14_12-59-02-938819
1715671748.257072,3070831.000,44527,1,TL,1,100,2024-05-14_12-59-08-256715
1715671753.581295,3075910.000,45373,1,TL,1,100,2024-05-14_12-59-08-364442
1715671753.608551,3075936.000,45376,1,TL,1,100,2024-05-14_12-59-13-608294
1715671764.402709,3086233.000,47019,1,TL,1,100,2024-05-14_12-59-19-221415
1715671764.445688,3086274.000,47022,1,TL,1,100,2024-05-14_12-59-24-445469
1715671769.761525,3091345.000,47830,1,TL,1,100,2024-05-14_12-59-24-644885
1715671769.789829,3091372.000,47833,1,TL,1,100,2024-05-14_12-59-29-791072
1715671780.585035,3101670.000,49415,1,TL,1,100,2024-05-14_12-59-35-615621
1715671780.634304,3101717.000,49418,1,TL,1,100,2024-05-14_12-59-40-619261
1715671785.942803,3106781.000,50253,1,TL,1,100,2024-05-14_12-59-40-770846
1715671785.969011,3106806.000,50256,1,TL,1,100,2024-05-14_12-59-45-958849
1715671791.339358,3111929.000,51074,1,TL,1,100,2024-05-14_12-59-51-328621
1715671796.727527,3117069.000,51911,1,TL,1,100,2024-05-14_12-59-51-486289
1715671796.755831,3117096.000,51914,1,TL,1,100,2024-05-14_12-59-56-748230
1715671802.127227,3122220.000,52734,1,TL,1,100,2024-05-14_13-00-02-119692
1715671807.496526,3127342.000,53564,1,TL,1,100,2024-05-14_13-00-02-261322
1715671807.560471,3127403.000,53567,1,TL,1,100,2024-05-14_13-00-07-555033
1715671812.845908,3132445.000,54382,1,TL,1,100,2024-05-14_13-00-07-694765
1715671812.875260,3132473.000,54385,1,TL,1,100,2024-05-14_13-00-12-870368
1715671818.199484,3137552.000,55202,1,TL,1,100,2024-05-14_13-00-13-039934
1715671818.226739,3137578.000,55205,1,TL,1,100,2024-05-14_13-00-18-225935
1715671823.562493,3142668.000,56022,1,TL,1,100,2024-05-14_13-00-18-513312
1715671823.635873,3142738.000,56025,1,TL,1,100,2024-05-14_13-00-23-629545
1715671828.966386,3147823.000,56845,1,TL,1,100,2024-05-14_13-00-23-763270
1715671829.050249,3147903.000,56848,1,TL,1,100,2024-05-14_13-00-29-057509
1715671834.312624,3152923.000,57662,1,TL,1,100,2024-05-14_13-00-29-165239
1715671834.349313,3152958.000,57665,1,TL,1,100,2024-05-14_13-00-34-349244
1715671839.717565,3158079.000,58501,1,TL,1,100,2024-05-14_13-00-34-602708
1715671839.746917,3158107.000,58504,1,TL,1,100,2024-05-14_13-00-39-750504
1715671855.910374,3173526.000,61005,1,TL,1,100,2024-05-14_13-00-50-688567
1715671855.938678,3173553.000,61008,1,TL,1,100,2024-05-14_13-00-55-938515
1715671861.270239,3178639.000,61814,1,TL,1,100,2024-05-14_13-00-56-108076
1715671861.322653,3178689.000,61817,1,TL,1,100,2024-05-14_13-01-01-319201
1715671866.619621,3183742.000,62638,1,TL,1,100,2024-05-14_13-01-01-472815
1715671871.986824,3188862.000,63456,1,TL,1,100,2024-05-14_13-01-06-846462
1715671872.059155,3188931.000,63459,1,TL,1,100,2024-05-14_13-01-12-062971
1715671877.335158,3193964.000,64281,1,TL,1,100,2024-05-14_13-01-12-208682
1715671877.422165,3194047.000,64284,1,TL,1,100,2024-05-14_13-01-17-421996
1715671882.684540,3199067.000,65105,1,TL,1,100,2024-05-14_13-01-17-559498
1715671888.036019,3204172.000,392,1,TL,1,100,2024-05-14_13-01-22-930588
1715671888.064322,3204199.000,395,1,TL,1,100,2024-05-14_13-01-28-070862
1715671893.390642,3209280.000,1235,1,TL,1,100,2024-05-14_13-01-28-244254
1715671893.458781,3209345.000,1238,1,TL,1,100,2024-05-14_13-01-33-464413
1715671898.801873,3214442.000,2094,1,TL,1,100,2024-05-14_13-01-33-568021
1715671898.893074,3214529.000,2097,1,TL,1,100,2024-05-14_13-01-38-895388
1715671904.155448,3219549.000,2937,1,TL,1,100,2024-05-14_13-01-39-002267
1715671904.205766,3219597.000,2940,1,TL,1,100,2024-05-14_13-01-44-220827
1715671909.503782,3224651.000,3787,1,TL,1,100,2024-05-14_13-01-44-318466
1715671909.534183,3224680.000,3790,1,TL,1,100,2024-05-14_13-01-49-554588
1715671914.857358,3229758.000,4650,1,TL,1,100,2024-05-14_13-01-49-644226
1715671914.884613,3229784.000,4653,1,TL,1,100,2024-05-14_13-01-54-906298
1715671920.229802,3234883.000,5512,1,TL,1,100,2024-05-14_13-01-54-974113
1715671920.258106,3234910.000,5515,1,TL,1,100,2024-05-14_13-02-00-275849
1715671925.581281,3239988.000,6356,1,TL,1,100,2024-05-14_13-02-00-397560
1715671925.624260,3240029.000,6359,1,TL,1,100,2024-05-14_13-02-05-641518
1715671930.945339,3245105.000,7213,1,TL,1,100,2024-05-14_13-02-05-711281
1715671931.027105,3245183.000,7216,1,TL,1,100,2024-05-14_13-02-11-045146
1715671936.312542,3250225.000,8057,1,TL,1,100,2024-05-14_13-02-11-124941
1715671936.364956,3250275.000,8060,1,TL,1,100,2024-05-14_13-02-16-376755
1715671941.686034,3255351.000,8906,1,TL,1,100,2024-05-14_13-02-16-474640
1715671941.712241,3255376.000,8909,1,TL,1,100,2024-05-14_13-02-21-727461
1715671947.046948,3260465.000,9770,1,TL,1,100,2024-05-14_13-02-21-801292
1715671947.117182,3260532.000,9773,1,TL,1,100,2024-05-14_13-02-27-121014
1715671952.398426,3265570.000,10617,1,TL,1,100,2024-05-14_13-02-27-226748
1715671952.426730,3265597.000,10620,1,TL,1,100,2024-05-14_13-02-32-434934
1715671957.849492,3270770.000,11477,1,TL,1,100,2024-05-14_13-02-32-496791
1715671957.880940,3270800.000,11480,1,TL,1,100,2024-05-14_13-02-37-888239
1715671963.231371,3275904.000,12334,1,TL,1,100,2024-05-14_13-02-37-978000
1715671963.259674,3275931.000,12337,1,TL,1,100,2024-05-14_13-02-43-264021
1715671968.591236,3281017.000,13194,1,TL,1,100,2024-05-14_13-02-43-405652
1715671968.631070,3281055.000,13197,1,TL,1,100,2024-05-14_13-02-48-633635
1715671973.939570,3286119.000,14051,1,TL,1,100,2024-05-14_13-02-48-731411
1715671973.967873,3286146.000,14054,1,TL,1,100,2024-05-14_13-02-53-965387
1715671979.301531,3291234.000,14915,1,TL,1,100,2024-05-14_13-02-54-055158
1715671979.390635,3291319.000,14918,1,TL,1,100,2024-05-14_13-02-59-387892
1715671984.656155,3296342.000,15766,1,TL,1,100,2024-05-14_13-02-59-485548
1715671984.716955,3296400.000,15769,1,TL,1,100,2024-05-14_13-03-04-709647
1715671990.003440,3301443.000,16597,1,TL,1,100,2024-05-14_13-03-04-805422
1715671990.029647,3301468.000,16600,1,TL,1,100,2024-05-14_13-03-10-029450
1715671995.359112,3306552.000,17453,1,TL,1,100,2024-05-14_13-03-10-133188
1715671995.458699,3306647.000,17456,1,TL,1,100,2024-05-14_13-03-15-457958
1715672000.721074,3311667.000,18297,1,TL,1,100,2024-05-14_13-03-15-559678
1715672000.793405,3311736.000,18300,1,TL,1,100,2024-05-14_13-03-20-784412
1715672011.422983,3321876.000,19988,1,TL,1,100,2024-05-14_13-03-26-307539
1715672011.453383,3321905.000,19991,1,TL,1,100,2024-05-14_13-03-31-447410
1715672016.777606,3326984.000,20835,1,TL,1,100,2024-05-14_13-03-31-541143
1715672016.804862,3327010.000,20838,1,TL,1,100,2024-05-14_13-03-36-797161
1715672022.153196,3332112.000,21683,1,TL,1,100,2024-05-14_13-03-36-874999
1715672022.200368,3332157.000,21686,1,TL,1,100,2024-05-14_13-03-42-190678
1715672027.505723,3337218.000,22542,1,TL,1,100,2024-05-14_13-03-42-262588
1715672027.532978,3337244.000,22545,1,TL,1,100,2024-05-14_13-03-47-516402
1715672032.867684,3342333.000,23404,1,TL,1,100,2024-05-14_13-03-47-586360
1715672032.901229,3342365.000,23407,1,TL,1,100,2024-05-14_13-03-52-877756
1715672038.221259,3347440.000,24260,1,TL,1,100,2024-05-14_13-03-52-941722
1715672038.247467,3347465.000,24263,1,TL,1,100,2024-05-14_13-03-58-225613
1715672043.583221,3352555.000,25123,1,TL,1,100,2024-05-14_13-03-58-303384
1715672048.974535,3357698.000,25966,1,TL,1,100,2024-05-14_13-04-03-589267
1715672049.002838,3357725.000,25969,1,TL,1,100,2024-05-14_13-04-08-978710
1715672054.380524,3362855.000,26811,1,TL,1,100,2024-05-14_13-04-09-114360
1715672054.468580,3362939.000,26814,1,TL,1,100,2024-05-14_13-04-14-440656
1715672059.735147,3367963.000,27659,1,TL,1,100,2024-05-14_13-04-14-542278
1715672059.791755,3368017.000,27662,1,TL,1,100,2024-05-14_13-04-19-762299
1715672065.130654,3373110.000,28523,1,TL,1,100,2024-05-14_13-04-19-864065
1715672065.157909,3373136.000,28526,1,TL,1,100,2024-05-14_13-04-25-130074
1715672070.491567,3378224.000,29382,1,TL,1,100,2024-05-14_13-04-25-291529
1715672070.551319,3378281.000,29385,1,TL,1,100,2024-05-14_13-04-30-521172
1715672075.851432,3383337.000,30244,1,TL,1,100,2024-05-14_13-04-30-595068
1715672075.884977,3383369.000,30247,1,TL,1,100,2024-05-14_13-04-35-847999
1715672081.203959,3388443.000,31090,1,TL,1,100,2024-05-14_13-04-35-919936
1715672081.233311,3388471.000,31093,1,TL,1,100,2024-05-14_13-04-41-201842
1715672086.558583,3393551.000,31955,1,TL,1,100,2024-05-14_13-04-41-273649
1715672086.593176,3393584.000,31958,1,TL,1,100,2024-05-14_13-04-46-559365
1715672091.920544,3398666.000,32817,1,TL,1,100,2024-05-14_13-04-46-693168
1715672097.308713,3403806.000,33656,1,TL,1,100,2024-05-14_13-04-52-126404
1715672097.339113,3403835.000,33659,1,TL,1,100,2024-05-14_13-04-57-304418
1715672102.736716,3408984.000,34518,1,TL,1,100,2024-05-14_13-04-57-549915
1715672102.770261,3409016.000,34521,1,TL,1,100,2024-05-14_13-05-02-741401
1715672108.092388,3414093.000,35364,1,TL,1,100,2024-05-14_13-05-02-978766
1715672108.126981,3414126.000,35367,1,TL,1,100,2024-05-14_13-05-08-099069
1715672113.466929,3419220.000,36192,1,TL,1,100,2024-05-14_13-05-08-300545
1715672113.556033,3419305.000,36195,1,TL,1,100,2024-05-14_13-05-13-526932
1715672118.875015,3424379.000,37001,1,TL,1,100,2024-05-14_13-05-13-630656
1715672118.900174,3424403.000,37004,1,TL,1,100,2024-05-14_13-05-18-872630
1715672124.213914,3429472.000,37807,1,TL,1,100,2024-05-14_13-05-19-046163
1715672124.240121,3429497.000,37810,1,TL,1,100,2024-05-14_13-05-24-210000
1715672129.588455,3434599.000,38527,1,TL,1,100,2024-05-14_13-05-29-557714
1715672134.934692,3439699.000,39372,1,TL,1,100,2024-05-14_13-05-29-731344
1715672140.315523,3444832.000,40218,1,TL,1,100,2024-05-14_13-05-40-287098
1715672145.724657,3449992.000,41043,1,TL,1,100,2024-05-14_13-05-40-454637
1715672145.754009,3450020.000,41046,1,TL,1,100,2024-05-14_13-05-45-726579
1715672151.090812,3455111.000,41843,1,TL,1,100,2024-05-14_13-05-45-886127
1715672151.119116,3455138.000,41846,1,TL,1,100,2024-05-14_13-05-51-092228
1715672156.455918,3460229.000,42657,1,TL,1,100,2024-05-14_13-05-51-309628
1715672156.487367,3460259.000,42660,1,TL,1,100,2024-05-14_13-05-56-463839
1715672161.817880,3465344.000,43378,1,TL,1,100,2024-05-14_13-05-56-627409
1715672161.844087,3465369.000,43381,1,TL,1,100,2024-05-14_13-06-01-827523
1715672167.171455,3470451.000,44228,1,TL,1,100,2024-05-14_13-06-01-983106
1715672167.295152,3470569.000,44231,1,TL,1,100,2024-05-14_13-06-07-282934
1715672172.535513,3475568.000,45073,1,TL,1,100,2024-05-14_13-06-07-384671
1715672172.617279,3475646.000,45076,1,TL,1,100,2024-05-14_13-06-12-607774
1715672177.982386,3480764.000,45915,1,TL,1,100,2024-05-14_13-06-12-713423
1715672178.052620,3480831.000,45918,1,TL,1,100,2024-05-14_13-06-18-039307
1715672183.381037,3485914.000,46764,1,TL,1,100,2024-05-14_13-06-23-371336
1715672188.767109,3491052.000,47625,1,TL,1,100,2024-05-14_13-06-23-572781
1715672194.133264,3496171.000,48469,1,TL,1,100,2024-05-14_13-06-34-126579
1715672199.473211,3501265.000,49314,1,TL,1,100,2024-05-14_13-06-34-316193
1715672199.548688,3501337.000,49317,1,TL,1,100,2024-05-14_13-06-39-542230
1715672204.832028,3506377.000,50161,1,TL,1,100,2024-05-14_13-06-39-667764
1715672204.879201,3506422.000,50164,1,TL,1,100,2024-05-14_13-06-44-861931
1715672210.232776,3511529.000,50995,1,TL,1,100,2024-05-14_13-06-45-069471
1715672210.312445,3511605.000,50998,1,TL,1,100,2024-05-14_13-06-50-297307
1715672220.977665,3521779.000,52686,1,TL,1,100,2024-05-14_13-06-56-050123
1715672221.007017,3521807.000,52689,1,TL,1,100,2024-05-14_13-07-00-994889
1715672226.363737,3526917.000,53537,1,TL,1,100,2024-05-14_13-07-01-152344
1715672237.144267,3537201.000,55244,1,TL,1,100,2024-05-14_13-07-11-909728
1715672237.171522,3537227.000,55247,1,TL,1,100,2024-05-14_13-07-17-162276
1715672242.563884,3542371.000,56090,1,TL,1,100,2024-05-14_13-07-22-555729
1715672247.933184,3547493.000,56943,1,TL,1,100,2024-05-14_13-07-22-751348
1715672247.969873,3547528.000,56946,1,TL,1,100,2024-05-14_13-07-27-953427
1715672253.303531,3552616.000,57790,1,TL,1,100,2024-05-14_13-07-28-124857
1715672253.330787,3552642.000,57793,1,TL,1,100,2024-05-14_13-07-33-324076
1715672258.669686,3557735.000,58638,1,TL,1,100,2024-05-14_13-07-38-659686
1715672264.020117,3562839.000,59476,1,TL,1,100,2024-05-14_13-07-38-831226
1715672264.064144,3562881.000,59479,1,TL,1,100,2024-05-14_13-07-44-051300
1715672269.381030,3567953.000,60304,1,TL,1,100,2024-05-14_13-07-44-214973
1715672269.410382,3567981.000,60307,1,TL,1,100,2024-05-14_13-07-49-401102
1715672274.728315,3573054.000,61132,1,TL,1,100,2024-05-14_13-07-49-582640
1715672274.811130,3573133.000,61135,1,TL,1,100,2024-05-14_13-07-54-802539
1715672280.076649,3578156.000,61971,1,TL,1,100,2024-05-14_13-07-54-920289
1715672280.110194,3578188.000,61974,1,TL,1,100,2024-05-14_13-08-00-102395
1715672285.458528,3583290.000,62822,1,TL,1,100,2024-05-14_13-08-00-271944
1715672285.484735,3583315.000,62825,1,TL,1,100,2024-05-14_13-08-05-472408
1715672290.827828,3588412.000,63667,1,TL,1,100,2024-05-14_13-08-10-809258
1715672296.164630,3593503.000,64510,1,TL,1,100,2024-05-14_13-08-10-988650
1715672296.195031,3593532.000,64513,1,TL,1,100,2024-05-14_13-08-16-178784
1715672301.523447,3598615.000,65358,1,TL,1,100,2024-05-14_13-08-16-342508
1715672301.553847,3598644.000,65361,1,TL,1,100,2024-05-14_13-08-21-536460
1715672306.910568,3603754.000,668,1,TL,1,100,2024-05-14_13-08-21-694221
1715672306.937823,3603780.000,671,1,TL,1,100,2024-05-14_13-08-26-920170
1715672312.268336,3608865.000,1527,1,TL,1,100,2024-05-14_13-08-27-001860
1715672312.295591,3608891.000,1530,1,TL,1,100,2024-05-14_13-08-32-277892
1715672317.629249,3613979.000,2388,1,TL,1,100,2024-05-14_13-08-32-385477
1715672317.723594,3614069.000,2391,1,TL,1,100,2024-05-14_13-08-37-705256
1715672322.996452,3619099.000,3234,1,TL,1,100,2024-05-14_13-08-42-984993
1715672328.333255,3624190.000,4093,1,TL,1,100,2024-05-14_13-08-43-061879
1715672328.364703,3624220.000,4096,1,TL,1,100,2024-05-14_13-08-48-354472
1715672333.718279,3629327.000,4951,1,TL,1,100,2024-05-14_13-08-48-460204
1715672333.747630,3629355.000,4954,1,TL,1,100,2024-05-14_13-08-53-731376
1715672339.084433,3634446.000,5799,1,TL,1,100,2024-05-14_13-08-53-803186
1715672339.110640,3634471.000,5802,1,TL,1,100,2024-05-14_13-08-59-097039
1715672344.446395,3639561.000,6658,1,TL,1,100,2024-05-14_13-08-59-166991
1715672344.479940,3639593.000,6661,1,TL,1,100,2024-05-14_13-09-04-464916
1715672349.851336,3644717.000,7531,1,TL,1,100,2024-05-14_13-09-04-640567
1715672349.889074,3644753.000,7534,1,TL,1,100,2024-05-14_13-09-09-870443
1715672355.203863,3649823.000,8396,1,TL,1,100,2024-05-14_13-09-09-962339
1715672355.232167,3649850.000,8399,1,TL,1,100,2024-05-14_13-09-15-228142
1715672360.557438,3654930.000,9252,1,TL,1,100,2024-05-14_13-09-15-301940
1715672360.584693,3654956.000,9255,1,TL,1,100,2024-05-14_13-09-20-579989
1715672365.920448,3660046.000,10109,1,TL,1,100,2024-05-14_13-09-20-718608
1715672371.330631,3665207.000,10929,1,TL,1,100,2024-05-14_13-09-26-141371
1715672371.381996,3665256.000,10932,1,TL,1,100,2024-05-14_13-09-31-369372
1715672376.722992,3670351.000,11788,1,TL,1,100,2024-05-14_13-09-31-439179
1715672376.751296,3670378.000,11791,1,TL,1,100,2024-05-14_13-09-36-738872
1715672382.076567,3675458.000,12641,1,TL,1,100,2024-05-14_13-09-36-902411
1715672382.104871,3675485.000,12644,1,TL,1,100,2024-05-14_13-09-42-092712
1715672387.438529,3680573.000,13504,1,TL,1,100,2024-05-14_13-09-42-166411
1715672387.469977,3680603.000,13507,1,TL,1,100,2024-05-14_13-09-47-454264
1715672392.785815,3685674.000,14367,1,TL,1,100,2024-05-14_13-09-47-543993
1715672392.814118,3685701.000,14370,1,TL,1,100,2024-05-14_13-09-52-793965
1715672398.158259,3690799.000,15228,1,TL,1,100,2024-05-14_13-09-52-869895
1715672398.185514,3690825.000,15231,1,TL,1,100,2024-05-14_13-09-58-163744
1715672403.521269,3695915.000,16074,1,TL,1,100,2024-05-14_13-09-58-253504
1715672403.550621,3695943.000,16077,1,TL,1,100,2024-05-14_13-10-03-527416
1715672408.867506,3701015.000,16930,1,TL,1,100,2024-05-14_13-10-03-625156
1715672408.894761,3701041.000,16933,1,TL,1,100,2024-05-14_13-10-08-874438
1715672414.238902,3706139.000,17789,1,TL,1,100,2024-05-14_13-10-08-948226
1715672414.266158,3706165.000,17792,1,TL,1,100,2024-05-14_13-10-14-239081
1715672419.656423,3711307.000,18650,1,TL,1,100,2024-05-14_13-10-14-376724
1715672419.732947,3711380.000,18653,1,TL,1,100,2024-05-14_13-10-19-702621
1715672425.074991,3716476.000,19506,1,TL,1,100,2024-05-14_13-10-19-802306
1715672425.103295,3716503.000,19509,1,TL,1,100,2024-05-14_13-10-25-072262
1715672430.431712,3721586.000,20374,1,TL,1,100,2024-05-14_13-10-25-144098
1715672430.464208,3721617.000,20377,1,TL,1,100,2024-05-14_13-10-30-429422
1715672435.850280,3726755.000,21225,1,TL,1,100,2024-05-14_13-10-30-554326
1715672435.910032,3726812.000,21228,1,TL,1,100,2024-05-14_13-10-35-881407
1715672441.213290,3731871.000,22081,1,TL,1,100,2024-05-14_13-10-35-981179
1715672441.246835,3731903.000,22084,1,TL,1,100,2024-05-14_13-10-41-217162
1715672446.564769,3736976.000,22937,1,TL,1,100,2024-05-14_13-10-41-291107
1715672446.597265,3737007.000,22940,1,TL,1,100,2024-05-14_13-10-46-564882
1715672451.960275,3742123.000,23796,1,TL,1,100,2024-05-14_13-10-46-734566
1715672451.998013,3742159.000,23799,1,TL,1,100,2024-05-14_13-10-51-964434
1715672457.337961,3747253.000,24656,1,TL,1,100,2024-05-14_13-10-52-038359
1715672457.365216,3747279.000,24659,1,TL,1,100,2024-05-14_13-10-57-334190
1715672462.727178,3752394.000,25525,1,TL,1,100,2024-05-14_13-10-57-415980
1715672462.755482,3752421.000,25528,1,TL,1,100,2024-05-14_13-11-02-722550
1715672468.101719,3757521.000,26368,1,TL,1,100,2024-05-14_13-11-02-808322
1715672468.174050,3757590.000,26371,1,TL,1,100,2024-05-14_13-11-08-137537
1715672478.804677,3767731.000,28047,1,TL,1,100,2024-05-14_13-11-13-608529
1715672478.831932,3767757.000,28050,1,TL,1,100,2024-05-14_13-11-18-800770
1715672484.171879,3772851.000,28910,1,TL,1,100,2024-05-14_13-11-18-888519
1715672484.207521,3772885.000,28913,1,TL,1,100,2024-05-14_13-11-24-177890
1715672489.550613,3777982.000,29775,1,TL,1,100,2024-05-14_13-11-24-313539
1715672489.578917,3778009.000,29778,1,TL,1,100,2024-05-14_13-11-29-553486
1715672494.909430,3783094.000,30615,1,TL,1,100,2024-05-14_13-11-29-629343
1715672494.982810,3783164.000,30618,1,TL,1,100,2024-05-14_13-11-34-964929
1715672500.368882,3788302.000,31449,1,TL,1,100,2024-05-14_13-11-35-078638
1715672500.397186,3788329.000,31452,1,TL,1,100,2024-05-14_13-11-40-378578
1715672505.722457,3793409.000,32297,1,TL,1,100,2024-05-14_13-11-40-456376
1715672505.760195,3793445.000,32300,1,TL,1,100,2024-05-14_13-11-45-737233
1715672511.084419,3798524.000,33029,1,TL,1,100,2024-05-14_13-11-45-821043
1715672511.113770,3798552.000,33032,1,TL,1,100,2024-05-14_13-11-51-096913
1715672516.450573,3803643.000,33869,1,TL,1,100,2024-05-14_13-11-51-272496
1715672516.497746,3803688.000,33872,1,TL,1,100,2024-05-14_13-11-56-482969
1715672521.818825,3808764.000,34711,1,TL,1,100,2024-05-14_13-11-56-672346
1715672521.848176,3808792.000,34714,1,TL,1,100,2024-05-14_13-12-01-830095
1715672527.243683,3813939.000,35540,1,TL,1,100,2024-05-14_13-12-07-217756
1715672532.559520,3819010.000,36349,1,TL,1,100,2024-05-14_13-12-07-423115
1715672532.592017,3819041.000,36352,1,TL,1,100,2024-05-14_13-12-12-572451
1715672537.935109,3824138.000,37165,1,TL,1,100,2024-05-14_13-12-12-755827
1715672538.029455,3824228.000,37168,1,TL,1,100,2024-05-14_13-12-18-013925
1715672543.289733,3829246.000,37884,1,TL,1,100,2024-05-14_13-12-18-111657
1715672543.326423,3829281.000,37887,1,TL,1,100,2024-05-14_13-12-23-312544
1715672548.659033,3834368.000,38733,1,TL,1,100,2024-05-14_13-12-23-525855
1715672548.685240,3834393.000,38736,1,TL,1,100,2024-05-14_13-12-28-678198
1715672554.013656,3839476.000,39575,1,TL,1,100,2024-05-14_13-12-28-843647
1715672554.039863,3839501.000,39578,1,TL,1,100,2024-05-14_13-12-34-030437
1715672559.368280,3844584.000,40410,1,TL,1,100,2024-05-14_13-12-34-278295
1715672559.401825,3844616.000,40413,1,TL,1,100,2024-05-14_13-12-39-390653
1715672564.721855,3849691.000,41244,1,TL,1,100,2024-05-14_13-12-39-550129
1715672564.751207,3849719.000,41247,1,TL,1,100,2024-05-14_13-12-44-738487
1715672575.512868,3859985.000,42952,1,TL,1,100,2024-05-14_13-12-50-353483
1715672575.542220,3860013.000,42955,1,TL,1,100,2024-05-14_13-12-55-527571
1715672586.233646,3870212.000,44640,1,TL,1,100,2024-05-14_13-13-01-106501
1715672586.260901,3870238.000,44643,1,TL,1,100,2024-05-14_13-13-06-248745
1715672591.575691,3875308.000,45476,1,TL,1,100,2024-05-14_13-13-06-527950
1715672591.609236,3875340.000,45479,1,TL,1,100,2024-05-14_13-13-11-600338
1715672596.999501,3880482.000,46316,1,TL,1,100,2024-05-14_13-13-11-753947
1715672597.027804,3880509.000,46319,1,TL,1,100,2024-05-14_13-13-17-015448
1715672602.371945,3885607.000,47159,1,TL,1,100,2024-05-14_13-13-22-357171
1715672607.709796,3890699.000,47998,1,TL,1,100,2024-05-14_13-13-22-606451
1715672607.781079,3890767.000,48001,1,TL,1,100,2024-05-14_13-13-27-768610
