LocalTimestamp,EmotiBitTimestamp,PacketNumber,DataLength,TypeTag,ProtocolVersion,DataReliability,BI
1715670597.653505,1973222,60558,1,BI,1,100,1340
1715670598.726946,1974246,60726,1,BI,1,100,1070
1715670599.720717,1975194,60877,1,BI,1,100,980
1715670600.636915,1976068,61027,1,BI,1,100,920
1715670601.633831,1977019,61177,1,BI,1,100,990
1715670604.831091,1980069,61665,1,BI,1,100,3180
1715670606.818633,1981965,61978,1,BI,1,100,1980
1715670608.596519,1983661,62245,1,BI,1,100,1770
1715670609.396358,1984424,62351,1,BI,1,100,790
1715670610.296832,1985283,62483,1,BI,1,100,900
1715670611.298990,1986239,62634,1,BI,1,100,990
1715670612.256071,1987152,62784,1,BI,1,100,960
1715670613.320077,1988167,62935,1,BI,1,100,1060
1715670614.375697,1989174,63103,1,BI,1,100,1050
1715670615.379951,1990132,63254,1,BI,1,100,990
1715670616.467019,1991169,63437,1,BI,1,100,1090
1715670617.382169,1992042,63569,1,BI,1,100,900
1715670618.497541,1993106,63753,1,BI,1,100,1110
1715670619.452526,1994017,63904,1,BI,1,100,950
1715670620.523870,1995039,64071,1,BI,1,100,1070
1715670621.637145,1996101,64236,1,BI,1,100,1100
1715670622.661316,1997078,64387,1,BI,1,100,1020
1715670623.649846,1998021,64555,1,BI,1,100,990
1715670624.692886,1999016,64627,1,BI,1,100,1030
1715670625.702382,1999979,64778,1,BI,1,100,1010
1715670626.578745,2000815,64927,1,BI,1,100,870
1715670627.738145,2001921,65093,1,BI,1,100,1150
1715670628.698371,2002837,65262,1,BI,1,100,960
1715670629.412251,2003518,65363,1,BI,1,100,700
1715670630.379815,2004441,65512,1,BI,1,100,970
1715670631.380924,2005396,143,1,BI,1,100,990
1715670632.572821,2006533,325,1,BI,1,100,1190
1715670633.858015,2007759,525,1,BI,1,100,1270
1715670635.774274,2009587,823,1,BI,1,100,1910
1715670636.859245,2010622,989,1,BI,1,100,1080
1715670637.853017,2011570,1154,1,BI,1,100,990
1715670638.727283,2012404,1291,1,BI,1,100,860
1715670639.705331,2013337,1440,1,BI,1,100,980
1715670640.606853,2014197,1589,1,BI,1,100,900
1715670640.887792,2014465,1625,1,BI,1,100,270
1715670642.524160,2016026,1889,1,BI,1,100,1630
1715670643.174095,2016646,1989,1,BI,1,100,640
1715670643.767423,2017212,2078,1,BI,1,100,600
1715670646.064208,2019403,2440,1,BI,1,100,2280
1715670647.017096,2020312,2589,1,BI,1,100,950
1715670649.991072,2023149,3054,1,BI,1,100,2950
1715670650.883160,2024000,3186,1,BI,1,100,890
1715670651.243768,2024344,3238,1,BI,1,100,360
1715670652.522672,2025564,3437,1,BI,1,100,1270
1715670653.905356,2026883,3653,1,BI,1,100,1380
1715670654.745030,2027684,3788,1,BI,1,100,830
1715670655.713642,2028608,3937,1,BI,1,100,960
1715670656.938035,2029776,4136,1,BI,1,100,1220
1715670658.575452,2031338,4384,1,BI,1,100,1630
1715670659.577609,2032294,4551,1,BI,1,100,1000
1715670660.572428,2033243,4703,1,BI,1,100,990
1715670661.603938,2034227,4869,1,BI,1,100,1030
1715670662.617626,2035194,5035,1,BI,1,100,1010
1715670663.699453,2036226,5203,1,BI,1,100,1070
1715670664.734107,2037213,5368,1,BI,1,100,1030
1715670665.786582,2038217,5535,1,BI,1,100,1050
1715670666.800271,2039184,5685,1,BI,1,100,1000
1715670667.810815,2040148,5851,1,BI,1,100,1010
1715670668.765799,2041059,5986,1,BI,1,100,950
1715670669.785778,2042032,6152,1,BI,1,100,1020
1715670670.529009,2042741,6270,1,BI,1,100,740
1715670671.257565,2043436,6385,1,BI,1,100,720
1715670672.236660,2044370,6535,1,BI,1,100,980
1715670673.322680,2045406,6701,1,BI,1,100,1070
1715670674.469501,2046500,6886,1,BI,1,100,1150
1715670675.521976,2047504,7052,1,BI,1,100,1050
1715670676.479057,2048417,7202,1,BI,1,100,950
1715670677.613298,2049499,7369,1,BI,1,100,1120
1715670678.712945,2050548,7553,1,BI,1,100,1100
1715670679.768565,2051555,7719,1,BI,1,100,1050
1715670680.913289,2052647,7885,1,BI,1,100,1140
1715670681.989875,2053674,8068,1,BI,1,100,1080
1715670683.072750,2054707,8234,1,BI,1,100,1070
1715670684.201749,2055784,8402,1,BI,1,100,1120
1715670685.264707,2056798,8568,1,BI,1,100,1060
1715670686.311940,2057797,8735,1,BI,1,100,1050
1715670687.450375,2058883,8917,1,BI,1,100,1130
1715670688.491318,2059876,9067,1,BI,1,100,1030
1715670689.652815,2060984,9252,1,BI,1,100,1160
1715670690.743028,2062024,9435,1,BI,1,100,1090
1715670691.781875,2063015,9584,1,BI,1,100,1030
1715670692.892005,2064074,9768,1,BI,1,100,1110
1715670693.976977,2065109,9936,1,BI,1,100,1080
1715670694.994859,2066080,10102,1,BI,1,100,1010
1715670696.158452,2067190,10268,1,BI,1,100,1150
1715670697.286403,2068266,10451,1,BI,1,100,1130
1715670698.262353,2069197,10600,1,BI,1,100,970
1715670699.371435,2070255,10785,1,BI,1,100,1110
1715670700.414476,2071250,10935,1,BI,1,100,1030
1715670701.334867,2072128,11084,1,BI,1,100,910
1715670702.398873,2073143,11250,1,BI,1,100,1060
1715670703.470217,2074165,11416,1,BI,1,100,1070
1715670704.324567,2074980,11553,1,BI,1,100,850
1715670705.238669,2075852,11703,1,BI,1,100,910
1715670706.344606,2076907,11869,1,BI,1,100,1100
1715670707.517633,2078026,12051,1,BI,1,100,1160
1715670708.517694,2078980,12220,1,BI,1,100,1000
1715670709.507272,2079924,12369,1,BI,1,100,990
1715670710.612161,2080978,12536,1,BI,1,100,1090
1715670711.706568,2082022,12701,1,BI,1,100,1090
1715670712.709774,2082979,12867,1,BI,1,100,1000
1715670713.760152,2083981,13018,1,BI,1,100,1050
1715670714.889151,2085058,13202,1,BI,1,100,1120
1715670715.890260,2086013,13368,1,BI,1,100,1000
1715670717.050709,2087120,13534,1,BI,1,100,1150
1715670718.113666,2088134,13700,1,BI,1,100,1060
1715670719.182914,2089154,13885,1,BI,1,100,1070
1715670720.322396,2090241,14051,1,BI,1,100,1120
1715670721.488086,2091353,14234,1,BI,1,100,1170
1715670722.695706,2092505,14415,1,BI,1,100,1200
1715670723.844623,2093601,14600,1,BI,1,100,1140
1715670724.909677,2094617,14767,1,BI,1,100,1060
1715670726.056498,2095711,14949,1,BI,1,100,1140
1715670727.153000,2096757,15115,1,BI,1,100,1090
1715670728.263131,2097816,15299,1,BI,1,100,1100
1715670729.413096,2098913,15481,1,BI,1,100,1150
1715670730.465571,2099917,15647,1,BI,1,100,1040
1715670731.572556,2100973,15814,1,BI,1,100,1100
1715670732.701556,2102050,15997,1,BI,1,100,1130
1715670733.710003,2103012,16148,1,BI,1,100,1000
1715670734.859968,2104109,16332,1,BI,1,100,1140
1715670735.970099,2105168,16498,1,BI,1,100,1100
1715670737.045636,2106194,16664,1,BI,1,100,1080
1715670738.158911,2107256,16846,1,BI,1,100,1110
1715670739.303635,2108348,17032,1,BI,1,100,1130
1715670740.333048,2109330,17181,1,BI,1,100,1030
1715670741.416971,2110364,17364,1,BI,1,100,1080
1715670742.567985,2111462,17545,1,BI,1,100,1140
1715670743.611025,2112457,17713,1,BI,1,100,1040
1715670744.697045,2113493,17865,1,BI,1,100,1080
1715670745.892086,2114633,18049,1,BI,1,100,1180
1715670746.944561,2115637,18215,1,BI,1,100,1050
1715670748.084044,2116724,18397,1,BI,1,100,1140
1715670749.257071,2117843,18581,1,BI,1,100,1160
1715670750.265518,2118805,18732,1,BI,1,100,1010
1715670751.427014,2119913,18913,1,BI,1,100,1150
1715670752.514083,2120950,19079,1,BI,1,100,1080
1715670753.605344,2121991,19252,1,BI,1,100,1090
1715670754.727005,2123061,19425,1,BI,1,100,1120
1715670755.841329,2124124,19599,1,BI,1,100,1100
1715670756.915818,2125149,19771,1,BI,1,100,1070
1715670758.047962,2126229,19962,1,BI,1,100,1130
1715670759.092051,2127225,20116,1,BI,1,100,1030
1715670760.157105,2128241,20291,1,BI,1,100,1070
1715670761.271429,2129304,20478,1,BI,1,100,1110
1715670762.379463,2130361,20650,1,BI,1,100,1090
1715670763.468628,2131400,20829,1,BI,1,100,1090
1715670764.641655,2132519,21018,1,BI,1,100,1160
1715670765.731868,2133559,21187,1,BI,1,100,1090
1715670766.896509,2134670,21377,1,BI,1,100,1160
1715670768.013978,2135736,21565,1,BI,1,100,1110
1715670769.062259,2136736,21724,1,BI,1,100,1040
1715670770.189162,2137811,21897,1,BI,1,100,1120
1715670771.307679,2138878,22085,1,BI,1,100,1110
1715670772.373782,2139895,22257,1,BI,1,100,1060
1715670773.504878,2140974,22429,1,BI,1,100,1130
1715670774.589850,2142009,22608,1,BI,1,100,1080
1715670775.691594,2143060,22777,1,BI,1,100,1090
1715670776.840511,2144156,22952,1,BI,1,100,1140
1715670777.880406,2145148,23105,1,BI,1,100,1040
1715670778.973764,2146191,23295,1,BI,1,100,1080
1715670780.112198,2147277,23473,1,BI,1,100,1140
1715670781.156287,2148273,23642,1,BI,1,100,1040
1715670782.247548,2149314,23814,1,BI,1,100,1080
1715670783.372355,2150387,23986,1,BI,1,100,1120
1715670784.419588,2151386,24160,1,BI,1,100,1040
1715670785.499319,2152416,24321,1,BI,1,100,1070
1715670786.627270,2153492,24509,1,BI,1,100,1130
1715670787.638862,2154457,24659,1,BI,1,100,1000
1715670788.674564,2155445,24830,1,BI,1,100,1040
1715670789.750101,2156471,25007,1,BI,1,100,1070
1715670790.729197,2157405,25150,1,BI,1,100,970
1715670791.764899,2158393,25323,1,BI,1,100,1030
1715670792.862450,2159440,25495,1,BI,1,100,1090
1715670793.858318,2160390,25646,1,BI,1,100,990
1715670795.031345,2161509,25835,1,BI,1,100,1170
1715670795.779819,2162223,25961,1,BI,1,100,740
1715670796.576513,2162983,26096,1,BI,1,100,800
1715670797.535691,2163898,26236,1,BI,1,100,950
1715670798.684607,2164994,26426,1,BI,1,100,1150
1715670800.037939,2166285,26648,1,BI,1,100,1340
1715670800.735047,2166950,26752,1,BI,1,100,690
1715670801.347243,2167534,26845,1,BI,1,100,610
1715670802.131358,2168282,26965,1,BI,1,100,780
1715670803.123033,2169228,27137,1,BI,1,100,990
1715670804.187039,2170243,27305,1,BI,1,100,1060
1715670805.365308,2171367,27493,1,BI,1,100,1170
1715670806.461810,2172413,27655,1,BI,1,100,1090
1715670807.543637,2173445,27807,1,BI,1,100,1070
1715670808.649575,2174500,27997,1,BI,1,100,1110
1715670809.772284,2175571,28171,1,BI,1,100,1120
1715670810.836290,2176586,28340,1,BI,1,100,1050
1715670811.952710,2177651,28514,1,BI,1,100,1120
1715670812.970592,2178622,28670,1,BI,1,100,1010
1715670814.063950,2179665,28861,1,BI,1,100,1090
1715670815.170936,2180721,29030,1,BI,1,100,1100
1715670816.204541,2181707,29204,1,BI,1,100,1030
1715670817.342976,2182793,29380,1,BI,1,100,1130
1715670818.428996,2183829,29553,1,BI,1,100,1080
1715670819.630327,2184975,29753,1,BI,1,100,1200
1715670820.706912,2186002,29926,1,BI,1,100,1070
1715670821.764628,2187011,30081,1,BI,1,100,1050
1715670822.817103,2188015,30257,1,BI,1,100,1050
1715670823.996420,2189140,30448,1,BI,1,100,1170
1715670825.009061,2190106,30621,1,BI,1,100,1010
1715670826.065729,2191114,30772,1,BI,1,100,1050
1715670827.119252,2192119,30945,1,BI,1,100,1050
1715670828.099396,2193054,31122,1,BI,1,100,980
1715670829.228395,2194131,31293,1,BI,1,100,1120
1715670830.331187,2195183,31462,1,BI,1,100,1090
1715670831.303993,2196111,31620,1,BI,1,100,970
1715670832.329213,2197089,31793,1,BI,1,100,1020
1715670833.382736,2198094,31955,1,BI,1,100,1050
1715670834.435211,2199098,32128,1,BI,1,100,1050
1715670835.485589,2200100,32282,1,BI,1,100,1040
1715670836.562175,2201127,32454,1,BI,1,100,1070
1715670837.595780,2202113,32623,1,BI,1,100,1030
1715670838.669221,2203137,32786,1,BI,1,100,1070
1715670839.757338,2204175,32943,1,BI,1,100,1080
1715670840.768929,2205140,33098,1,BI,1,100,1010
1715670841.832936,2206155,33270,1,BI,1,100,1060
1715670843.039508,2207306,33459,1,BI,1,100,1200
1715670843.915872,2208142,33618,1,BI,1,100,880
1715670845.023906,2209199,33757,1,BI,1,100,1100
1715670846.091056,2210217,33929,1,BI,1,100,1060
1715670847.078538,2211159,34081,1,BI,1,100,980
1715670848.165606,2212196,34270,1,BI,1,100,1080
1715670849.301944,2213280,34441,1,BI,1,100,1130
1715670850.347081,2214277,34603,1,BI,1,100,1040
1715670851.351335,2215235,34758,1,BI,1,100,1000
1715670852.480334,2216312,34927,1,BI,1,100,1120
1715670853.481443,2217267,35101,1,BI,1,100,1000
1715670854.594719,2218329,35275,1,BI,1,100,1100
1715670855.570669,2219260,35415,1,BI,1,100,980
1715670856.526702,2220172,35570,1,BI,1,100,950
1715670857.550873,2221149,35724,1,BI,1,100,1020
1715670858.625362,2222174,35898,1,BI,1,100,1070
1715670859.619133,2223122,36070,1,BI,1,100,990
1715670860.770147,2224220,36232,1,BI,1,100,1140
1715670861.824718,2225226,36404,1,BI,1,100,1050
1715670862.794379,2226151,36559,1,BI,1,100,970
1715670863.887737,2227194,36730,1,BI,1,100,1090
1715670864.877315,2228138,36888,1,BI,1,100,980
1715670865.913018,2229126,37046,1,BI,1,100,1030
1715670866.799864,2229972,37182,1,BI,1,100,880
1715670867.851290,2230975,37351,1,BI,1,100,1040
1715670868.481308,2231576,37457,1,BI,1,100,630
1715670869.033752,2232103,37561,1,BI,1,100,560
1715670869.939468,2232967,37681,1,BI,1,100,890
1715670870.818976,2233806,37804,1,BI,1,100,880
1715670872.060142,2234990,38000,1,BI,1,100,1230
1715670872.687015,2235588,38104,1,BI,1,100,630
1715670873.475322,2236340,38227,1,BI,1,100,780
1715670874.516266,2237333,38382,1,BI,1,100,1030
1715670875.361181,2238139,38518,1,BI,1,100,850
1715670876.236497,2238974,38673,1,BI,1,100,870
1715670876.998598,2239701,38769,1,BI,1,100,750
1715670877.468228,2240149,38852,1,BI,1,100,470
1715670879.346749,2241941,39145,1,BI,1,100,1870
1715670881.442264,2243940,39484,1,BI,1,100,2090
1715670882.235814,2244697,39597,1,BI,1,100,780
1715670884.279963,2246647,39923,1,BI,1,100,2030
1715670885.158423,2247485,40059,1,BI,1,100,880
1715670886.196223,2248475,40231,1,BI,1,100,1030
1715670887.161690,2249396,40389,1,BI,1,100,960
1715670888.037005,2250231,40513,1,BI,1,100,870
1715670889.120929,2251265,40684,1,BI,1,100,1080
1715670890.103169,2252202,40840,1,BI,1,100,970
1715670891.044526,2253100,40992,1,BI,1,100,940
1715670892.084422,2254092,41150,1,BI,1,100,1030
1715670893.142138,2255101,41309,1,BI,1,100,1050
1715670894.173647,2256085,41483,1,BI,1,100,1030
1715670895.171612,2257037,41639,1,BI,1,100,990
1715670896.172721,2257992,41808,1,BI,1,100,1000
1715670897.103595,2258880,41949,1,BI,1,100,930
1715670898.086883,2259818,42106,1,BI,1,100,980
1715670899.056544,2260743,42247,1,BI,1,100,960
1715670899.982177,2261626,42400,1,BI,1,100,920
1715670901.049328,2262644,42572,1,BI,1,100,1060
1715670901.989636,2263541,42710,1,BI,1,100,930
1715670903.147988,2264646,42897,1,BI,1,100,1160
1715670904.179497,2265630,43045,1,BI,1,100,1020
1715670905.082068,2266491,43198,1,BI,1,100,900
1715670905.943756,2267313,43334,1,BI,1,100,860
1715670906.855761,2268183,43474,1,BI,1,100,910
1715670907.793973,2269078,43626,1,BI,1,100,930
1715670908.744765,2269985,43773,1,BI,1,100,940
1715670909.761598,2270955,43942,1,BI,1,100,1010
1715670910.780528,2271927,44098,1,BI,1,100,1020
1715670911.831954,2272930,44268,1,BI,1,100,1050
1715670912.854029,2273905,44424,1,BI,1,100,1020
1715670913.997705,2274996,44616,1,BI,1,100,1140
1715670915.097353,2276045,44774,1,BI,1,100,1090
1715670916.207483,2277104,44963,1,BI,1,100,1100
1715670917.233751,2278083,45115,1,BI,1,100,1020
1715670918.292516,2279093,45290,1,BI,1,100,1060
1715670919.272659,2280028,45442,1,BI,1,100,970
1715670920.358679,2281064,45589,1,BI,1,100,1080
1715670921.380754,2282039,45758,1,BI,1,100,1020
1715670922.393394,2283005,45915,1,BI,1,100,1000
1715670923.416517,2283981,46089,1,BI,1,100,1030
1715670924.460606,2284977,46242,1,BI,1,100,1030
1715670925.444942,2285916,46400,1,BI,1,100,980
1715670926.514190,2286936,46552,1,BI,1,100,1060
1715670927.559327,2287933,46725,1,BI,1,100,1040
1715670928.499636,2288830,46885,1,BI,1,100,930
1715670929.511228,2289795,47036,1,BI,1,100,1010
1715670930.339370,2290585,47163,1,BI,1,100,820
1715670931.299596,2291501,47319,1,BI,1,100,960
1715670932.377230,2292529,47475,1,BI,1,100,1070
1715670933.412932,2293517,47629,1,BI,1,100,1030
1715670934.459118,2294515,47799,1,BI,1,100,1040
1715670935.578683,2295583,47974,1,BI,1,100,1110
1715670936.704537,2296657,48146,1,BI,1,100,1130
1715670937.686778,2297594,48301,1,BI,1,100,980
1715670938.644907,2298508,48459,1,BI,1,100,950
1715670939.743506,2299556,48628,1,BI,1,100,1090
1715670940.808561,2300572,48800,1,BI,1,100,1060
1715670941.991023,2301700,48977,1,BI,1,100,1180
1715670942.983746,2302647,49146,1,BI,1,100,990
1715670943.986951,2303604,49303,1,BI,1,100,990
1715670945.111758,2304677,49489,1,BI,1,100,1130
1715670946.167377,2305684,49644,1,BI,1,100,1040
1715670947.169535,2306640,49791,1,BI,1,100,1000
1715670948.209430,2307632,49963,1,BI,1,100,1030
1715670949.252471,2308627,50135,1,BI,1,100,1040
1715670950.224228,2309554,50290,1,BI,1,100,970
1715670951.319683,2310599,50459,1,BI,1,100,1090
1715670952.284102,2311519,50601,1,BI,1,100,960
1715670953.361736,2312547,50772,1,BI,1,100,1070
1715670954.447756,2313583,50944,1,BI,1,100,1080
1715670955.427899,2314518,51116,1,BI,1,100,980
1715670956.555851,2315594,51289,1,BI,1,100,1120
1715670957.616712,2316606,51452,1,BI,1,100,1050
1715670958.689104,2317629,51627,1,BI,1,100,1070
1715670959.785607,2318675,51796,1,BI,1,100,1090
1715670960.828647,2319670,51966,1,BI,1,100,1040
1715670961.957647,2320747,52154,1,BI,1,100,1120
1715670963.042618,2321782,52299,1,BI,1,100,1080
1715670964.070983,2322763,52440,1,BI,1,100,1020
1715670965.199982,2323840,52628,1,BI,1,100,1120
1715670966.237781,2324830,52782,1,BI,1,100,1030
1715670967.366781,2325907,52951,1,BI,1,100,1120
1715670968.446511,2326937,53101,1,BI,1,100,1080
1715670969.519952,2327961,53271,1,BI,1,100,1060
1715670970.629034,2329019,53441,1,BI,1,100,1110
1715670971.715054,2330055,53613,1,BI,1,100,1080
1715670972.776963,2331068,53785,1,BI,1,100,1050
1715670973.833632,2332076,53945,1,BI,1,100,1060
1715670974.884010,2333078,54100,1,BI,1,100,1040
1715670975.818029,2333969,54253,1,BI,1,100,930
1715670976.874697,2334977,54394,1,BI,1,100,1050
1715670978.026759,2336076,54583,1,BI,1,100,1150
1715670979.134793,2337133,54632,1,BI,1,100,1090
1715670980.235489,2338183,54790,1,BI,1,100,1110
1715670981.327798,2339225,54962,1,BI,1,100,1080
1715670982.344632,2340195,55134,1,BI,1,100,1010
1715670983.439038,2341239,55303,1,BI,1,100,1090
1715670984.499899,2342251,55468,1,BI,1,100,1060
1715670985.627850,2343327,55636,1,BI,1,100,1110
1715670986.693953,2344344,55824,1,BI,1,100,1070
1715670987.781021,2345381,55997,1,BI,1,100,1080
1715670988.883814,2346433,56171,1,BI,1,100,1090
1715670989.913226,2347415,56314,1,BI,1,100,1030
1715670991.076819,2348525,56503,1,BI,1,100,1150
1715670992.142922,2349542,56676,1,BI,1,100,1060
1715670993.271921,2350619,56850,1,BI,1,100,1120
1715670994.401969,2351697,57032,1,BI,1,100,1130
1715670995.475410,2352721,57194,1,BI,1,100,1060
1715670996.605458,2353799,57367,1,BI,1,100,1130
1715670997.696719,2354840,57519,1,BI,1,100,1080
1715670998.846684,2355937,57710,1,BI,1,100,1150
1715670999.942139,2356982,57882,1,BI,1,100,1090
1715671000.954779,2357948,58011,1,BI,1,100,1000
1715671002.040799,2358984,58180,1,BI,1,100,1080
1715671003.012556,2359911,58333,1,BI,1,100,960
1715671003.916175,2360773,58473,1,BI,1,100,900
1715671004.924622,2361735,58628,1,BI,1,100,1010
1715671006.062008,2362820,58799,1,BI,1,100,1130
1715671007.066262,2363778,58940,1,BI,1,100,1000
1715671008.248724,2364906,59127,1,BI,1,100,1170
1715671009.302247,2365911,59282,1,BI,1,100,1050
1715671010.450116,2367006,59472,1,BI,1,100,1140
1715671011.579115,2368083,59568,1,BI,1,100,1120
1715671012.688197,2369141,59694,1,BI,1,100,1110
1715671013.795183,2370197,59866,1,BI,1,100,1100
1715671014.943052,2371292,60054,1,BI,1,100,1140
1715671015.974561,2372276,60212,1,BI,1,100,1030
1715671017.040663,2373293,60372,1,BI,1,100,1060
1715671018.138215,2374340,60544,1,BI,1,100,1090
1715671019.210607,2375363,60716,1,BI,1,100,1070
1715671020.289289,2376392,60885,1,BI,1,100,1070
1715671021.372164,2377425,61057,1,BI,1,100,1070
1715671022.356501,2378364,61215,1,BI,1,100,980
1715671023.408976,2379368,61387,1,BI,1,100,1050
1715671024.492899,2380402,61559,1,BI,1,100,1080
1715671025.485622,2381349,61712,1,BI,1,100,980
1715671026.496166,2382313,61884,1,BI,1,100,1010
1715671027.320115,2383099,62007,1,BI,1,100,820
1715671028.109471,2383852,62134,1,BI,1,100,790
1715671029.159850,2384854,62303,1,BI,1,100,1040
1715671030.285704,2385928,62477,1,BI,1,100,1120
1715671031.328745,2386923,62632,1,BI,1,100,1030
1715671032.469275,2388011,62822,1,BI,1,100,1140
1715671033.496592,2388991,62983,1,BI,1,100,1030
1715671034.478832,2389928,63138,1,BI,1,100,970
1715671035.614121,2391011,63307,1,BI,1,100,1130
1715671036.648775,2391998,63479,1,BI,1,100,1030
1715671037.659319,2392962,63633,1,BI,1,100,1000
1715671038.792511,2394043,63812,1,BI,1,100,1130
1715671040.013760,2395208,64001,1,BI,1,100,1220
1715671041.083007,2396228,64171,1,BI,1,100,1070
1715671042.209910,2397303,64359,1,BI,1,100,1120
1715671043.298027,2398341,64539,1,BI,1,100,1090
1715671044.367274,2399361,64695,1,BI,1,100,1050
1715671045.455391,2400399,64864,1,BI,1,100,1080
1715671046.551893,2401445,65036,1,BI,1,100,1090
1715671047.605417,2402450,65208,1,BI,1,100,1050
1715671048.682002,2403477,65384,1,BI,1,100,1070
1715671049.713511,2404461,65525,1,BI,1,100,1020
1715671050.669544,2405373,142,1,BI,1,100,960
1715671051.704199,2406360,314,1,BI,1,100,1030
1715671052.727322,2407336,484,1,BI,1,100,1020
1715671053.808100,2408367,658,1,BI,1,100,1070
1715671054.880492,2409390,820,1,BI,1,100,1070
1715671055.913050,2410375,975,1,BI,1,100,1020
1715671056.987539,2411400,1162,1,BI,1,100,1080
1715671058.102911,2412464,1336,1,BI,1,100,1110
1715671059.124986,2413439,1505,1,BI,1,100,1010
1715671060.236164,2414499,1682,1,BI,1,100,1110
1715671061.302267,2415516,1854,1,BI,1,100,1060
1715671062.301280,2416469,2010,1,BI,1,100,990
1715671063.450197,2417565,2181,1,BI,1,100,1140
1715671064.399940,2418471,2337,1,BI,1,100,950
1715671065.433546,2419457,2511,1,BI,1,100,1030
1715671066.367565,2420348,2668,1,BI,1,100,930
1715671067.429474,2421361,2836,1,BI,1,100,1060
1715671068.545894,2422426,3011,1,BI,1,100,1100
1715671069.577404,2423410,3183,1,BI,1,100,1030
1715671070.736804,2424516,3361,1,BI,1,100,1160
1715671071.829113,2425558,3527,1,BI,1,100,1080
1715671072.938195,2426616,3718,1,BI,1,100,1110
1715671074.056712,2427683,3891,1,BI,1,100,1110
1715671075.117573,2428695,4060,1,BI,1,100,1060
1715671076.173193,2429702,4237,1,BI,1,100,1050
1715671077.216233,2430697,4406,1,BI,1,100,1040
1715671078.291770,2431723,4581,1,BI,1,100,1070
1715671079.452219,2432830,4753,1,BI,1,100,1150
1715671080.528804,2433857,4926,1,BI,1,100,1070
1715671081.639983,2434917,5119,1,BI,1,100,1110
1715671082.735437,2435962,5293,1,BI,1,100,1090
1715671083.738643,2436919,5448,1,BI,1,100,1000
1715671084.856111,2437985,5617,1,BI,1,100,1110
1715671085.919069,2438999,5789,1,BI,1,100,1060
1715671086.906551,2439941,5947,1,BI,1,100,980
1715671087.970557,2440956,6122,1,BI,1,100,1060
1715671088.983197,2441922,6275,1,BI,1,100,1000
1715671089.953906,2442848,6426,1,BI,1,100,960
1715671091.052505,2443896,6616,1,BI,1,100,1100
1715671092.027407,2444826,6764,1,BI,1,100,970
1715671093.051579,2445803,6935,1,BI,1,100,1020
1715671094.181627,2446881,7107,1,BI,1,100,1120
1715671095.201605,2447854,7262,1,BI,1,100,1020
1715671096.279238,2448882,7431,1,BI,1,100,1070
1715671097.371548,2449924,7609,1,BI,1,100,1090
1715671098.389430,2450895,7783,1,BI,1,100,1010
1715671099.444001,2451901,7952,1,BI,1,100,1050
1715671100.531070,2452938,8124,1,BI,1,100,1080
1715671101.529034,2453890,8277,1,BI,1,100,990
1715671102.557398,2454871,8454,1,BI,1,100,1030
1715671103.641322,2455905,8629,1,BI,1,100,1070
1715671104.587920,2456808,8782,1,BI,1,100,950
1715671105.698051,2457867,8955,1,BI,1,100,1100
1715671106.785119,2458904,9127,1,BI,1,100,1080
1715671107.740104,2459815,9301,1,BI,1,100,960
1715671108.772661,2460800,9459,1,BI,1,100,1020
1715671109.783205,2461764,9611,1,BI,1,100,1000
1715671110.763348,2462699,9783,1,BI,1,100,980
1715671111.826306,2463713,9952,1,BI,1,100,1060
1715671112.935388,2464771,10127,1,BI,1,100,1100
1715671114.016167,2465802,10304,1,BI,1,100,1080
1715671115.145166,2466879,10475,1,BI,1,100,1120
1715671116.221752,2467906,10647,1,BI,1,100,1070
1715671117.244875,2468882,10817,1,BI,1,100,1020
1715671118.366536,2469952,10991,1,BI,1,100,1110
1715671119.445219,2470981,11182,1,BI,1,100,1080
1715671120.394962,2471887,11321,1,BI,1,100,940
1715671121.347850,2472796,11474,1,BI,1,100,950
1715671122.149786,2473561,11613,1,BI,1,100,800
1715671122.950673,2474325,11737,1,BI,1,100,790
1715671123.663505,2475005,11839,1,BI,1,100,710
1715671124.480116,2475784,11967,1,BI,1,100,810
1715671125.396314,2476658,12122,1,BI,1,100,910
1715671126.248568,2477471,12243,1,BI,1,100,850
1715671127.302091,2478476,12416,1,BI,1,100,1050
1715671128.377628,2479502,12587,1,BI,1,100,1070
1715671129.307454,2480389,12744,1,BI,1,100,930
1715671130.395571,2481427,12899,1,BI,1,100,1080
1715671131.419742,2482404,13068,1,BI,1,100,1020
1715671132.413513,2483352,13223,1,BI,1,100,980
1715671133.511064,2484399,13394,1,BI,1,100,1090
1715671134.586601,2485425,13567,1,BI,1,100,1070
1715671135.630690,2486421,13742,1,BI,1,100,1040
1715671136.784848,2487522,13928,1,BI,1,100,1150
1715671137.804826,2488495,14083,1,BI,1,100,1010
1715671138.843674,2489486,14257,1,BI,1,100,1030
1715671139.918163,2490511,14427,1,BI,1,100,1070
1715671140.934996,2491481,14573,1,BI,1,100,1010
1715671141.946588,2492446,14745,1,BI,1,100,1010
1715671143.073491,2493521,14933,1,BI,1,100,1120
1715671144.043152,2494446,15088,1,BI,1,100,970
1715671145.097723,2495452,15257,1,BI,1,100,1050
1715671146.212047,2496515,15435,1,BI,1,100,1100
1715671147.210011,2497467,15593,1,BI,1,100,990
1715671148.233134,2498443,15764,1,BI,1,100,1020
1715671149.338023,2499497,15936,1,BI,1,100,1100
1715671150.335987,2500449,16107,1,BI,1,100,1000
1715671151.413621,2501477,16265,1,BI,1,100,1060
1715671152.512220,2502525,16455,1,BI,1,100,1100
1715671153.481881,2503450,16608,1,BI,1,100,960
1715671154.502908,2504424,16761,1,BI,1,100,1010
1715671155.561672,2505434,16934,1,BI,1,100,1060
1715671156.582699,2506408,17091,1,BI,1,100,1010
1715671157.707505,2507481,17249,1,BI,1,100,1120
1715671158.693938,2508422,17406,1,BI,1,100,980
1715671159.653116,2509337,17561,1,BI,1,100,960
1715671160.759053,2510392,17733,1,BI,1,100,1100
1715671161.694121,2511284,17893,1,BI,1,100,930
1715671162.683699,2512228,18045,1,BI,1,100,980
1715671163.742464,2513238,18219,1,BI,1,100,1060
1715671164.713173,2514164,18372,1,BI,1,100,960
1715671165.732103,2515136,18526,1,BI,1,100,1010
1715671166.802398,2516157,18698,1,BI,1,100,1070
1715671167.817135,2517125,18859,1,BI,1,100,1000
1715671168.935652,2518192,19050,1,BI,1,100,1120
1715671170.041589,2519247,19219,1,BI,1,100,1100
1715671171.061567,2520220,19376,1,BI,1,100,1010
1715671172.170650,2521278,19561,1,BI,1,100,1110
1715671173.236752,2522295,19726,1,BI,1,100,1050
1715671174.230523,2523243,19898,1,BI,1,100,1000
1715671175.412985,2524371,20083,1,BI,1,100,1170
1715671176.518923,2525426,20256,1,BI,1,100,1100
1715671177.537853,2526398,20428,1,BI,1,100,1020
1715671178.556782,2527370,20589,1,BI,1,100,1010
1715671179.544264,2528312,20741,1,BI,1,100,980
1715671180.501345,2529225,20897,1,BI,1,100,960
1715671181.600993,2530274,21066,1,BI,1,100,1090
1715671182.749910,2531370,21256,1,BI,1,100,1140
1715671183.723763,2532299,21396,1,BI,1,100,970
1715671184.862198,2533385,21566,1,BI,1,100,1130
1715671185.855969,2534333,21738,1,BI,1,100,990
1715671186.906347,2535335,21910,1,BI,1,100,1050
1715671188.067843,2536443,22098,1,BI,1,100,1150
1715671189.078387,2537407,22226,1,BI,1,100,1010
1715671190.141345,2538421,22396,1,BI,1,100,1050
1715671191.247282,2539476,22565,1,BI,1,100,1100
1715671192.231619,2540415,22723,1,BI,1,100,980
1715671193.413033,2541542,22912,1,BI,1,100,1180
1715671194.595494,2542670,23107,1,BI,1,100,1170
1715671195.606038,2543634,23279,1,BI,1,100,1010
1715671196.735038,2544711,23451,1,BI,1,100,1120
1715671197.808478,2545735,23623,1,BI,1,100,1070
1715671198.755077,2546638,23777,1,BI,1,100,940
1715671199.879883,2547711,23955,1,BI,1,100,1120
1715671202.555098,2550263,24382,1,BI,1,100,2660
1715671203.834002,2551483,24588,1,BI,1,100,1280
1715671204.540544,2552157,24697,1,BI,1,100,700
1715671205.402232,2552979,24834,1,BI,1,100,850
1715671206.250292,2553788,24971,1,BI,1,100,850
1715671207.248256,2554740,25127,1,BI,1,100,990
1715671208.123571,2555575,25285,1,BI,1,100,880
1715671208.364676,2555805,25320,1,BI,1,100,240
1715671208.996790,2556408,25424,1,BI,1,100,620
1715671209.504158,2556892,25492,1,BI,1,100,510
1715671211.506377,2558802,25824,1,BI,1,100,1990
1715671212.999130,2560226,26063,1,BI,1,100,1490
1715671215.900774,2562994,26530,1,BI,1,100,2880
1715671216.764558,2563818,26666,1,BI,1,100,860
1715671217.558108,2564575,26786,1,BI,1,100,790
1715671218.376816,2565356,26923,1,BI,1,100,820
1715671219.362201,2566296,27081,1,BI,1,100,980
1715671220.489104,2567371,27254,1,BI,1,100,1120
1715671221.498599,2568334,27431,1,BI,1,100,1010
1715671222.584619,2569370,27600,1,BI,1,100,1080
1715671223.675880,2570411,27774,1,BI,1,100,1080
1715671224.713680,2571401,27944,1,BI,1,100,1030
1715671225.775589,2572414,28116,1,BI,1,100,1060
1715671226.800809,2573392,28278,1,BI,1,100,1020
1715671227.959160,2574497,28449,1,BI,1,100,1150
1715671229.083966,2575570,28639,1,BI,1,100,1120
1715671230.175228,2576611,28808,1,BI,1,100,1090
1715671231.236089,2577623,28980,1,BI,1,100,1050
1715671232.313723,2578651,29160,1,BI,1,100,1080
1715671233.389260,2579677,29334,1,BI,1,100,1070
1715671234.497294,2580734,29503,1,BI,1,100,1100
1715671235.636776,2581821,29672,1,BI,1,100,1130
1715671236.669334,2582806,29844,1,BI,1,100,1030
1715671237.841313,2583924,30040,1,BI,1,100,1160
1715671238.866532,2584902,30209,1,BI,1,100,1030
1715671239.985049,2585969,30381,1,BI,1,100,1110
1715671241.065828,2587000,30554,1,BI,1,100,1070
1715671242.088951,2587976,30726,1,BI,1,100,1020
1715671243.173923,2589011,30886,1,BI,1,100,1080
1715671244.288246,2590074,31072,1,BI,1,100,1110
1715671245.287259,2591027,31227,1,BI,1,100,990
1715671246.386906,2592076,31400,1,BI,1,100,1090
1715671247.489699,2593128,31589,1,BI,1,100,1110
1715671248.500242,2594092,31714,1,BI,1,100,990
1715671249.618759,2595159,31900,1,BI,1,100,1120
1715671250.675427,2596167,32073,1,BI,1,100,1050
1715671251.715323,2597159,32211,1,BI,1,100,1030
1715671252.800294,2598194,32385,1,BI,1,100,1080
1715671253.798259,2599146,32527,1,BI,1,100,990
1715671254.765823,2600069,32680,1,BI,1,100,960
1715671255.866519,2601119,32865,1,BI,1,100,1100
1715671256.959877,2602162,33034,1,BI,1,100,1090
1715671257.951551,2603108,33193,1,BI,1,100,980
1715671259.107806,2604211,33359,1,BI,1,100,1160
1715671260.204309,2605257,33531,1,BI,1,100,1080
1715671261.172921,2606181,33684,1,BI,1,100,970
1715671262.308211,2607264,33871,1,BI,1,100,1130
1715671263.328189,2608237,34046,1,BI,1,100,1010
1715671264.388002,2609248,34189,1,BI,1,100,1060
1715671265.466684,2610277,34361,1,BI,1,100,1070
1715671266.486662,2611250,34515,1,BI,1,100,1010
1715671267.585261,2612298,34687,1,BI,1,100,1090
1715671268.664992,2613328,34879,1,BI,1,100,1080
1715671269.639894,2614258,35003,1,BI,1,100,960
1715671270.782521,2615348,35193,1,BI,1,100,1140
1715671271.793065,2616312,35365,1,BI,1,100,1010
1715671272.861264,2617331,35539,1,BI,1,100,1060
1715671273.976636,2618395,35709,1,BI,1,100,1110
1715671274.979841,2619352,35856,1,BI,1,100,1000
1715671276.019737,2620344,36022,1,BI,1,100,1030
1715671277.052294,2621329,36178,1,BI,1,100,1030
1715671278.040824,2622272,36349,1,BI,1,100,980
1715671279.136279,2623317,36521,1,BI,1,100,1090
1715671280.205526,2624337,36683,1,BI,1,100,1070
1715671281.185670,2625272,36835,1,BI,1,100,970
1715671282.294752,2626330,37025,1,BI,1,100,1100
1715671283.299006,2627288,37165,1,BI,1,100,1000
1715671284.331563,2628273,37318,1,BI,1,100,1020
1715671285.454273,2629344,37495,1,BI,1,100,1120
1715671286.424982,2630270,37632,1,BI,1,100,960
1715671287.481650,2631278,37805,1,BI,1,100,1050
1715671288.519449,2632268,37979,1,BI,1,100,1040
1715671289.515317,2633218,38132,1,BI,1,100,990
1715671290.557309,2634212,38304,1,BI,1,100,1030
1715671291.637039,2635242,38465,1,BI,1,100,1080
1715671292.622424,2636182,38619,1,BI,1,100,980
1715671293.687479,2637198,38791,1,BI,1,100,1060
1715671294.756726,2638218,38960,1,BI,1,100,1060
1715671295.746304,2639162,39129,1,BI,1,100,990
1715671296.763138,2640132,39254,1,BI,1,100,1000
1715671297.886896,2641204,39445,1,BI,1,100,1120
1715671298.905826,2642176,39600,1,BI,1,100,1010
1715671299.953059,2643175,39773,1,BI,1,100,1040
1715671301.072624,2644243,39942,1,BI,1,100,1120
1715671302.032851,2645159,40088,1,BI,1,100,960
1715671303.093712,2646171,40259,1,BI,1,100,1050
1715671304.179732,2647207,40431,1,BI,1,100,1080
1715671305.129475,2648113,40585,1,BI,1,100,950
1715671306.168322,2649104,40738,1,BI,1,100,1030
1715671307.258535,2650144,40901,1,BI,1,100,1090
1715671308.234486,2651075,41073,1,BI,1,100,970
1715671309.319457,2652110,41245,1,BI,1,100,1080
1715671310.385560,2653127,41417,1,BI,1,100,1060
1715671311.334255,2654032,41553,1,BI,1,100,930
1715671312.350040,2655001,41712,1,BI,1,100,1020
1715671313.379453,2655983,41870,1,BI,1,100,1020
1715671314.316617,2656877,41995,1,BI,1,100,930
1715671315.339740,2657853,42167,1,BI,1,100,1020
1715671316.366008,2658832,42320,1,BI,1,100,1020
1715671317.295834,2659719,42474,1,BI,1,100,930
1715671318.345164,2660720,42637,1,BI,1,100,1040
1715671319.389253,2661716,42793,1,BI,1,100,1040
1715671320.398748,2662679,42965,1,BI,1,100,1000
1715671321.488961,2663719,43134,1,BI,1,100,1080
1715671322.519422,2664702,43308,1,BI,1,100,1030
1715671323.497469,2665635,43435,1,BI,1,100,970
1715671324.544703,2666634,43607,1,BI,1,100,1050
1715671325.627578,2667667,43793,1,BI,1,100,1080
1715671326.602480,2668597,43932,1,BI,1,100,960
1715671327.580527,2669530,44106,1,BI,1,100,980
1715671328.645581,2670546,44249,1,BI,1,100,1060
1715671329.646690,2671501,44421,1,BI,1,100,1000
1715671330.596434,2672407,44576,1,BI,1,100,940
1715671331.662536,2673424,44748,1,BI,1,100,1060
1715671332.620666,2674338,44902,1,BI,1,100,950
1715671333.578795,2675252,45063,1,BI,1,100,960
1715671334.655381,2676279,45218,1,BI,1,100,1070
1715671335.662780,2677240,45373,1,BI,1,100,1000
1715671336.640827,2678173,45525,1,BI,1,100,990
1715671337.728943,2679211,45699,1,BI,1,100,1080
1715671338.712231,2680149,45855,1,BI,1,100,980
1715671339.651492,2681045,45998,1,BI,1,100,930
1715671340.616960,2681966,46155,1,BI,1,100,960
1715671341.629600,2682932,46323,1,BI,1,100,1010
1715671342.576198,2683835,46482,1,BI,1,100,940
1715671343.671653,2684880,46651,1,BI,1,100,1090
1715671344.614058,2685779,46778,1,BI,1,100,940
1715671345.571140,2686692,46900,1,BI,1,100,950
1715671346.652966,2687724,47072,1,BI,1,100,1080
1715671347.654075,2688679,47229,1,BI,1,100,990
1715671348.633171,2689613,47381,1,BI,1,100,980
1715671349.701370,2690632,47542,1,BI,1,100,1070
1715671350.708769,2691593,47679,1,BI,1,100,1000
1715671351.691009,2692530,47837,1,BI,1,100,980
1715671352.746629,2693537,48011,1,BI,1,100,1040
1715671353.672261,2694420,48149,1,BI,1,100,920
1715671354.629343,2695333,48304,1,BI,1,100,960
1715671355.722701,2696376,48431,1,BI,1,100,1080
1715671356.709134,2697317,48589,1,BI,1,100,990
1715671357.776285,2698335,48748,1,BI,1,100,1060
1715671358.862305,2699371,48918,1,BI,1,100,1070
1715671359.820434,2700285,48993,1,BI,1,100,960
1715671360.900165,2701315,49107,1,BI,1,100,1070
1715671361.924336,2702292,49264,1,BI,1,100,1020
1715671362.831100,2703157,49419,1,BI,1,100,900
1715671363.944375,2704219,49591,1,BI,1,100,1110
1715671364.970643,2705198,49760,1,BI,1,100,1020
1715671365.910952,2706095,49918,1,BI,1,100,940
1715671367.033662,2707166,50073,1,BI,1,100,1110
1715671368.080895,2708165,50230,1,BI,1,100,1040
1715671369.017011,2709058,50385,1,BI,1,100,940
1715671370.101983,2710093,50557,1,BI,1,100,1070
1715671371.136637,2711080,50727,1,BI,1,100,1030
1715671372.013000,2711916,50853,1,BI,1,100,870
1715671372.960647,2712820,51008,1,BI,1,100,940
1715671373.819190,2713639,51128,1,BI,1,100,860
1715671374.713374,2714492,51284,1,BI,1,100,890
1715671375.488055,2715231,51403,1,BI,1,100,770
1715671376.253300,2715961,51524,1,BI,1,100,760
1715671377.388589,2717044,51703,1,BI,1,100,1130
1715671378.551134,2718153,51859,1,BI,1,100,1150
1715671379.490395,2719049,52018,1,BI,1,100,940
1715671380.620442,2720127,52172,1,BI,1,100,1120
1715671381.727428,2721183,52361,1,BI,1,100,1110
1715671382.765227,2722173,52509,1,BI,1,100,1030
1715671383.923578,2723278,52681,1,BI,1,100,1150
1715671385.015888,2724320,52853,1,BI,1,100,1090
1715671385.969825,2725230,52991,1,BI,1,100,950
1715671387.043265,2726254,53160,1,BI,1,100,1060
1715671388.119850,2727281,53322,1,BI,1,100,1080
1715671389.127249,2728242,53474,1,BI,1,100,1000
1715671390.236331,2729300,53648,1,BI,1,100,1100
1715671391.344365,2730357,53820,1,BI,1,100,1100
1715671392.384261,2731349,53948,1,BI,1,100,1050
1715671393.486005,2732400,54028,1,BI,1,100,1090
1715671394.605570,2733468,54200,1,BI,1,100,1110
1715671395.642321,2734457,54354,1,BI,1,100,1030
1715671396.747210,2735511,54541,1,BI,1,100,1100
1715671397.786057,2736502,54700,1,BI,1,100,1030
1715671398.835387,2737503,54863,1,BI,1,100,1040
1715671399.943421,2738560,55049,1,BI,1,100,1110
1715671401.018958,2739586,55221,1,BI,1,100,1070
1715671402.041033,2740561,55373,1,BI,1,100,1010
1715671403.173177,2741641,55562,1,BI,1,100,1130
1715671404.170094,2742592,55692,1,BI,1,100,990
1715671405.236196,2743609,55861,1,BI,1,100,1060
1715671406.330602,2744653,56033,1,BI,1,100,1090
1715671407.413477,2745686,56224,1,BI,1,100,1080
1715671408.500546,2746723,56393,1,BI,1,100,1080
1715671409.571890,2747745,56538,1,BI,1,100,1070
1715671410.617027,2748742,56696,1,BI,1,100,1040
1715671411.657971,2749735,56870,1,BI,1,100,1030
1715671412.701011,2750730,57042,1,BI,1,100,1040
1715671413.667527,2751652,57193,1,BI,1,100,970
1715671414.725243,2752661,57352,1,BI,1,100,1050
1715671415.867870,2753751,57524,1,BI,1,100,1130
1715671416.892042,2754728,57696,1,BI,1,100,1020
1715671417.948710,2755736,57850,1,BI,1,100,1050
1715671419.028440,2756766,58023,1,BI,1,100,1070
1715671419.924721,2757621,58182,1,BI,1,100,900
1715671420.982437,2758630,58339,1,BI,1,100,1050
1715671422.035961,2759635,58509,1,BI,1,100,1050
1715671423.046504,2760599,58667,1,BI,1,100,1000
1715671424.006731,2761515,58821,1,BI,1,100,960
1715671425.199675,2762653,59008,1,BI,1,100,1180
1715671426.269971,2763674,59168,1,BI,1,100,1060
1715671427.385343,2764738,59342,1,BI,1,100,1110
1715671428.436769,2765741,59515,1,BI,1,100,1050
1715671429.356113,2766618,59666,1,BI,1,100,910
1715671430.463098,2767674,59840,1,BI,1,100,1100
1715671431.558553,2768719,59999,1,BI,1,100,1100
1715671432.475799,2769594,60157,1,BI,1,100,910
1715671433.598509,2770665,60329,1,BI,1,100,1110
1715671434.695012,2771711,60515,1,BI,1,100,1090
1715671435.744342,2772712,60671,1,BI,1,100,1040
1715671436.826169,2773744,60833,1,BI,1,100,1080
1715671437.975086,2774840,61019,1,BI,1,100,1140
1715671438.985630,2775804,61189,1,BI,1,100,1010
1715671440.095760,2776863,61361,1,BI,1,100,1110
1715671441.202746,2777919,61530,1,BI,1,100,1100
1715671442.197565,2778868,61678,1,BI,1,100,990
1715671443.242702,2779865,61835,1,BI,1,100,1040
1715671444.253246,2780829,62004,1,BI,1,100,1010
1715671445.166299,2781700,62143,1,BI,1,100,910
1715671446.208291,2782694,62312,1,BI,1,100,1040
1715671447.231414,2783670,62469,1,BI,1,100,1020
1715671448.232523,2784625,62624,1,BI,1,100,990
1715671449.295481,2785639,62796,1,BI,1,100,1060
1715671450.343763,2786639,62969,1,BI,1,100,1040
1715671451.375273,2787623,63123,1,BI,1,100,1020
1715671452.434037,2788633,63286,1,BI,1,100,1060
1715671453.516912,2789666,63455,1,BI,1,100,1080
1715671454.486573,2790591,63611,1,BI,1,100,960
1715671455.605090,2791658,63783,1,BI,1,100,1110
1715671456.734089,2792735,63972,1,BI,1,100,1130
1715671457.753019,2793707,64117,1,BI,1,100,1010
1715671458.905081,2794806,64289,1,BI,1,100,1150
1715671460.000535,2795851,64476,1,BI,1,100,1090
1715671460.935603,2796743,64614,1,BI,1,100,930
1715671461.984933,2797744,64789,1,BI,1,100,1040
1715671463.109739,2798817,64948,1,BI,1,100,1120
1715671464.258656,2799913,65137,1,BI,1,100,1150
1715671465.431684,2801032,65325,1,BI,1,100,1160
1715671466.273454,2801835,65461,1,BI,1,100,840
1715671467.488412,2802994,114,1,BI,1,100,1210
1715671467.882566,2803370,184,1,BI,1,100,390
1715671469.011566,2804447,360,1,BI,1,100,1130
1715671469.298795,2804721,409,1,BI,1,100,280
1715671470.580844,2805944,615,1,BI,1,100,1280
1715671471.597677,2806914,788,1,BI,1,100,1020
1715671472.886015,2808143,995,1,BI,1,100,1280
1715671477.363227,2812414,1700,1,BI,1,100,4450
1715671478.140004,2813155,1818,1,BI,1,100,770
1715671478.934602,2813913,1944,1,BI,1,100,790
1715671479.861283,2814797,2099,1,BI,1,100,920
1715671480.784819,2815678,2252,1,BI,1,100,930
1715671481.581513,2816438,2372,1,BI,1,100,790
1715671482.470456,2817286,2515,1,BI,1,100,880
1715671483.309082,2818086,2651,1,BI,1,100,840
1715671484.200121,2818936,2788,1,BI,1,100,880
1715671485.075437,2819771,2932,1,BI,1,100,870
1715671486.018890,2820671,3086,1,BI,1,100,940
1715671486.944523,2821554,3222,1,BI,1,100,920
1715671487.914184,2822479,3397,1,BI,1,100,970
1715671488.862879,2823384,3535,1,BI,1,100,940
1715671489.816815,2824294,3694,1,BI,1,100,950
1715671490.763414,2825197,3832,1,BI,1,100,940
1715671491.827420,2826212,4004,1,BI,1,100,1060
1715671492.841108,2827179,4178,1,BI,1,100,1020
1715671493.789804,2828084,4331,1,BI,1,100,940
1715671494.741643,2828992,4486,1,BI,1,100,950
1715671495.783635,2829986,4646,1,BI,1,100,1030
1715671496.826676,2830981,4818,1,BI,1,100,1040
1715671497.344527,2831475,4891,1,BI,1,100,510
1715671498.515458,2832592,5079,1,BI,1,100,1170
1715671499.169586,2833216,5183,1,BI,1,100,650
1715671500.949568,2834914,5473,1,BI,1,100,1770
1715671502.328059,2836229,5699,1,BI,1,100,1370
1715671503.230629,2837090,5834,1,BI,1,100,900
1715671504.123766,2837942,5989,1,BI,1,100,890
1715671504.851273,2838636,6111,1,BI,1,100,730
1715671505.680464,2839427,6232,1,BI,1,100,820
1715671506.561021,2840267,6373,1,BI,1,100,880
1715671507.341991,2841012,6494,1,BI,1,100,770
1715671508.211016,2841841,6633,1,BI,1,100,870
1715671509.047545,2842639,6754,1,BI,1,100,840
1715671509.835853,2843391,6889,1,BI,1,100,780
1715671510.652465,2844170,7030,1,BI,1,100,820
1715671511.512056,2844990,7155,1,BI,1,100,850
1715671512.277302,2845720,7277,1,BI,1,100,760
1715671514.451438,2847794,7629,1,BI,1,100,2160
1715671515.336188,2848638,7772,1,BI,1,100,880
1715671515.856136,2849134,7861,1,BI,1,100,520
1715671516.683230,2849923,7984,1,BI,1,100,820
1715671517.974713,2851155,8209,1,BI,1,100,1290
1715671518.708511,2851855,8327,1,BI,1,100,730
1715671519.421342,2852535,8431,1,BI,1,100,710
1715671519.793482,2852890,8501,1,BI,1,100,370
1715671522.082930,2855074,8865,1,BI,1,100,2280
1715671523.562056,2856485,9108,1,BI,1,100,1470
1715671524.552682,2857430,9260,1,BI,1,100,980
1715671527.726879,2860458,9760,1,BI,1,100,3160
1715671534.512408,2866931,10855,1,BI,1,100,6750
1715671535.575365,2867945,11021,1,BI,1,100,1060
1715671536.545026,2868870,11176,1,BI,1,100,960
1715671537.344865,2869633,11299,1,BI,1,100,800
1715671538.382664,2870623,11459,1,BI,1,100,1030
1715671539.394256,2871588,11612,1,BI,1,100,1000
1715671540.227640,2872383,11753,1,BI,1,100,830
1715671541.346157,2873450,11922,1,BI,1,100,1110
1715671542.357749,2874415,12096,1,BI,1,100,1010
1715671543.197423,2875216,12232,1,BI,1,100,840
1715671544.091607,2876069,12377,1,BI,1,100,890
1715671544.985791,2876922,12513,1,BI,1,100,890
1715671545.818127,2877716,12651,1,BI,1,100,820
1715671547.047762,2878889,12856,1,BI,1,100,1230
1715671548.013229,2879810,13011,1,BI,1,100,960
1715671548.843468,2880602,13138,1,BI,1,100,820
1715671549.864495,2881576,13289,1,BI,1,100,1020
1715671550.688444,2882362,13427,1,BI,1,100,820
1715671551.563760,2883197,13564,1,BI,1,100,870
1715671552.512455,2884102,13723,1,BI,1,100,940
1715671553.422363,2884970,13858,1,BI,1,100,910
1715671554.296630,2885804,14004,1,BI,1,100,880
1715671555.449740,2886904,14189,1,BI,1,100,1140
1715671557.725560,2889075,14565,1,BI,1,100,2270
1715671560.249823,2891483,14964,1,BI,1,100,2510
1715671561.123042,2892316,15102,1,BI,1,100,870
1715671561.911350,2893068,15237,1,BI,1,100,790
1715671562.841176,2893955,15378,1,BI,1,100,910
1715671563.812933,2894882,15532,1,BI,1,100,970
1715671565.102319,2896112,15740,1,BI,1,100,1280
1715671565.967152,2896937,15881,1,BI,1,100,860
1715671566.869723,2897798,16034,1,BI,1,100,900
1715671567.835190,2898719,16191,1,BI,1,100,960
1715671568.814286,2899653,16346,1,BI,1,100,980
1715671569.960057,2900746,16501,1,BI,1,100,1140
1715671570.729496,2901480,16626,1,BI,1,100,760
1715671571.932924,2902628,16831,1,BI,1,100,1200
1715671573.715003,2904328,17107,1,BI,1,100,1770
1715671574.427835,2905008,17228,1,BI,1,100,710
1715671575.741332,2906261,17436,1,BI,1,100,1300
1715671576.910166,2907376,17626,1,BI,1,100,1160
1715671577.913372,2908333,17797,1,BI,1,100,1000
1715671578.646121,2909032,17920,1,BI,1,100,730
1715671581.152563,2911423,18317,1,BI,1,100,2500
1715671581.685090,2911931,18384,1,BI,1,100,520
1715671583.200905,2913377,18627,1,BI,1,100,1510
1715671583.990261,2914130,18764,1,BI,1,100,780
1715671587.990505,2917946,19399,1,BI,1,100,3980
1715671588.619474,2918546,19502,1,BI,1,100,630
1715671591.679409,2921465,19979,1,BI,1,100,3040
1715671595.657638,2925260,20615,1,BI,1,100,3960
1715671597.310779,2926837,20876,1,BI,1,100,1640
1715671598.385267,2927862,21048,1,BI,1,100,1070
1715671599.036251,2928483,21170,1,BI,1,100,650
1715671600.895902,2930257,21458,1,BI,1,100,1850
1715671602.097233,2931403,21633,1,BI,1,100,1190
1715671602.736685,2932013,21725,1,BI,1,100,630
1715671603.574262,2932812,21863,1,BI,1,100,840
1715671604.363619,2933565,21984,1,BI,1,100,790
1715671605.495763,2934645,22171,1,BI,1,100,1120
1715671606.389947,2935498,22310,1,BI,1,100,890
1715671607.242201,2936311,22446,1,BI,1,100,850
1715671608.381683,2937398,22625,1,BI,1,100,1130
1715671609.121770,2938104,22744,1,BI,1,100,740
1715671609.975071,2938918,22881,1,BI,1,100,850
1715671611.053753,2939947,23054,1,BI,1,100,1070
1715671611.776020,2940636,23173,1,BI,1,100,720
1715671612.599969,2941422,23295,1,BI,1,100,810
1715671613.637768,2942412,23473,1,BI,1,100,1040
1715671614.479538,2943215,23591,1,BI,1,100,830
1715671615.231156,2943932,23714,1,BI,1,100,750
1715671616.518446,2945160,23918,1,BI,1,100,1280
1715671617.275306,2945882,24044,1,BI,1,100,750
1715671618.010152,2946583,24164,1,BI,1,100,730
1715671619.869803,2948357,24475,1,BI,1,100,1860
1715671620.646580,2949098,24596,1,BI,1,100,760
1715671622.714840,2951071,24918,1,BI,1,100,2060
1715671624.001082,2952298,25123,1,BI,1,100,1280
1715671625.030495,2953280,25301,1,BI,1,100,1030
1715671626.124901,2954324,25470,1,BI,1,100,1080
1715671628.121878,2956229,25778,1,BI,1,100,1990
1715671628.682709,2956764,25882,1,BI,1,100,560
1715671629.810660,2957840,26042,1,BI,1,100,1120
1715671630.709038,2958697,26199,1,BI,1,100,890
1715671631.548711,2959498,26318,1,BI,1,100,830
1715671632.677711,2960575,26490,1,BI,1,100,1130
1715671633.570847,2961427,26627,1,BI,1,100,890
1715671634.490190,2962304,26779,1,BI,1,100,910
1715671635.597176,2963360,26956,1,BI,1,100,1100
1715671636.574174,2964292,27114,1,BI,1,100,970
1715671637.352000,2965034,27235,1,BI,1,100,780
1715671638.512448,2966141,27424,1,BI,1,100,1150
1715671640.481121,2968019,27735,1,BI,1,100,1960
1715671641.406754,2968902,27888,1,BI,1,100,920
1715671642.222317,2969680,28026,1,BI,1,100,810
1715671643.168915,2970583,28165,1,BI,1,100,940
1715671644.250742,2971615,28339,1,BI,1,100,1070
1715671644.997119,2972327,28475,1,BI,1,100,750
1715671646.054835,2973336,28614,1,BI,1,100,1050
1715671647.225766,2974453,28805,1,BI,1,100,1160
1715671647.972143,2975165,28925,1,BI,1,100,740
1715671649.079128,2976221,29115,1,BI,1,100,1110
1715671650.331825,2977416,29301,1,BI,1,100,1240
1715671651.002725,2978056,29426,1,BI,1,100,670
1715671651.918924,2978930,29564,1,BI,1,100,910
1715671653.043730,2980003,29755,1,BI,1,100,1120
1715671654.227240,2981132,29926,1,BI,1,100,1170
1715671655.151825,2982014,30082,1,BI,1,100,920
1715671656.261955,2983073,30271,1,BI,1,100,1110
1715671657.477962,2984233,30462,1,BI,1,100,1210
1715671658.445526,2985156,30619,1,BI,1,100,960
1715671659.529450,2986190,30791,1,BI,1,100,1080
1715671660.712960,2987319,30976,1,BI,1,100,1170
1715671661.676331,2988238,31138,1,BI,1,100,960
1715671662.760254,2989272,31310,1,BI,1,100,1090
1715671664.017144,2990471,31480,1,BI,1,100,1240
1715671664.772955,2991192,31618,1,BI,1,100,760
1715671665.862120,2992231,31787,1,BI,1,100,1080
1715671666.986927,2993304,31961,1,BI,1,100,1120
1715671668.276313,2994534,32172,1,BI,1,100,1280
1715671668.890606,2995120,32276,1,BI,1,100,610
1715671669.994447,2996173,32448,1,BI,1,100,1100
1715671671.324717,2997442,32666,1,BI,1,100,1320
1715671671.847810,2997941,32750,1,BI,1,100,520
1715671672.971568,2999013,32919,1,BI,1,100,1120
1715671674.341672,3000320,33142,1,BI,1,100,1360
1715671675.167718,3001108,33260,1,BI,1,100,820
1715671676.175117,3002069,33435,1,BI,1,100,1010
1715671677.235978,3003081,33589,1,BI,1,100,1050
1715671678.316757,3004112,33768,1,BI,1,100,1080
1715671679.084099,3004844,33889,1,BI,1,100,760
1715671680.299058,3006003,34090,1,BI,1,100,1210
1715671681.562237,3007208,34278,1,BI,1,100,1250
1715671682.171289,3007789,34384,1,BI,1,100,610
1715671682.917666,3008501,34503,1,BI,1,100,740
1715671684.442916,3009956,34734,1,BI,1,100,1520
1715671684.852794,3010347,34804,1,BI,1,100,410
1715671685.905269,3011351,34977,1,BI,1,100,1050
1715671687.255456,3012639,35184,1,BI,1,100,1340
1715671687.988205,3013338,35304,1,BI,1,100,720
1715671689.139218,3014436,35464,1,BI,1,100,1150
1715671690.398205,3015637,35667,1,BI,1,100,1250
1715671690.986291,3016198,35769,1,BI,1,100,590
1715671693.731741,3018817,36200,1,BI,1,100,2730
1715671694.270558,3019331,36263,1,BI,1,100,540
1715671695.506482,3020510,36435,1,BI,1,100,1220
1715671695.696221,3020691,36455,1,BI,1,100,190
1715671696.454129,3021414,36575,1,BI,1,100,750
1715671697.325251,3022245,36730,1,BI,1,100,880
1715671698.708983,3023565,36950,1,BI,1,100,1370
1715671698.879853,3023728,36972,1,BI,1,100,170
1715671699.552850,3024370,37079,1,BI,1,100,670
1715671700.495255,3025269,37233,1,BI,1,100,940
1715671701.869553,3026580,37460,1,BI,1,100,1370
1715671702.050905,3026753,37478,1,BI,1,100,170
1715671702.632702,3027308,37582,1,BI,1,100,590
1715671703.589783,3028221,37735,1,BI,1,100,950
1715671705.020688,3029586,37957,1,BI,1,100,1430
1715671705.673768,3030209,38045,1,BI,1,100,640
1715671706.737774,3031224,38233,1,BI,1,100,1060
1715671707.909753,3032342,38424,1,BI,1,100,1170
1715671708.951745,3033336,38577,1,BI,1,100,1030
1715671709.854316,3034197,38729,1,BI,1,100,910
1715671711.504311,3035771,38972,1,BI,1,100,1640
1715671712.119653,3036358,39063,1,BI,1,100,610
1715671713.173176,3037363,39235,1,BI,1,100,1050
1715671714.517073,3038645,39457,1,BI,1,100,1340
1715671715.378761,3039467,39593,1,BI,1,100,860
1715671716.310683,3040356,39735,1,BI,1,100,930
1715671717.495242,3041486,39923,1,BI,1,100,1170
1715671718.410392,3042359,40061,1,BI,1,100,910
1715671719.395777,3043299,40233,1,BI,1,100,990
1715671720.649522,3044495,40420,1,BI,1,100,1240
1715671721.808921,3045601,40584,1,BI,1,100,1150
1715671722.535381,3046294,40709,1,BI,1,100,730
1715671723.716794,3047421,40894,1,BI,1,100,1170
1715671724.977877,3048624,41087,1,BI,1,100,1260
1715671725.905607,3049509,41225,1,BI,1,100,920
1715671727.078634,3050628,41387,1,BI,1,100,1170
1715671728.494863,3051979,41610,1,BI,1,100,1410
1715671729.297847,3052745,41715,1,BI,1,100,790
1715671730.304197,3053705,41887,1,BI,1,100,1000
1715671731.464645,3054812,42057,1,BI,1,100,1160
1715671732.495106,3055795,42204,1,BI,1,100,1020
1715671733.346311,3056607,42340,1,BI,1,100,850
1715671734.604249,3057807,42545,1,BI,1,100,1250
1715671735.757359,3058907,42717,1,BI,1,100,1150
1715671736.672509,3059780,42856,1,BI,1,100,910
1715671737.957703,3061006,43036,1,BI,1,100,1280
1715671738.931557,3061935,43189,1,BI,1,100,970
1715671739.953631,3062910,43297,1,BI,1,100,1020
1715671741.277611,3064173,43440,1,BI,1,100,1310
1715671742.159216,3065014,43577,1,BI,1,100,870
1715671743.124684,3065935,43722,1,BI,1,100,960
1715671744.406733,3067158,43924,1,BI,1,100,1280
1715671745.212862,3067927,44061,1,BI,1,100,800
1715671746.213971,3068882,44215,1,BI,1,100,1000
1715671748.099830,3070681,44530,1,BI,1,100,1880
1715671748.920634,3071464,44635,1,BI,1,100,810
1715671749.934323,3072431,44789,1,BI,1,100,1010
1715671751.217420,3073655,44994,1,BI,1,100,1270
1715671752.111604,3074508,45153,1,BI,1,100,890
1715671753.485902,3075819,45379,1,BI,1,100,1380
1715671754.787868,3077061,45568,1,BI,1,100,1280
1715671755.125414,3077383,45619,1,BI,1,100,340
1715671756.127572,3078339,45773,1,BI,1,100,1000
1715671757.543801,3079690,46015,1,BI,1,100,1410
1715671758.287032,3080399,46103,1,BI,1,100,740
1715671760.079594,3082109,46363,1,BI,1,100,1780
1715671760.899351,3082891,46485,1,BI,1,100,810
1715671762.858589,3084760,46794,1,BI,1,100,1950
1715671763.630125,3085496,46917,1,BI,1,100,770
1715671764.609220,3086430,47042,1,BI,1,100,970
1715671766.794888,3088515,47366,1,BI,1,100,2180
1715671767.616741,3089299,47504,1,BI,1,100,810
1715671768.721630,3090353,47677,1,BI,1,100,1110
1715671770.616923,3092161,47960,1,BI,1,100,1880
1715671771.807771,3093297,48148,1,BI,1,100,1180
1715671773.038454,3094471,48242,1,BI,1,100,1230
1715671773.876031,3095270,48352,1,BI,1,100,820
1715671774.949472,3096294,48521,1,BI,1,100,1070
1715671776.376184,3097655,48745,1,BI,1,100,1430
1715671777.123609,3098368,48867,1,BI,1,100,730
1715671778.123669,3099322,49021,1,BI,1,100,1000
1715671779.457084,3100594,49242,1,BI,1,100,1330
1715671780.391103,3101485,49380,1,BI,1,100,920
1715671781.360764,3102410,49524,1,BI,1,100,970
1715671782.684744,3103673,49746,1,BI,1,100,1310
1715671783.434265,3104388,49871,1,BI,1,100,750
1715671784.519237,3105423,50037,1,BI,1,100,1080
1715671785.707988,3106557,50219,1,BI,1,100,1180
1715671787.310811,3108086,50459,1,BI,1,100,1590
1715671790.118110,3110764,50903,1,BI,1,100,2800
1715671791.176875,3111774,51055,1,BI,1,100,1050
1715671792.076300,3112632,51195,1,BI,1,100,890
1715671792.799615,3113322,51310,1,BI,1,100,720
1715671794.394052,3114843,51559,1,BI,1,100,1590
1715671795.014634,3115435,51642,1,BI,1,100,610
1715671795.384678,3115788,51709,1,BI,1,100,370
1715671796.101703,3116472,51810,1,BI,1,100,710
1715671797.074508,3117400,51953,1,BI,1,100,970
1715671798.000141,3118283,52102,1,BI,1,100,930
1715671799.381777,3119601,52317,1,BI,1,100,1370
1715671800.756074,3120912,52534,1,BI,1,100,1370
1715671802.102068,3122196,52737,1,BI,1,100,1340
1715671803.036087,3123087,52872,1,BI,1,100,930
1715671808.220889,3128033,53669,1,BI,1,100,5160
1715671810.238831,3129958,53982,1,BI,1,100,2010
1715671811.315417,3130985,54148,1,BI,1,100,1070
1715671813.609057,3133173,54487,1,BI,1,100,2280
1715671814.760071,3134271,54670,1,BI,1,100,1140
1715671817.166926,3136567,55051,1,BI,1,100,2400
1715671818.437443,3137779,55225,1,BI,1,100,1260
1715671820.735277,3139971,55589,1,BI,1,100,2290
1715671821.979588,3141158,55788,1,BI,1,100,1240
1715671824.209283,3143285,56112,1,BI,1,100,2210
1715671825.695747,3144703,56344,1,BI,1,100,1490
1715671827.362515,3146293,56596,1,BI,1,100,1650
1715671827.808035,3146718,56663,1,BI,1,100,450
1715671830.951832,3149717,57148,1,BI,1,100,3130
1715671833.406908,3152059,57529,1,BI,1,100,2440
1715671834.345120,3152954,57668,1,BI,1,100,930
1715671835.731997,3154277,57885,1,BI,1,100,1380
1715671837.019287,3155505,58086,1,BI,1,100,1280
1715671837.774050,3156225,58203,1,BI,1,100,750
1715671838.985864,3157381,58385,1,BI,1,100,1210
1715671840.806729,3159118,58671,1,BI,1,100,1810
1715671842.764920,3160986,58970,1,BI,1,100,1940
1715671844.020761,3162184,59170,1,BI,1,100,1250
1715671844.967360,3163087,59319,1,BI,1,100,950
1715671846.906681,3164937,59604,1,BI,1,100,1920
1715671847.313415,3165325,59672,1,BI,1,100,410
1715671847.845942,3165833,59755,1,BI,1,100,530
1715671849.325068,3167244,59989,1,BI,1,100,1470
1715671850.325128,3168198,60155,1,BI,1,100,990
1715671851.541135,3169358,60320,1,BI,1,100,1210
1715671852.500313,3170273,60472,1,BI,1,100,960
1715671853.461588,3171190,60622,1,BI,1,100,950
1715671854.429152,3172113,60773,1,BI,1,100,960
1715671855.388330,3173028,60922,1,BI,1,100,950
1715671856.509991,3174098,61095,1,BI,1,100,1120
1715671857.423045,3174969,61247,1,BI,1,100,910
1715671858.536320,3176031,61398,1,BI,1,100,1110
1715671859.505981,3176956,61547,1,BI,1,100,960
1715671860.717794,3178112,61731,1,BI,1,100,1200
1715671861.853084,3179195,61904,1,BI,1,100,1140
1715671862.724206,3180026,62037,1,BI,1,100,860
1715671863.435989,3180705,62155,1,BI,1,100,710
1715671864.631031,3181845,62338,1,BI,1,100,1190
1715671865.724388,3182888,62504,1,BI,1,100,1090
1715671866.468668,3183598,62620,1,BI,1,100,740
1715671869.412244,3186406,63055,1,BI,1,100,2930
1715671871.603153,3188496,63405,1,BI,1,100,2180
1715671872.268812,3189131,63497,1,BI,1,100,660
1715671873.237424,3190055,63646,1,BI,1,100,960
1715671874.291996,3191061,63812,1,BI,1,100,1050
1715671875.600251,3192309,64012,1,BI,1,100,1300
1715671877.120260,3193759,64262,1,BI,1,100,1530
1715671878.062665,3194658,64388,1,BI,1,100,930
1715671879.433818,3195966,64602,1,BI,1,100,1370
1715671880.022953,3196528,64703,1,BI,1,100,580
1715671880.799729,3197269,64819,1,BI,1,100,780
1715671881.711735,3198139,64956,1,BI,1,100,900
1715671882.776789,3199155,65109,1,BI,1,100,1060
1715671884.010617,3200332,65309,1,BI,1,100,1230
1715671884.617572,3200911,65393,1,BI,1,100,600
1715671885.944697,3202177,72,1,BI,1,100,1330
1715671886.532783,3202738,155,1,BI,1,100,580
1715671887.973122,3204112,397,1,BI,1,100,1430
1715671890.996367,3206996,872,1,BI,1,100,3010
1715671892.079242,3208029,1027,1,BI,1,100,1080
1715671892.860212,3208774,1163,1,BI,1,100,780
1715671894.213544,3210065,1374,1,BI,1,100,1350
1715671895.185301,3210992,1532,1,BI,1,100,960
1715671895.959981,3211731,1650,1,BI,1,100,770
1715671897.285009,3212995,1858,1,BI,1,100,1320
1715671898.330146,3213992,2027,1,BI,1,100,1040
1715671899.591229,3215195,2218,1,BI,1,100,1260
1715671900.431952,3215997,2357,1,BI,1,100,840
1715671901.542082,3217056,2528,1,BI,1,100,1100
1715671902.498115,3217968,2683,1,BI,1,100,950
1715671903.630259,3219048,2870,1,BI,1,100,1130
1715671904.511864,3219889,2997,1,BI,1,100,870
1715671905.735209,3221056,3185,1,BI,1,100,1220
1715671906.684952,3221962,3340,1,BI,1,100,950
1715671907.557123,3222794,3479,1,BI,1,100,860
1715671908.681929,3223867,3667,1,BI,1,100,1120
1715671909.868584,3224999,3862,1,BI,1,100,1190
1715671910.794217,3225882,3997,1,BI,1,100,910
1715671911.869754,3226908,4188,1,BI,1,100,1080
1715671912.989319,3227976,4357,1,BI,1,100,1110
1715671913.893987,3228839,4498,1,BI,1,100,890
1715671914.983151,3229878,4689,1,BI,1,100,1100
1715671916.062882,3230908,4841,1,BI,1,100,1060
1715671916.798776,3231610,4963,1,BI,1,100,730
1715671917.692960,3232463,5119,1,BI,1,100,900
1715671918.778980,3233499,5288,1,BI,1,100,1080
1715671919.928945,3234596,5474,1,BI,1,100,1140
1715671920.937392,3235558,5635,1,BI,1,100,1000
1715671921.946887,3236521,5790,1,BI,1,100,1010
1715671923.113625,3237634,5978,1,BI,1,100,1160
1715671924.078045,3238554,6116,1,BI,1,100,960
1715671924.444943,3238904,6183,1,BI,1,100,360
1715671925.059236,3239490,6271,1,BI,1,100,610
1715671926.270002,3240645,6463,1,BI,1,100,1210
1715671927.113869,3241450,6619,1,BI,1,100,840
1715671928.069902,3242362,6754,1,BI,1,100,940
1715671929.210432,3243450,6940,1,BI,1,100,1140
1715671930.246135,3244438,7109,1,BI,1,100,1030
1715671931.362555,3245503,7272,1,BI,1,100,1110
1715671932.459058,3246549,7463,1,BI,1,100,1090
1715671933.263090,3247316,7579,1,BI,1,100,800
1715671934.245330,3248253,7734,1,BI,1,100,980
1715671935.374330,3249330,7920,1,BI,1,100,1120
1715671936.304156,3250217,8066,1,BI,1,100,930
1715671937.048436,3250927,8174,1,BI,1,100,730
1715671938.084138,3251915,8343,1,BI,1,100,1030
1715671939.192172,3252972,8513,1,BI,1,100,1110
1715671939.980480,3253724,8645,1,BI,1,100,780
1715671940.960623,3254659,8800,1,BI,1,100,980
1715671942.154616,3255798,8999,1,BI,1,100,1180
1715671943.061380,3256663,9134,1,BI,1,100,900
1715671943.954516,3257515,9270,1,BI,1,100,890
1715671945.197778,3258701,9476,1,BI,1,100,1240
1715671945.994473,3259461,9614,1,BI,1,100,790
1715671947.009209,3260429,9775,1,BI,1,100,1010
1715671948.241989,3261605,9965,1,BI,1,100,1220
1715671949.102628,3262426,10103,1,BI,1,100,860
1715671950.137282,3263413,10271,1,BI,1,100,1030
1715671951.326034,3264547,10444,1,BI,1,100,1180
1715671952.575586,3265739,10657,1,BI,1,100,1240
1715671955.731963,3268750,11146,1,BI,1,100,3140
1715671956.117730,3269118,11202,1,BI,1,100,380
1715671957.480497,3270418,11425,1,BI,1,100,1360
1715671958.310736,3271210,11551,1,BI,1,100,820
1715671959.217500,3272075,11703,1,BI,1,100,900
1715671960.149422,3272964,11843,1,BI,1,100,930
1715671962.552084,3275256,12231,1,BI,1,100,2390
1715671963.297413,3275967,12356,1,BI,1,100,740
1715671964.863546,3277461,12611,1,BI,1,100,1560
1715671965.703219,3278262,12731,1,BI,1,100,830
1715671966.715860,3279228,12905,1,BI,1,100,1020
1715671967.886790,3280345,13091,1,BI,1,100,1160
1715671968.655181,3281078,13215,1,BI,1,100,770
1715671969.698221,3282073,13385,1,BI,1,100,1040
1715671970.763276,3283089,13536,1,BI,1,100,1050
1715671971.710922,3283993,13693,1,BI,1,100,940
1715671972.786460,3285019,13862,1,BI,1,100,1070
1715671973.856755,3286040,14057,1,BI,1,100,1070
1715671974.802305,3286942,14193,1,BI,1,100,940
1715671975.863167,3287954,14365,1,BI,1,100,1050
1715671977.015229,3289053,14555,1,BI,1,100,1150
1715671977.985937,3289979,14708,1,BI,1,100,970
1715671979.178882,3291117,14897,1,BI,1,100,1180
1715671979.871796,3291778,15008,1,BI,1,100,700
1715671981.162231,3293009,15212,1,BI,1,100,1280
1715671982.076333,3293881,15354,1,BI,1,100,910
1715671983.203236,3294956,15543,1,BI,1,100,1120
1715671984.208538,3295915,15696,1,BI,1,100,1000
1715671985.245289,3296904,15859,1,BI,1,100,1030
1715671986.250591,3297863,16028,1,BI,1,100,1000
1715671987.405798,3298965,16185,1,BI,1,100,1140
1715671988.333527,3299850,16338,1,BI,1,100,930
1715671989.402775,3300870,16511,1,BI,1,100,1060
1715671990.487746,3301905,16688,1,BI,1,100,1080
1715671991.443779,3302817,16841,1,BI,1,100,950
1715671992.583262,3303904,17013,1,BI,1,100,1130
1715671993.675571,3304946,17197,1,BI,1,100,1090
1715671994.629508,3305856,17351,1,BI,1,100,950
1715671995.732301,3306908,17513,1,BI,1,100,1100
1715671996.863397,3307987,17684,1,BI,1,100,1120
1715671997.850878,3308929,17853,1,BI,1,100,980
1715671999.010278,3310035,18025,1,BI,1,100,1150
1715672000.081622,3311057,18214,1,BI,1,100,1080
1715672001.192801,3312117,18377,1,BI,1,100,1100
1715672002.314462,3313187,18548,1,BI,1,100,1110
1715672003.356454,3314181,18720,1,BI,1,100,1040
1715672004.425702,3315201,18890,1,BI,1,100,1060
1715672005.490756,3316217,19062,1,BI,1,100,1060
1715672006.439451,3317122,19205,1,BI,1,100,950
1715672007.568451,3318199,19375,1,BI,1,100,1120
1715672008.624070,3319206,19546,1,BI,1,100,1050
1715672009.541317,3320081,19698,1,BI,1,100,910
1715672010.667172,3321155,19867,1,BI,1,100,1110
1715672011.720695,3322160,20047,1,BI,1,100,1050
1715672012.632700,3323030,20182,1,BI,1,100,910
1715672013.749120,3324095,20371,1,BI,1,100,1110
1715672014.796354,3325094,20527,1,BI,1,100,1040
1715672015.756580,3326010,20677,1,BI,1,100,960
1715672016.908642,3327109,20856,1,BI,1,100,1140
1715672017.902413,3328057,21013,1,BI,1,100,990
1715672018.929729,3329037,21166,1,BI,1,100,1020
1715672020.038811,3330095,21338,1,BI,1,100,1100
1715672021.060886,3331070,21508,1,BI,1,100,1020
1715672021.979181,3331946,21665,1,BI,1,100,910
1715672023.049477,3332967,21839,1,BI,1,100,1070
1715672024.083082,3333953,21992,1,BI,1,100,1020
1715672024.965736,3334795,22129,1,BI,1,100,880
1715672025.885079,3335672,22284,1,BI,1,100,910
1715672026.746767,3336494,22422,1,BI,1,100,860
1715672027.809724,3337508,22599,1,BI,1,100,1060
1715672028.822365,3338474,22765,1,BI,1,100,1010
1715672029.870646,3339474,22937,1,BI,1,100,1040
1715672031.001743,3340553,23111,1,BI,1,100,1120
1715672032.013335,3341518,23266,1,BI,1,100,1000
1715672032.905422,3342369,23410,1,BI,1,100,890
1715672034.002973,3343416,23596,1,BI,1,100,1090
1715672035.078511,3344442,23765,1,BI,1,100,1070
1715672036.209607,3345521,23954,1,BI,1,100,1130
1715672037.294578,3346556,24125,1,BI,1,100,1080
1715672038.328184,3347542,24282,1,BI,1,100,1020
1715672039.365983,3348532,24455,1,BI,1,100,1030
1715672040.486597,3349601,24624,1,BI,1,100,1120
1715672041.401747,3350474,24781,1,BI,1,100,910
1715672042.424870,3351450,24953,1,BI,1,100,1020
1715672043.455331,3352433,25105,1,BI,1,100,1020
1715672044.263556,3353204,25232,1,BI,1,100,810
1715672045.135726,3354036,25370,1,BI,1,100,860
1715672046.086518,3354943,25522,1,BI,1,100,950
1715672047.161007,3355968,25693,1,BI,1,100,1070
1715672048.113895,3356877,25849,1,BI,1,100,950
1715672049.203060,3357916,26005,1,BI,1,100,1080
1715672050.420115,3359077,26178,1,BI,1,100,1200
1715672051.436949,3360047,26352,1,BI,1,100,1020
1715672052.489424,3361051,26521,1,BI,1,100,1050
1715672053.598505,3362109,26693,1,BI,1,100,1100
1715672054.710733,3363170,26870,1,BI,1,100,1110
1715672055.592338,3364011,27005,1,BI,1,100,870
1715672056.636426,3365007,27177,1,BI,1,100,1040
1715672057.699384,3366021,27335,1,BI,1,100,1050
1715672058.666948,3366944,27489,1,BI,1,100,970
1715672059.800141,3368025,27667,1,BI,1,100,1120
1715672060.714243,3368897,27822,1,BI,1,100,910
1715672061.819132,3369951,27993,1,BI,1,100,1100
1715672062.884186,3370967,28162,1,BI,1,100,1060
1715672063.911502,3371947,28334,1,BI,1,100,1030
1715672065.109688,3373090,28528,1,BI,1,100,1190
1715672066.242881,3374171,28700,1,BI,1,100,1120
1715672067.375025,3375251,28889,1,BI,1,100,1130
1715672068.552246,3376374,29075,1,BI,1,100,1170
1715672069.555452,3377331,29244,1,BI,1,100,1000
1715672070.702272,3378425,29424,1,BI,1,100,1140
1715672071.798775,3379471,29595,1,BI,1,100,1090
1715672073.206617,3380814,29835,1,BI,1,100,1400
1715672073.972911,3381545,29956,1,BI,1,100,760
1715672074.899592,3382429,30092,1,BI,1,100,920
1715672075.964647,3383445,30266,1,BI,1,100,1060
1715672076.977287,3384411,30438,1,BI,1,100,1010
1715672077.757209,3385155,30560,1,BI,1,100,770
1715672078.688083,3386043,30714,1,BI,1,100,930
1715672079.710158,3387018,30869,1,BI,1,100,1010
1715672080.882137,3388136,31055,1,BI,1,100,1170
1715672081.764790,3388978,31183,1,BI,1,100,880
1715672082.743885,3389912,31352,1,BI,1,100,970
1715672083.809988,3390929,31522,1,BI,1,100,1060
1715672084.969388,3392035,31714,1,BI,1,100,1160
1715672085.818496,3392845,31851,1,BI,1,100,850
1715672086.851053,3393830,32013,1,BI,1,100,1020
1715672087.748383,3394686,32146,1,BI,1,100,890
1715672088.843837,3395731,32335,1,BI,1,100,1090
1715672089.823981,3396666,32491,1,BI,1,100,970
1715672090.620675,3397426,32612,1,BI,1,100,800
1715672091.610253,3398370,32783,1,BI,1,100,990
1715672092.624990,3399338,32910,1,BI,1,100,1000
1715672093.747699,3400409,33096,1,BI,1,100,1120
1715672094.860975,3401471,33265,1,BI,1,100,1110
1715672095.923933,3402485,33434,1,BI,1,100,1060
1715672096.952297,3403466,33606,1,BI,1,100,1010
1715672098.047752,3404511,33763,1,BI,1,100,1100
1715672099.163123,3405575,33952,1,BI,1,100,1110
1715672100.145364,3406512,34104,1,BI,1,100,970
1715672101.239770,3407556,34278,1,BI,1,100,1090
1715672102.303776,3408571,34451,1,BI,1,100,1060
1715672103.300692,3409522,34589,1,BI,1,100,990
1715672104.378325,3410550,34761,1,BI,1,100,1070
1715672105.454911,3411577,34933,1,BI,1,100,1070
1715672106.414089,3412492,35089,1,BI,1,100,960
1715672107.520026,3413547,35276,1,BI,1,100,1100
1715672108.651122,3414626,35455,1,BI,1,100,1130
1715672109.673197,3415601,35607,1,BI,1,100,1010
1715672110.791714,3416668,35796,1,BI,1,100,1110
1715672111.870396,3417697,35968,1,BI,1,100,1080
1715672112.951174,3418728,36106,1,BI,1,100,1070
1715672114.049774,3419776,36284,1,BI,1,100,1100
1715672115.083380,3420762,36440,1,BI,1,100,1020
1715672115.804597,3421450,36557,1,BI,1,100,730
1715672121.457981,3426843,37382,1,BI,1,100,5620
1715672123.236916,3428540,37655,1,BI,1,100,1760
1715672124.318743,3429572,37813,1,BI,1,100,1080
1715672125.529508,3430727,37986,1,BI,1,100,1200
1715672126.682618,3431827,38162,1,BI,1,100,1160
1715672127.748721,3432844,38236,1,BI,1,100,1050
1715672128.782326,3433830,38405,1,BI,1,100,1030
1715672129.824319,3434824,38567,1,BI,1,100,1030
1715672130.879938,3435831,38739,1,BI,1,100,1060
1715672131.891530,3436796,38893,1,BI,1,100,1000
1715672132.946102,3437802,39062,1,BI,1,100,1050
1715672134.010108,3438817,39231,1,BI,1,100,1060
1715672135.001782,3439763,39376,1,BI,1,100,980
1715672136.080465,3440792,39546,1,BI,1,100,1080
1715672137.092057,3441757,39700,1,BI,1,100,1000
1715672138.147676,3442764,39890,1,BI,1,100,1060
1715672139.165558,3443735,40038,1,BI,1,100,1010
1715672140.153039,3444677,40197,1,BI,1,100,980
1715672141.165680,3445643,40356,1,BI,1,100,1010
1715672142.137437,3446570,40496,1,BI,1,100,960
1715672143.201443,3447585,40662,1,BI,1,100,1060
1715672144.215132,3448552,40835,1,BI,1,100,1010
1715672145.210999,3449502,40976,1,BI,1,100,990
1715672146.208963,3450454,41119,1,BI,1,100,1000
1715672147.258294,3451455,41277,1,BI,1,100,1040
1715672148.244727,3452396,41429,1,BI,1,100,980
1715672149.319216,3453421,41587,1,BI,1,100,1070
1715672150.371691,3454425,41740,1,BI,1,100,1050
1715672151.425214,3455430,41888,1,BI,1,100,1050
1715672152.450433,3456408,42045,1,BI,1,100,1010
1715672153.546936,3457454,42213,1,BI,1,100,1100
1715672154.588928,3458448,42379,1,BI,1,100,1030
1715672155.553348,3459368,42518,1,BI,1,100,960
1715672156.651947,3460416,42683,1,BI,1,100,1090
1715672157.779898,3461492,42852,1,BI,1,100,1130
1715672158.705531,3462375,43007,1,BI,1,100,920
1715672159.797841,3463417,43115,1,BI,1,100,1090
1715672160.839833,3464411,43236,1,BI,1,100,1040
1715672161.720390,3465251,43384,1,BI,1,100,880
1715672162.756092,3466239,43521,1,BI,1,100,1020
1715672163.873561,3467305,43710,1,BI,1,100,1120
1715672164.680737,3468075,43831,1,BI,1,100,800
1715672165.695474,3469043,44003,1,BI,1,100,1010
1715672166.808750,3470105,44175,1,BI,1,100,1110
1715672167.649472,3470907,44283,1,BI,1,100,830
1715672168.683078,3471893,44452,1,BI,1,100,1030
1715672169.778532,3472938,44624,1,BI,1,100,1090
1715672170.691586,3473809,44777,1,BI,1,100,910
1715672171.686405,3474758,44934,1,BI,1,100,990
1715672172.852094,3475870,45115,1,BI,1,100,1160
1715672173.927632,3476896,45284,1,BI,1,100,1070
1715672175.004217,3477923,45473,1,BI,1,100,1080
1715672176.129023,3478996,45645,1,BI,1,100,1120
1715672177.123843,3479945,45797,1,BI,1,100,980
1715672178.151159,3480925,45941,1,BI,1,100,1030
1715672179.268627,3481991,46115,1,BI,1,100,1110
1715672180.241433,3482919,46268,1,BI,1,100,960
1715672181.228914,3483861,46422,1,BI,1,100,980
1715672182.339045,3484920,46611,1,BI,1,100,1110
1715672183.364264,3485898,46766,1,BI,1,100,1020
1715672184.336022,3486825,46921,1,BI,1,100,970
1715672185.450345,3487888,47091,1,BI,1,100,1110
1715672186.493386,3488883,47265,1,BI,1,100,1040
1715672187.441033,3489787,47417,1,BI,1,100,940
1715672188.559549,3490854,47589,1,BI,1,100,1110
1715672189.610976,3491857,47747,1,BI,1,100,1050
1715672190.644582,3492843,47913,1,BI,1,100,1030
1715672191.775678,3493922,48105,1,BI,1,100,1120
1715672192.784125,3494884,48260,1,BI,1,100,1000
1715672193.846035,3495897,48429,1,BI,1,100,1060
1715672194.962455,3496962,48590,1,BI,1,100,1110
1715672196.027509,3497978,48762,1,BI,1,100,1050
1715672197.115626,3499016,48951,1,BI,1,100,1090
1715672198.267687,3500115,49123,1,BI,1,100,1140
1715672199.320162,3501119,49295,1,BI,1,100,1050
1715672200.444969,3502192,49458,1,BI,1,100,1110
1715672201.497444,3503196,49629,1,BI,1,100,1050
1715672202.467104,3504121,49784,1,BI,1,100,970
1715672203.523772,3505129,49954,1,BI,1,100,1050
1715672204.626565,3506181,50142,1,BI,1,100,1100
1715672205.618239,3507127,50269,1,BI,1,100,980
1715672206.666521,3508127,50441,1,BI,1,100,1050
1715672207.751493,3509162,50613,1,BI,1,100,1070
1715672208.733733,3510099,50770,1,BI,1,100,980
1715672209.805077,3511121,50940,1,BI,1,100,1070
1715672210.894242,3512160,51085,1,BI,1,100,1080
1715672211.985503,3513201,51262,1,BI,1,100,1080
1715672213.021206,3514189,51431,1,BI,1,100,1030
1715672214.100936,3515219,51604,1,BI,1,100,1080
1715672215.150266,3516220,51776,1,BI,1,100,1040
1715672216.271928,3517290,51949,1,BI,1,100,1120
1715672217.369479,3518337,52119,1,BI,1,100,1090
1715672218.396795,3519317,52271,1,BI,1,100,1020
1715672219.471284,3520342,52443,1,BI,1,100,1070
1715672220.580366,3521400,52632,1,BI,1,100,1100
1715672221.576234,3522350,52776,1,BI,1,100,990
1715672222.500818,3523232,52917,1,BI,1,100,920
1715672223.171719,3523872,53032,1,BI,1,100,670
1715672224.456912,3525098,53227,1,BI,1,100,1280
1715672224.777686,3525404,53277,1,BI,1,100,310
1715672225.818630,3526397,53449,1,BI,1,100,1040
1715672226.670883,3527210,53574,1,BI,1,100,850
1715672227.337591,3527846,53678,1,BI,1,100,660
1715672227.988574,3528467,53800,1,BI,1,100,650
1715672228.539970,3528993,53889,1,BI,1,100,550
1715672229.082980,3529511,53973,1,BI,1,100,540
1715672230.674272,3531029,54231,1,BI,1,100,1590
1715672231.109308,3531444,54303,1,BI,1,100,430
1715672231.849396,3532150,54405,1,BI,1,100,730
1715672233.957490,3534161,54748,1,BI,1,100,2110
1715672235.286712,3535429,54951,1,BI,1,100,1320
1715672237.513262,3537553,55299,1,BI,1,100,2220
1715672238.496551,3538491,55452,1,BI,1,100,970
1715672239.489274,3539438,55609,1,BI,1,100,990
1715672240.669639,3540564,55796,1,BI,1,100,1170
1715672241.771383,3541615,55984,1,BI,1,100,1100
1715672242.735802,3542535,56110,1,BI,1,100,960
1715672243.855367,3543603,56298,1,BI,1,100,1120
1715672245.121692,3544811,56499,1,BI,1,100,1250
1715672246.034745,3545682,56636,1,BI,1,100,910
1715672247.185759,3546780,56825,1,BI,1,100,1150
1715672248.320000,3547862,57002,1,BI,1,100,1120
1715672249.348364,3548843,57159,1,BI,1,100,1030
1715672250.496233,3549938,57346,1,BI,1,100,1140
1715672251.613701,3551004,57518,1,BI,1,100,1110
1715672252.783584,3552120,57704,1,BI,1,100,1160
1715672253.906293,3553191,57881,1,BI,1,100,1120
1715672254.918934,3554157,58036,1,BI,1,100,1000
1715672256.014388,3555202,58225,1,BI,1,100,1100
1715672257.214671,3556347,58414,1,BI,1,100,1190
1715672258.367781,3557447,58603,1,BI,1,100,1150
1715672259.495732,3558523,58760,1,BI,1,100,1120
1715672260.648842,3559623,58947,1,BI,1,100,1140
1715672261.721235,3560646,59118,1,BI,1,100,1070
1715672262.836606,3561710,59301,1,BI,1,100,1120
1715672263.895371,3562720,59482,1,BI,1,100,1050
1715672265.008646,3563782,59623,1,BI,1,100,1110
1715672265.985645,3564714,59777,1,BI,1,100,970
1715672266.975223,3565658,59930,1,BI,1,100,980
1715672267.935449,3566574,60082,1,BI,1,100,960
1715672268.721661,3567324,60219,1,BI,1,100,780
1715672269.766798,3568321,60363,1,BI,1,100,1040
1715672270.947163,3569447,60550,1,BI,1,100,1170
1715672271.872796,3570330,60686,1,BI,1,100,920
1715672273.056306,3571459,60876,1,BI,1,100,1180
1715672274.209416,3572559,61045,1,BI,1,100,1140
1715672275.184318,3573489,61203,1,BI,1,100,980
1715672276.376215,3574626,61394,1,BI,1,100,1180
1715672277.524083,3575721,61563,1,BI,1,100,1140
1715672278.437136,3576592,61718,1,BI,1,100,910
1715672279.490660,3577597,61884,1,BI,1,100,1050
1715672280.622804,3578677,62048,1,BI,1,100,1120
1715672281.743417,3579746,62238,1,BI,1,100,1120
1715672282.762347,3580718,62394,1,BI,1,100,1010
1715672283.953195,3581854,62583,1,BI,1,100,1180
1715672284.999381,3582852,62752,1,BI,1,100,1040
1715672286.052904,3583857,62916,1,BI,1,100,1050
1715672287.185048,3584937,63085,1,BI,1,100,1130
1715672288.326627,3586026,63275,1,BI,1,100,1130
1715672289.359185,3587011,63444,1,BI,1,100,1030
1715672290.488184,3588088,63616,1,BI,1,100,1120
1715672291.402286,3588960,63758,1,BI,1,100,910
1715672292.403395,3589915,63910,1,BI,1,100,1000
1715672293.497802,3590959,64096,1,BI,1,100,1090
1715672294.523021,3591937,64251,1,BI,1,100,1010
1715672295.537758,3592905,64424,1,BI,1,100,1010
1715672296.635309,3593952,64570,1,BI,1,100,1090
1715672297.572473,3594846,64722,1,BI,1,100,940
1715672298.541085,3595770,64874,1,BI,1,100,960
1715672299.523325,3596707,65050,1,BI,1,100,980
1715672300.306392,3597454,65170,1,BI,1,100,780
1715672301.096797,3598208,65288,1,BI,1,100,780
1715672302.291838,3599348,65467,1,BI,1,100,1190
1715672303.239485,3600252,82,1,BI,1,100,940
1715672304.210193,3601178,240,1,BI,1,100,960
1715672305.393704,3602307,444,1,BI,1,100,1180
1715672306.362316,3603231,584,1,BI,1,100,970
1715672307.495509,3604312,778,1,BI,1,100,1120
1715672308.622412,3605387,947,1,BI,1,100,1120
1715672309.577396,3606298,1100,1,BI,1,100,950
1715672310.612051,3607285,1272,1,BI,1,100,1040
1715672311.751533,3608372,1456,1,BI,1,100,1130
1715672312.763125,3609337,1614,1,BI,1,100,1010
1715672313.894221,3610416,1803,1,BI,1,100,1130
1715672315.003303,3611474,1972,1,BI,1,100,1100
1715672315.972964,3612399,2131,1,BI,1,100,960
1715672316.996087,3613375,2303,1,BI,1,100,1020
1715672318.063238,3614393,2447,1,BI,1,100,1060
1715672319.067492,3615351,2619,1,BI,1,100,1000
1715672320.076987,3616314,2772,1,BI,1,100,1000
1715672321.207035,3617392,2960,1,BI,1,100,1130
1715672322.331841,3618465,3129,1,BI,1,100,1110
1715672323.379075,3619464,3301,1,BI,1,100,1050
1715672324.501785,3620535,3491,1,BI,1,100,1120
1715672325.596191,3621579,3663,1,BI,1,100,1090
1715672326.589962,3622527,3817,1,BI,1,100,980
1715672327.643485,3623532,3989,1,BI,1,100,1050
1715672328.739988,3624578,4168,1,BI,1,100,1100
1715672329.751580,3625543,4321,1,BI,1,100,1010
1715672330.883724,3626623,4509,1,BI,1,100,1120
1715672332.011676,3627699,4678,1,BI,1,100,1120
1715672333.123903,3628760,4868,1,BI,1,100,1110
1715672334.260240,3629844,5042,1,BI,1,100,1130
1715672335.293846,3630830,5214,1,BI,1,100,1030
1715672336.091589,3631591,5352,1,BI,1,100,800
1715672337.152450,3632603,5524,1,BI,1,100,1050
1715672338.162993,3633567,5662,1,BI,1,100,1000
1715672339.219661,3634575,5837,1,BI,1,100,1060
1715672340.473407,3635771,6025,1,BI,1,100,1240
1715672341.497578,3636748,6194,1,BI,1,100,1020
1715672342.542715,3637745,6366,1,BI,1,100,1040
1715672343.683246,3638833,6538,1,BI,1,100,1130
1715672344.756686,3639857,6717,1,BI,1,100,1070
1715672345.796582,3640849,6889,1,BI,1,100,1040
1715672346.935016,3641935,7072,1,BI,1,100,1130
1715672347.967573,3642920,7241,1,BI,1,100,1030
1715672349.156325,3644054,7428,1,BI,1,100,1180
1715672350.341932,3645185,7621,1,BI,1,100,1180
1715672351.439483,3646232,7795,1,BI,1,100,1090
1715672352.639766,3647377,7985,1,BI,1,100,1190
1715672353.746751,3648433,8172,1,BI,1,100,1110
1715672354.822288,3649459,8341,1,BI,1,100,1070
1715672356.007895,3650590,8537,1,BI,1,100,1180
1715672357.119074,3651650,8712,1,BI,1,100,1100
1715672358.225011,3652705,8881,1,BI,1,100,1100
1715672359.322562,3653752,9064,1,BI,1,100,1090
1715672360.387616,3654768,9233,1,BI,1,100,1060
1715672361.541775,3655869,9414,1,BI,1,100,1150
1715672362.519822,3656802,9583,1,BI,1,100,970
1715672363.626807,3657858,9751,1,BI,1,100,1100
1715672364.767338,3658946,9941,1,BI,1,100,1140
1715672365.842875,3659972,10115,1,BI,1,100,1070
1715672366.818825,3660903,10237,1,BI,1,100,970
1715672367.851383,3661888,10394,1,BI,1,100,1020
1715672368.840961,3662832,10563,1,BI,1,100,990
1715672369.903919,3663846,10702,1,BI,1,100,1050
1715672371.159760,3665044,10911,1,BI,1,100,1260
1715672372.317064,3666148,11090,1,BI,1,100,1140
1715672373.378973,3667161,11259,1,BI,1,100,1060
1715672374.548856,3668277,11448,1,BI,1,100,1160
1715672375.677855,3669354,11634,1,BI,1,100,1130
1715672376.686302,3670316,11796,1,BI,1,100,1000
1715672377.696846,3671280,11949,1,BI,1,100,1010
1715672378.712631,3672249,12119,1,BI,1,100,1010
1715672379.626733,3673121,12259,1,BI,1,100,900
1715672380.573331,3674024,12411,1,BI,1,100,940
1715672381.515737,3674923,12554,1,BI,1,100,940
1715672382.472818,3675836,12712,1,BI,1,100,950
1715672383.164684,3676496,12816,1,BI,1,100,690
1715672384.080882,3677370,12971,1,BI,1,100,910
1715672385.217220,3678454,13160,1,BI,1,100,1130
1715672386.221474,3679412,13314,1,BI,1,100,1000
1715672387.255080,3680398,13486,1,BI,1,100,1030
1715672388.415528,3681505,13663,1,BI,1,100,1150
1715672389.395671,3682440,13833,1,BI,1,100,970
1715672390.386297,3683385,13991,1,BI,1,100,990
1715672391.483849,3684432,14162,1,BI,1,100,1090
1715672392.407385,3685313,14317,1,BI,1,100,920
1715672393.318342,3686182,14458,1,BI,1,100,910
1715672394.141243,3686967,14595,1,BI,1,100,820
1715672395.110904,3687892,14748,1,BI,1,100,960
1715672396.087902,3688824,14905,1,BI,1,100,970
1715672397.094253,3689784,15060,1,BI,1,100,1000
1715672398.145680,3690787,15237,1,BI,1,100,1040
1715672399.345962,3691932,15419,1,BI,1,100,1200
1715672400.273692,3692817,15572,1,BI,1,100,920
1715672401.339794,3693834,15730,1,BI,1,100,1060
1715672402.393317,3694839,15903,1,BI,1,100,1050
1715672403.308468,3695712,16038,1,BI,1,100,910
1715672404.388198,3696742,16227,1,BI,1,100,1080
1715672405.513004,3697815,16399,1,BI,1,100,1110
1715672406.428154,3698688,16539,1,BI,1,100,910
1715672407.522561,3699732,16725,1,BI,1,100,1090
1715672408.598098,3700758,16894,1,BI,1,100,1070
1715672409.508006,3701626,17037,1,BI,1,100,900
1715672410.618137,3702685,17226,1,BI,1,100,1100
1715672411.694722,3703712,17398,1,BI,1,100,1080
1715672412.627693,3704602,17533,1,BI,1,100,920
1715672413.703230,3705628,17706,1,BI,1,100,1070
1715672414.693856,3706573,17861,1,BI,1,100,980
1715672415.672952,3707507,18033,1,BI,1,100,980
1715672416.705509,3708492,18185,1,BI,1,100,1030
1715672417.610177,3709355,18337,1,BI,1,100,900
1715672418.384857,3710094,18460,1,BI,1,100,770
1715672419.441525,3711102,18616,1,BI,1,100,1040
1715672420.133391,3711762,18727,1,BI,1,100,700
1715672421.017092,3712605,18861,1,BI,1,100,870
1715672422.012960,3713555,19031,1,BI,1,100,1000
1715672422.905048,3714406,19166,1,BI,1,100,880
1715672424.018323,3715468,19356,1,BI,1,100,1110
1715672425.009998,3716414,19512,1,BI,1,100,990
1715672425.863299,3717228,19652,1,BI,1,100,850
1715672426.863360,3718182,19806,1,BI,1,100,990
1715672427.865518,3719138,19962,1,BI,1,100,1000
1715672428.735592,3719968,20114,1,BI,1,100,870
1715672429.779680,3720964,20270,1,BI,1,100,1030
1715672430.759824,3721899,20430,1,BI,1,100,970
1715672431.665539,3722763,20587,1,BI,1,100,900
1715672432.635200,3723688,20708,1,BI,1,100,970
1715672433.569219,3724579,20863,1,BI,1,100,930
1715672434.471790,3725440,20999,1,BI,1,100,890
1715672435.427823,3726352,21154,1,BI,1,100,950
1715672436.436270,3727314,21313,1,BI,1,100,1000
1715672437.340937,3728177,21466,1,BI,1,100,910
1715672438.417522,3729204,21638,1,BI,1,100,1070
1715672439.430163,3730170,21793,1,BI,1,100,1000
1715672440.363134,3731060,21945,1,BI,1,100,930
1715672441.378919,3732029,22121,1,BI,1,100,1020
1715672442.496387,3733095,22293,1,BI,1,100,1100
1715672443.501689,3734054,22445,1,BI,1,100,1000
1715672444.601337,3735103,22631,1,BI,1,100,1100
1715672445.702033,3736153,22806,1,BI,1,100,1090
1715672446.679032,3737085,22960,1,BI,1,100,970
1715672447.159145,3737543,23047,1,BI,1,100,480
1715672449.683407,3739951,23440,1,BI,1,100,2510
1715672450.918283,3741129,23625,1,BI,1,100,1230
1715672452.091311,3742248,23819,1,BI,1,100,1170
1715672453.230793,3743335,24007,1,BI,1,100,1130
1715672454.309475,3744364,24181,1,BI,1,100,1070
1715672455.311632,3745320,24335,1,BI,1,100,1000
1715672456.378783,3746338,24507,1,BI,1,100,1060
1715672457.331671,3747247,24665,1,BI,1,100,950
1715672458.409305,3748275,24834,1,BI,1,100,1070
1715672459.451297,3749269,25006,1,BI,1,100,1040
1715672460.461841,3750233,25163,1,BI,1,100,1000
1715672461.564634,3751285,25352,1,BI,1,100,1110
1715672462.608722,3752281,25506,1,BI,1,100,1030
1715672463.654907,3753279,25648,1,BI,1,100,1040
1715672464.708431,3754284,25818,1,BI,1,100,1040
1715672465.710588,3755240,25992,1,BI,1,100,1000
1715672466.810236,3756289,26164,1,BI,1,100,1100
1715672467.875290,3757305,26333,1,BI,1,100,1050
1715672468.868013,3758252,26495,1,BI,1,100,990
1715672469.952985,3759287,26662,1,BI,1,100,1080
1715672470.990784,3760277,26822,1,BI,1,100,1030
1715672472.098818,3761334,27005,1,BI,1,100,1110
1715672473.258217,3762440,27192,1,BI,1,100,1150
1715672474.359962,3763491,27346,1,BI,1,100,1100
1715672475.477430,3764557,27518,1,BI,1,100,1110
1715672476.544581,3765575,27690,1,BI,1,100,1060
1715672477.588670,3766571,27861,1,BI,1,100,1040
1715672478.701945,3767633,28052,1,BI,1,100,1110
1715672479.787965,3768669,28222,1,BI,1,100,1080
1715672480.801653,3769636,28381,1,BI,1,100,1010
1715672481.940087,3770722,28564,1,BI,1,100,1130
1715672482.878300,3771617,28702,1,BI,1,100,930
1715672483.702249,3772403,28843,1,BI,1,100,830
1715672484.619496,3773278,28984,1,BI,1,100,900
1715672485.457073,3774077,29119,1,BI,1,100,840
1715672486.148939,3774737,29245,1,BI,1,100,690
1715672487.513802,3776039,29466,1,BI,1,100,1360
1715672488.687877,3777159,29637,1,BI,1,100,1160
1715672489.662780,3778089,29798,1,BI,1,100,970
1715672490.748800,3779125,29985,1,BI,1,100,1090
1715672491.811757,3780139,30154,1,BI,1,100,1060
1715672492.843267,3781123,30307,1,BI,1,100,1020
1715672493.992183,3782219,30496,1,BI,1,100,1150
1715672495.149487,3783323,30656,1,BI,1,100,1150
1715672496.242845,3784366,30829,1,BI,1,100,1090
1715672497.360313,3785432,31001,1,BI,1,100,1110
1715672498.458912,3786480,31159,1,BI,1,100,1090
1715672499.531305,3787503,31328,1,BI,1,100,1070
1715672500.662401,3788582,31507,1,BI,1,100,1130
1715672501.748421,3789618,31676,1,BI,1,100,1070
1715672502.905724,3790722,31848,1,BI,1,100,1150
1715672504.013758,3791779,32035,1,BI,1,100,1110
1715672504.992853,3792713,32191,1,BI,1,100,970
1715672506.105080,3793774,32370,1,BI,1,100,1110
1715672507.203679,3794822,32524,1,BI,1,100,1090
1715672508.205837,3795778,32694,1,BI,1,100,1000
1715672509.330643,3796851,32787,1,BI,1,100,1120
1715672510.499477,3797966,32946,1,BI,1,100,1160
1715672511.483814,3798905,33088,1,BI,1,100,980
1715672512.621200,3799990,33257,1,BI,1,100,1130
1715672513.730282,3801048,33439,1,BI,1,100,1100
1715672514.772274,3802042,33611,1,BI,1,100,1040
1715672515.890791,3803109,33783,1,BI,1,100,1110
1715672516.883514,3804056,33926,1,BI,1,100,990
1715672517.913975,3805039,34095,1,BI,1,100,1020
1715672519.002091,3806077,34267,1,BI,1,100,1080
1715672520.009490,3807038,34420,1,BI,1,100,1000
1715672521.076641,3808056,34591,1,BI,1,100,1070
1715672522.229751,3809156,34771,1,BI,1,100,1150
1715672523.268598,3810147,34943,1,BI,1,100,1030
1715672524.309542,3811140,35109,1,BI,1,100,1040
1715672525.386128,3812167,35281,1,BI,1,100,1070
1715672526.377802,3813113,35436,1,BI,1,100,980
1715672527.542443,3814224,35578,1,BI,1,100,1160
1715672528.605401,3815238,35750,1,BI,1,100,1060
1715672529.618041,3816204,35904,1,BI,1,100,1010
1715672530.755427,3817289,36075,1,BI,1,100,1120
1715672531.674770,3818166,36210,1,BI,1,100,920
1715672532.530168,3818982,36354,1,BI,1,100,850
1715672533.382421,3819795,36475,1,BI,1,100,850
1715672534.211612,3820586,36593,1,BI,1,100,830
1715672534.993631,3821332,36731,1,BI,1,100,770
1715672535.917167,3822213,36857,1,BI,1,100,920
1715672536.832317,3823086,37009,1,BI,1,100,910
1715672537.800929,3824010,37147,1,BI,1,100,970
1715672538.625927,3824797,37273,1,BI,1,100,820
1715672540.565248,3826647,37569,1,BI,1,100,1920
1715672541.096727,3827154,37655,1,BI,1,100,530
1715672543.071690,3829038,37848,1,BI,1,100,1970
1715672543.492051,3829439,37910,1,BI,1,100,420
1715672545.522573,3831376,38235,1,BI,1,100,2020
1715672547.258528,3833032,38509,1,BI,1,100,1720
1715672548.069898,3833806,38645,1,BI,1,100,810
1715672548.111829,3833846,38647,1,BI,1,100,40
1715672548.769102,3834473,38756,1,BI,1,100,670
1715672549.750294,3835409,38891,1,BI,1,100,960
1715672550.667541,3836284,39047,1,BI,1,100,920
1715672551.516649,3837094,39183,1,BI,1,100,840
1715672552.432847,3837968,39339,1,BI,1,100,910
1715672553.294535,3838790,39473,1,BI,1,100,860
1715672554.121629,3839579,39583,1,BI,1,100,820
1715672554.967592,3840386,39719,1,BI,1,100,850
1715672555.796783,3841177,39856,1,BI,1,100,820
1715672556.615492,3841958,39975,1,BI,1,100,810
1715672557.491855,3842794,40113,1,BI,1,100,870
1715672558.370315,3843632,40248,1,BI,1,100,870
1715672559.244582,3844466,40392,1,BI,1,100,880
1715672560.233112,3845409,40521,1,BI,1,100,980
1715672561.193338,3846325,40678,1,BI,1,100,950
1715672562.174530,3847261,40833,1,BI,1,100,980
1715672563.218619,3848257,41005,1,BI,1,100,1030
1715672564.176748,3849171,41158,1,BI,1,100,960
1715672565.126492,3850077,41302,1,BI,1,100,940
1715672566.057366,3850965,41455,1,BI,1,100,930
1715672567.056379,3851918,41610,1,BI,1,100,990
1715672568.021846,3852839,41763,1,BI,1,100,960
1715672569.078514,3853847,41935,1,BI,1,100,1050
1715672570.103734,3854825,42106,1,BI,1,100,1030
1715672571.081781,3855758,42249,1,BI,1,100,960
1715672572.158366,3856785,42418,1,BI,1,100,1070
1715672573.184634,3857764,42573,1,BI,1,100,1020
1715672574.175260,3858709,42743,1,BI,1,100,990
1715672575.271763,3859755,42914,1,BI,1,100,1090
1715672576.336818,3860771,43079,1,BI,1,100,1060
1715672577.312768,3861702,43232,1,BI,1,100,970
1715672578.374677,3862715,43401,1,BI,1,100,1060
1715672579.353773,3863649,43556,1,BI,1,100,970
1715672580.311902,3864563,43709,1,BI,1,100,960
1715672581.281563,3865488,43852,1,BI,1,100,960
1715672582.230258,3866393,44005,1,BI,1,100,940
1715672583.272250,3867387,44177,1,BI,1,100,1040
1715672584.338353,3868404,44346,1,BI,1,100,1060
1715672585.362524,3869381,44521,1,BI,1,100,1020
1715672586.329040,3870303,44648,1,BI,1,100,960
1715672587.308135,3871237,44801,1,BI,1,100,980
1715672588.316582,3872199,44953,1,BI,1,100,1000
1715672589.304064,3873141,45111,1,BI,1,100,980
1715672590.446691,3874231,45302,1,BI,1,100,1140
1715672591.459331,3875197,45458,1,BI,1,100,1000
1715672592.501323,3876191,45603,1,BI,1,100,1040
1715672593.565329,3877206,45772,1,BI,1,100,1060
1715672594.523459,3878120,45921,1,BI,1,100,950
1715672595.525616,3879076,46095,1,BI,1,100,1000
1715672596.540353,3880044,46248,1,BI,1,100,1010
1715672597.473324,3880934,46393,1,BI,1,100,930
1715672598.442985,3881859,46545,1,BI,1,100,970
1715672599.497556,3882865,46714,1,BI,1,100,1040
1715672600.517534,3883838,46885,1,BI,1,100,1020
1715672601.500823,3884776,47038,1,BI,1,100,980
1715672602.540718,3885768,47179,1,BI,1,100,1030
1715672603.543924,3886725,47334,1,BI,1,100,990
1715672604.521971,3887658,47503,1,BI,1,100,980
1715672605.553480,3888642,47657,1,BI,1,100,1020
1715672606.589183,3889630,47826,1,BI,1,100,1030
1715672607.604968,3890599,48004,1,BI,1,100,1020
1715672608.731871,3891674,48155,1,BI,1,100,1110
