LocalTimestamp,EmotiBitTimestamp,PacketNumber,DataLength,TypeTag,ProtocolVersion,DataReliability,RD
1715670601.745997,1977126.000,61197,2,RD,1,100,TL
1715670601.745997,1977126.000,61197,2,RD,1,100,TU
1715670604.449516,1979705.000,62030,2,RD,1,100,TL
1715670607.153035,1982284.000,62030,2,RD,1,100,TU
1715670609.851312,1984858.000,62834,2,RD,1,100,TL
1715670612.549590,1987432.000,62834,2,RD,1,100,TU
1715670682.583726,2054240.500,19098,2,RD,1,100,TL
1715670752.617862,2121049.000,19098,2,RD,1,100,TU
1715670755.313519,2123620.500,19942,2,RD,1,100,TL
1715670758.009176,2126192.000,19942,2,RD,1,100,TU
1715670760.689108,2128748.500,20804,2,RD,1,100,TL
1715670763.369041,2131305.000,20804,2,RD,1,100,TU
1715670766.079898,2133891.000,21672,2,RD,1,100,TL
1715670768.790755,2136477.000,21672,2,RD,1,100,TU
1715670771.472260,2139035.000,22534,2,RD,1,100,TL
1715670774.153764,2141593.000,22534,2,RD,1,100,TU
1715670776.830552,2144146.500,23367,2,RD,1,100,TL
1715670779.507340,2146700.000,23367,2,RD,1,100,TU
1715670782.197231,2149266.000,24232,2,RD,1,100,TL
1715670784.887122,2151832.000,24232,2,RD,1,100,TU
1715670787.560765,2154382.500,25076,2,RD,1,100,TL
1715670790.234408,2156933.000,25076,2,RD,1,100,TU
1715670792.914340,2159489.500,25924,2,RD,1,100,TL
1715670795.594273,2162046.000,25924,2,RD,1,100,TU
1715670798.283115,2164611.000,26788,2,RD,1,100,TL
1715670800.971958,2167176.000,26788,2,RD,1,100,TU
1715670803.644029,2169725.000,27631,2,RD,1,100,TL
1715670806.316099,2172274.000,27631,2,RD,1,100,TU
1715670809.029052,2174862.000,28476,2,RD,1,100,TL
1715670811.742006,2177450.000,28476,2,RD,1,100,TU
1715670814.437663,2180021.500,29341,2,RD,1,100,TL
1715670817.133319,2182593.000,29341,2,RD,1,100,TU
1715670819.823210,2185159.000,30203,2,RD,1,100,TL
1715670822.513102,2187725.000,30203,2,RD,1,100,TU
1715670825.190938,2190279.500,31067,2,RD,1,100,TL
1715670827.868773,2192834.000,31067,2,RD,1,100,TU
1715670830.560761,2195402.000,31929,2,RD,1,100,TL
1715670833.252749,2197970.000,31929,2,RD,1,100,TU
1715670835.963606,2200556.000,32782,2,RD,1,100,TL
1715670838.674463,2203142.000,32782,2,RD,1,100,TU
1715670841.352298,2205696.500,33614,2,RD,1,100,TL
1715670844.030134,2208251.000,33614,2,RD,1,100,TU
1715670846.721074,2210818.000,34460,2,RD,1,100,TL
1715670849.412013,2213385.000,34460,2,RD,1,100,TU
1715670852.121822,2215970.000,35311,2,RD,1,100,TL
1715670854.831630,2218555.000,35311,2,RD,1,100,TU
1715670857.529384,2221128.500,36159,2,RD,1,100,TL
1715670860.227137,2223702.000,36159,2,RD,1,100,TU
1715670862.917028,2226268.000,37008,2,RD,1,100,TL
1715670865.606919,2228834.000,37008,2,RD,1,100,TU
1715670868.317252,2231419.500,37842,2,RD,1,100,TL
1715670871.027585,2234005.000,37842,2,RD,1,100,TU
1715670873.725862,2236579.000,38691,2,RD,1,100,TL
1715670876.424139,2239153.000,38691,2,RD,1,100,TU
1715670879.128182,2241732.500,39540,2,RD,1,100,TL
1715670881.832225,2244312.000,39540,2,RD,1,100,TU
1715670884.509013,2246865.500,40385,2,RD,1,100,TL
1715670887.185801,2249419.000,40385,2,RD,1,100,TU
1715670889.887223,2251996.000,41235,2,RD,1,100,TL
1715670892.588645,2254573.000,41235,2,RD,1,100,TU
1715670895.272771,2257133.500,42086,2,RD,1,100,TL
1715670897.956896,2259694.000,42086,2,RD,1,100,TU
1715670900.633684,2262247.500,42920,2,RD,1,100,TL
1715670903.310472,2264801.000,42920,2,RD,1,100,TU
1715670905.986735,2267354.000,43769,2,RD,1,100,TL
1715670908.662999,2269907.000,43769,2,RD,1,100,TU
1715670911.354462,2272474.500,44615,2,RD,1,100,TL
1715670914.045926,2275042.000,44615,2,RD,1,100,TU
1715670916.734245,2277606.500,45463,2,RD,1,100,TL
1715670919.422563,2280171.000,45463,2,RD,1,100,TU
1715670922.096730,2282722.000,46294,2,RD,1,100,TL
1715670924.770897,2285273.000,46294,2,RD,1,100,TU
1715670927.474416,2287852.000,47142,2,RD,1,100,TL
1715670930.177935,2290431.000,47142,2,RD,1,100,TU
1715670932.851578,2292981.500,47967,2,RD,1,100,TL
1715670935.525220,2295532.000,47967,2,RD,1,100,TU
1715670938.220353,2298103.000,48821,2,RD,1,100,TL
1715670940.915486,2300674.000,48821,2,RD,1,100,TU
1715670943.596990,2303232.000,49666,2,RD,1,100,TL
1715670946.278495,2305790.000,49666,2,RD,1,100,TU
1715670948.962097,2308350.000,50514,2,RD,1,100,TL
1715670951.645698,2310910.000,50514,2,RD,1,100,TU
1715670954.331396,2313472.000,51362,2,RD,1,100,TL
1715670957.017094,2316034.000,51362,2,RD,1,100,TU
1715670959.702792,2318596.000,52207,2,RD,1,100,TL
1715670962.388490,2321158.000,52207,2,RD,1,100,TU
1715670965.085720,2323731.000,53005,2,RD,1,100,TL
1715670967.782949,2326304.000,53005,2,RD,1,100,TU
1715670970.465502,2328863.000,53841,2,RD,1,100,TL
1715670973.148055,2331422.000,53841,2,RD,1,100,TU
1715670975.932816,2334078.500,54606,2,RD,1,100,TL
1715670978.717577,2336735.000,54606,2,RD,1,100,TU
1715670981.411661,2339305.000,55411,2,RD,1,100,TL
1715670984.105745,2341875.000,55411,2,RD,1,100,TU
1715670986.784629,2344430.500,56257,2,RD,1,100,TL
1715670989.463513,2346986.000,56257,2,RD,1,100,TU
1715670992.146591,2349545.500,57104,2,RD,1,100,TL
1715670994.829668,2352105.000,57104,2,RD,1,100,TU
1715670997.511173,2354663.000,57919,2,RD,1,100,TL
1715671000.192678,2357221.000,57919,2,RD,1,100,TU
1715671002.884666,2359789.000,58731,2,RD,1,100,TL
1715671005.576653,2362357.000,58731,2,RD,1,100,TU
1715671008.355649,2365008.000,59543,2,RD,1,100,TL
1715671011.134644,2367659.000,59543,2,RD,1,100,TU
1715671013.827680,2370228.000,60298,2,RD,1,100,TL
1715671016.520716,2372797.000,60298,2,RD,1,100,TU
1715671019.206938,2375359.500,61144,2,RD,1,100,TL
1715671021.893160,2377922.000,61144,2,RD,1,100,TU
1715671024.580955,2380486.000,62004,2,RD,1,100,TL
1715671027.268749,2383050.000,62004,2,RD,1,100,TU
1715671029.950778,2385608.500,62841,2,RD,1,100,TL
1715671032.632807,2388167.000,62841,2,RD,1,100,TU
1715671035.318505,2390729.000,63689,2,RD,1,100,TL
1715671038.004203,2393291.000,63689,2,RD,1,100,TU
1715671040.679943,2395843.500,64535,2,RD,1,100,TL
1715671043.355682,2398396.000,64535,2,RD,1,100,TU
1715671046.032994,2400950.000,65381,2,RD,1,100,TL
1715671048.710306,2403504.000,65381,2,RD,1,100,TU
1715671051.393907,2406064.000,694,2,RD,1,100,TL
1715671054.077509,2408624.000,694,2,RD,1,100,TU
1715671056.746958,2411170.500,1545,2,RD,1,100,TL
1715671059.416408,2413717.000,1545,2,RD,1,100,TU
1715671062.116782,2416293.000,2406,2,RD,1,100,TL
1715671064.817156,2418869.000,2406,2,RD,1,100,TU
1715671067.502330,2421430.500,3269,2,RD,1,100,TL
1715671070.187504,2423992.000,3269,2,RD,1,100,TU
1715671072.870057,2426551.000,4131,2,RD,1,100,TL
1715671075.552610,2429110.000,4131,2,RD,1,100,TU
1715671078.244074,2431677.500,4995,2,RD,1,100,TL
1715671080.935537,2434245.000,4995,2,RD,1,100,TU
1715671083.635387,2436820.500,5858,2,RD,1,100,TL
1715671086.335237,2439396.000,5858,2,RD,1,100,TU
1715671089.060770,2441996.000,6723,2,RD,1,100,TL
1715671091.786303,2444596.000,6723,2,RD,1,100,TU
1715671094.456276,2447143.000,7569,2,RD,1,100,TL
1715671097.126250,2449690.000,7569,2,RD,1,100,TU
1715671099.803562,2452244.000,8435,2,RD,1,100,TL
1715671102.480874,2454798.000,8435,2,RD,1,100,TU
1715671105.160806,2457354.500,9298,2,RD,1,100,TL
1715671107.840739,2459911.000,9298,2,RD,1,100,TU
1715671110.518050,2462465.000,10164,2,RD,1,100,TL
1715671113.195362,2465019.000,10164,2,RD,1,100,TU
1715671115.881060,2467581.000,11026,2,RD,1,100,TL
1715671118.566758,2470143.000,11026,2,RD,1,100,TU
1715671121.264512,2472716.500,11893,2,RD,1,100,TL
1715671123.962265,2475290.000,11893,2,RD,1,100,TU
1715671126.643246,2477847.500,12739,2,RD,1,100,TL
1715671129.324226,2480405.000,12739,2,RD,1,100,TU
1715671132.003635,2482961.000,13583,2,RD,1,100,TL
1715671134.683043,2485517.000,13583,2,RD,1,100,TU
1715671137.370838,2488081.000,14447,2,RD,1,100,TL
1715671140.058632,2490645.000,14447,2,RD,1,100,TU
1715671142.738041,2493201.000,15298,2,RD,1,100,TL
1715671145.417449,2495757.000,15298,2,RD,1,100,TU
1715671148.094237,2498310.500,16160,2,RD,1,100,TL
1715671150.771024,2500864.000,16160,2,RD,1,100,TU
1715671153.451481,2503421.000,17022,2,RD,1,100,TL
1715671156.131938,2505978.000,17022,2,RD,1,100,TU
1715671158.827594,2508549.500,17856,2,RD,1,100,TL
1715671161.523251,2511121.000,17856,2,RD,1,100,TU
1715671164.234108,2513707.000,18719,2,RD,1,100,TL
1715671166.944965,2516293.000,18719,2,RD,1,100,TU
1715671169.644814,2518868.500,19581,2,RD,1,100,TL
1715671172.344664,2521444.000,19581,2,RD,1,100,TU
1715671175.026169,2524002.000,20446,2,RD,1,100,TL
1715671177.707674,2526560.000,20446,2,RD,1,100,TU
1715671180.407000,2529135.000,21306,2,RD,1,100,TL
1715671183.106325,2531710.000,21306,2,RD,1,100,TU
1715671185.794644,2534274.500,22153,2,RD,1,100,TL
1715671188.482963,2536839.000,22153,2,RD,1,100,TU
1715671191.173378,2539405.500,22985,2,RD,1,100,TL
1715671193.863794,2541972.000,22985,2,RD,1,100,TU
1715671196.531147,2544516.500,23847,2,RD,1,100,TL
1715671199.198500,2547061.000,23847,2,RD,1,100,TU
1715671201.873715,2549613.000,24693,2,RD,1,100,TL
1715671204.548930,2552165.000,24693,2,RD,1,100,TU
1715671207.230435,2554723.000,25565,2,RD,1,100,TL
1715671209.911940,2557281.000,25565,2,RD,1,100,TU
1715671212.612314,2559857.000,26424,2,RD,1,100,TL
1715671215.312688,2562433.000,26424,2,RD,1,100,TU
1715671218.015159,2565011.000,27290,2,RD,1,100,TL
1715671220.717629,2567589.000,27290,2,RD,1,100,TU
1715671223.399658,2570147.500,28152,2,RD,1,100,TL
1715671226.081687,2572706.000,28152,2,RD,1,100,TU
1715671228.790972,2575290.500,29020,2,RD,1,100,TL
1715671231.500256,2577875.000,29020,2,RD,1,100,TU
1715671234.189099,2580440.000,29879,2,RD,1,100,TL
1715671236.877942,2583005.000,29879,2,RD,1,100,TU
1715671239.556302,2585560.000,30744,2,RD,1,100,TL
1715671242.234662,2588115.000,30744,2,RD,1,100,TU
1715671244.916167,2590673.000,31586,2,RD,1,100,TL
1715671247.597672,2593231.000,31586,2,RD,1,100,TU
1715671250.296998,2595806.000,32419,2,RD,1,100,TL
1715671252.996323,2598381.000,32419,2,RD,1,100,TU
1715671255.725525,2600984.500,33268,2,RD,1,100,TL
1715671258.454727,2603588.000,33268,2,RD,1,100,TU
1715671261.111073,2606122.000,34100,2,RD,1,100,TL
1715671263.767419,2608656.000,34100,2,RD,1,100,TU
1715671266.466745,2611231.000,34947,2,RD,1,100,TL
1715671269.166070,2613806.000,34947,2,RD,1,100,TU
1715671271.876927,2616392.000,35798,2,RD,1,100,TL
1715671274.587784,2618978.000,35798,2,RD,1,100,TU
1715671277.259330,2621526.500,36642,2,RD,1,100,TL
1715671279.930876,2624075.000,36642,2,RD,1,100,TU
1715671282.624437,2626644.500,37471,2,RD,1,100,TL
1715671285.317997,2629214.000,37471,2,RD,1,100,TU
1715671288.024136,2631795.500,38325,2,RD,1,100,TL
1715671290.730276,2634377.000,38325,2,RD,1,100,TU
1715671293.397105,2636921.000,39165,2,RD,1,100,TL
1715671296.063934,2639465.000,39165,2,RD,1,100,TU
1715671298.761687,2642038.500,39999,2,RD,1,100,TL
1715671301.459440,2644612.000,39999,2,RD,1,100,TU
1715671304.143042,2647172.000,40844,2,RD,1,100,TL
1715671306.826643,2649732.000,40844,2,RD,1,100,TU
1715671309.495569,2652278.000,41690,2,RD,1,100,TL
1715671312.164494,2654824.000,41690,2,RD,1,100,TU
1715671314.865392,2657400.500,42514,2,RD,1,100,TL
1715671317.566290,2659977.000,42514,2,RD,1,100,TU
1715671320.243602,2662531.000,43360,2,RD,1,100,TL
1715671322.920914,2665085.000,43360,2,RD,1,100,TU
1715671325.605564,2667646.000,44209,2,RD,1,100,TL
1715671328.290214,2670207.000,44209,2,RD,1,100,TU
1715671330.968050,2672761.500,45059,2,RD,1,100,TL
1715671333.645885,2675316.000,45059,2,RD,1,100,TU
1715671336.336301,2677882.500,45909,2,RD,1,100,TL
1715671339.026716,2680449.000,45909,2,RD,1,100,TU
1715671341.704028,2683003.000,46756,2,RD,1,100,TL
1715671344.381340,2685557.000,46756,2,RD,1,100,TU
1715671347.059175,2688111.500,47539,2,RD,1,100,TL
1715671349.737011,2690666.000,47539,2,RD,1,100,TU
1715671352.475124,2693278.000,48373,2,RD,1,100,TL
1715671355.213236,2695890.000,48373,2,RD,1,100,TU
1715671357.927237,2698479.000,49069,2,RD,1,100,TL
1715671360.641239,2701068.000,49069,2,RD,1,100,TU
1715671363.322744,2703626.000,49914,2,RD,1,100,TL
1715671366.004249,2706184.000,49914,2,RD,1,100,TU
1715671368.706719,2708762.000,50762,2,RD,1,100,TL
1715671371.409190,2711340.000,50762,2,RD,1,100,TU
1715671374.111660,2713918.000,51612,2,RD,1,100,TL
1715671376.814131,2716496.000,51612,2,RD,1,100,TU
1715671379.501926,2719060.000,52416,2,RD,1,100,TL
1715671382.189720,2721624.000,52416,2,RD,1,100,TU
1715671384.876991,2724187.500,53249,2,RD,1,100,TL
1715671387.564261,2726751.000,53249,2,RD,1,100,TU
1715671390.307615,2729368.000,53970,2,RD,1,100,TL
1715671393.050968,2731985.000,53970,2,RD,1,100,TU
1715671395.737190,2734547.500,54805,2,RD,1,100,TL
1715671398.423413,2737110.000,54805,2,RD,1,100,TU
1715671401.101249,2739664.500,55647,2,RD,1,100,TL
1715671403.779084,2742219.000,55647,2,RD,1,100,TU
1715671406.488369,2744803.500,56499,2,RD,1,100,TL
1715671409.197653,2747388.000,56499,2,RD,1,100,TU
1715671411.894882,2749961.000,57331,2,RD,1,100,TL
1715671414.592111,2752534.000,57331,2,RD,1,100,TU
1715671417.286720,2755104.500,58178,2,RD,1,100,TL
1715671419.981328,2757675.000,58178,2,RD,1,100,TU
1715671422.659688,2760230.000,59029,2,RD,1,100,TL
1715671425.338048,2762785.000,59029,2,RD,1,100,TU
1715671428.024271,2765347.500,59876,2,RD,1,100,TL
1715671430.710493,2767910.000,59876,2,RD,1,100,TU
1715671433.387280,2770463.500,60723,2,RD,1,100,TL
1715671436.064068,2773017.000,60723,2,RD,1,100,TU
1715671438.758152,2775587.000,61571,2,RD,1,100,TL
1715671441.452237,2778157.000,61571,2,RD,1,100,TU
1715671444.118017,2780700.000,62397,2,RD,1,100,TL
1715671446.783798,2783243.000,62397,2,RD,1,100,TU
1715671449.466875,2785802.500,63244,2,RD,1,100,TL
1715671452.149953,2788362.000,63244,2,RD,1,100,TU
1715671454.839844,2790928.000,64093,2,RD,1,100,TL
1715671457.529735,2793494.000,64093,2,RD,1,100,TU
1715671460.211764,2796052.500,64927,2,RD,1,100,TL
1715671462.893793,2798611.000,64927,2,RD,1,100,TU
1715671465.564815,2801159.000,234,2,RD,1,100,TL
1715671468.235837,2803707.000,234,2,RD,1,100,TU
1715671470.918391,2806266.000,1100,2,RD,1,100,TL
1715671473.600944,2808825.000,1100,2,RD,1,100,TU
1715671476.278780,2811379.500,1941,2,RD,1,100,TL
1715671478.956616,2813934.000,1941,2,RD,1,100,TU
1715671481.643362,2816497.000,2807,2,RD,1,100,TL
1715671484.330108,2819060.000,2807,2,RD,1,100,TU
1715671487.023144,2821629.000,3674,2,RD,1,100,TL
1715671489.716180,2824198.000,3674,2,RD,1,100,TU
1715671492.393492,2826752.000,4524,2,RD,1,100,TL
1715671495.070804,2829306.000,4524,2,RD,1,100,TU
1715671497.753357,2831865.000,5386,2,RD,1,100,TL
1715671500.435910,2834424.000,5386,2,RD,1,100,TU
1715671503.109553,2836974.500,6252,2,RD,1,100,TL
1715671505.783196,2839525.000,6252,2,RD,1,100,TU
1715671508.477280,2842095.000,7098,2,RD,1,100,TL
1715671511.171364,2844665.000,7098,2,RD,1,100,TU
1715671513.850773,2847221.000,7961,2,RD,1,100,TL
1715671516.530181,2849777.000,7961,2,RD,1,100,TU
1715671519.213259,2852336.500,8828,2,RD,1,100,TL
1715671521.896336,2854896.000,8828,2,RD,1,100,TU
1715671524.582034,2857458.000,9688,2,RD,1,100,TL
1715671527.267732,2860020.000,9688,2,RD,1,100,TU
1715671529.953954,2862582.500,10545,2,RD,1,100,TL
1715671532.640176,2865145.000,10545,2,RD,1,100,TU
1715671535.318536,2867700.000,11404,2,RD,1,100,TL
1715671537.996896,2870255.000,11404,2,RD,1,100,TU
1715671540.674208,2872809.000,12252,2,RD,1,100,TL
1715671543.351520,2875363.000,12252,2,RD,1,100,TU
1715671546.041411,2877929.000,13114,2,RD,1,100,TL
1715671548.731302,2880495.000,13114,2,RD,1,100,TU
1715671551.404421,2883045.000,13964,2,RD,1,100,TL
1715671554.077539,2885595.000,13964,2,RD,1,100,TU
1715671556.796258,2888188.500,14839,2,RD,1,100,TL
1715671559.514977,2890782.000,14839,2,RD,1,100,TU
1715671562.210634,2893353.500,15706,2,RD,1,100,TL
1715671564.906291,2895925.000,15706,2,RD,1,100,TU
1715671567.593037,2898488.000,16553,2,RD,1,100,TL
1715671570.279783,2901051.000,16553,2,RD,1,100,TU
1715671572.962337,2903610.000,17416,2,RD,1,100,TL
1715671575.644890,2906169.000,17416,2,RD,1,100,TU
1715671578.354174,2908753.500,18293,2,RD,1,100,TL
1715671581.063459,2911338.000,18293,2,RD,1,100,TU
1715671583.742867,2913894.000,19139,2,RD,1,100,TL
1715671586.422275,2916450.000,19139,2,RD,1,100,TU
1715671589.132608,2919035.500,20000,2,RD,1,100,TL
1715671591.842941,2921621.000,20000,2,RD,1,100,TU
1715671594.523921,2924178.500,20856,2,RD,1,100,TL
1715671597.204902,2926736.000,20856,2,RD,1,100,TU
1715671599.936200,2929341.500,21721,2,RD,1,100,TL
1715671602.667499,2931947.000,21721,2,RD,1,100,TU
1715671605.345335,2934501.500,22568,2,RD,1,100,TL
1715671608.023170,2937056.000,22568,2,RD,1,100,TU
1715671610.702579,2939612.000,23418,2,RD,1,100,TL
1715671613.381987,2942168.000,23418,2,RD,1,100,TU
1715671616.079216,2944741.000,24285,2,RD,1,100,TL
1715671618.776446,2947314.000,24285,2,RD,1,100,TU
1715671621.453233,2949867.500,25143,2,RD,1,100,TL
1715671624.130021,2952421.000,25143,2,RD,1,100,TU
1715671626.814671,2954982.000,26001,2,RD,1,100,TL
1715671629.499320,2957543.000,26001,2,RD,1,100,TU
1715671632.185543,2960105.500,26834,2,RD,1,100,TL
1715671634.871765,2962668.000,26834,2,RD,1,100,TU
1715671637.556939,2965229.500,27696,2,RD,1,100,TL
1715671640.242112,2967791.000,27696,2,RD,1,100,TU
1715671642.939342,2970364.000,28563,2,RD,1,100,TL
1715671645.636571,2972937.000,28563,2,RD,1,100,TU
1715671648.310214,2975487.500,29405,2,RD,1,100,TL
1715671650.983856,2978038.000,29405,2,RD,1,100,TU
1715671653.666934,2980597.500,30268,2,RD,1,100,TL
1715671656.350011,2983157.000,30268,2,RD,1,100,TU
1715671659.027323,2985711.000,31135,2,RD,1,100,TL
1715671661.704635,2988265.000,31135,2,RD,1,100,TU
1715671664.395574,2990832.000,31982,2,RD,1,100,TL
1715671667.086514,2993399.000,31982,2,RD,1,100,TU
1715671669.769591,2995958.500,32844,2,RD,1,100,TL
1715671672.452668,2998518.000,32844,2,RD,1,100,TU
1715671675.150421,3001091.500,33695,2,RD,1,100,TL
1715671677.848175,3003665.000,33695,2,RD,1,100,TU
1715671680.550121,3006242.500,34557,2,RD,1,100,TL
1715671683.252068,3008820.000,34557,2,RD,1,100,TU
1715671685.958731,3011402.000,35406,2,RD,1,100,TL
1715671688.665395,3013984.000,35406,2,RD,1,100,TU
1715671691.419231,3016611.000,36239,2,RD,1,100,TL
1715671694.173068,3019238.000,36239,2,RD,1,100,TU
1715671696.837800,3021780.000,37075,2,RD,1,100,TL
1715671699.502532,3024322.000,37075,2,RD,1,100,TU
1715671702.198713,3026894.000,37939,2,RD,1,100,TL
1715671704.894894,3029466.000,37939,2,RD,1,100,TU
1715671707.607323,3032053.500,38798,2,RD,1,100,TL
1715671710.319752,3034641.000,38798,2,RD,1,100,TU
1715671713.032706,3037229.000,39646,2,RD,1,100,TL
1715671715.745659,3039817.000,39646,2,RD,1,100,TU
1715671718.434502,3042382.000,40493,2,RD,1,100,TL
1715671721.123345,3044947.000,40493,2,RD,1,100,TU
1715671723.802229,3047502.500,41310,2,RD,1,100,TL
1715671726.481113,3050058.000,41310,2,RD,1,100,TU
1715671729.159474,3052613.000,42111,2,RD,1,100,TL
1715671731.837834,3055168.000,42111,2,RD,1,100,TU
1715671734.570704,3057775.000,42944,2,RD,1,100,TL
1715671737.303575,3060382.000,42944,2,RD,1,100,TU
1715671739.994514,3062949.000,43666,2,RD,1,100,TL
1715671742.685454,3065516.000,43666,2,RD,1,100,TU
1715671745.431428,3068135.500,44526,2,RD,1,100,TL
1715671748.177402,3070755.000,44526,2,RD,1,100,TU
1715671750.880921,3073334.000,45375,2,RD,1,100,TL
1715671753.584440,3075913.000,45375,2,RD,1,100,TU
1715671756.284814,3078489.000,46206,2,RD,1,100,TL
1715671758.985188,3081065.000,46206,2,RD,1,100,TU
1715671761.696569,3083651.500,47021,2,RD,1,100,TL
1715671764.407950,3086238.000,47021,2,RD,1,100,TU
1715671767.085786,3088792.500,47832,2,RD,1,100,TL
1715671769.763622,3091347.000,47832,2,RD,1,100,TU
1715671772.466092,3093925.000,48557,2,RD,1,100,TL
1715671775.168563,3096503.000,48557,2,RD,1,100,TU
1715671777.879944,3099089.500,49417,2,RD,1,100,TL
1715671780.591325,3101676.000,49417,2,RD,1,100,TU
1715671783.269161,3104230.500,50255,2,RD,1,100,TL
1715671785.946997,3106785.000,50255,2,RD,1,100,TU
1715671788.631646,3109346.000,51073,2,RD,1,100,TL
1715671791.316296,3111907.000,51073,2,RD,1,100,TU
1715671794.023484,3114489.500,51913,2,RD,1,100,TL
1715671796.730672,3117072.000,51913,2,RD,1,100,TU
1715671799.401694,3119620.000,52733,2,RD,1,100,TL
1715671802.072716,3122168.000,52733,2,RD,1,100,TU
1715671804.788290,3124758.500,53566,2,RD,1,100,TL
1715671807.503864,3127349.000,53566,2,RD,1,100,TU
1715671810.176459,3129898.500,54384,2,RD,1,100,TL
1715671812.849053,3132448.000,54384,2,RD,1,100,TU
1715671815.525841,3135001.500,55204,2,RD,1,100,TL
1715671818.202628,3137555.000,55204,2,RD,1,100,TU
1715671820.885706,3140114.500,56024,2,RD,1,100,TL
1715671823.568783,3142674.000,56024,2,RD,1,100,TU
1715671826.270205,3145251.000,56847,2,RD,1,100,TL
1715671828.971628,3147828.000,56847,2,RD,1,100,TU
1715671831.643698,3150377.000,57664,2,RD,1,100,TL
1715671834.315768,3152926.000,57664,2,RD,1,100,TU
1715671837.018763,3155504.500,58503,2,RD,1,100,TL
1715671839.721758,3158083.000,58503,2,RD,1,100,TU
1715671842.417414,3160654.500,59337,2,RD,1,100,TL
1715671845.113071,3163226.000,59337,2,RD,1,100,TU
1715671847.798769,3165788.000,60171,2,RD,1,100,TL
1715671850.484467,3168350.000,60171,2,RD,1,100,TU
1715671853.198469,3170939.000,61007,2,RD,1,100,TL
1715671855.912471,3173528.000,61007,2,RD,1,100,TU
1715671858.594500,3176086.500,61816,2,RD,1,100,TL
1715671861.276529,3178645.000,61816,2,RD,1,100,TU
1715671863.949647,3181195.000,62640,2,RD,1,100,TL
1715671866.622766,3183745.000,62640,2,RD,1,100,TU
1715671869.307940,3186306.500,63458,2,RD,1,100,TL
1715671871.993114,3188868.000,63458,2,RD,1,100,TU
1715671874.667281,3191419.000,64283,2,RD,1,100,TL
1715671877.341448,3193970.000,64283,2,RD,1,100,TU
1715671880.014566,3196520.000,65107,2,RD,1,100,TL
1715671882.687685,3199070.000,65107,2,RD,1,100,TU
1715671885.363424,3201622.500,394,2,RD,1,100,TL
1715671888.039164,3204175.000,394,2,RD,1,100,TU
1715671890.718048,3206730.500,1237,2,RD,1,100,TL
1715671893.396932,3209286.000,1237,2,RD,1,100,TU
1715671896.102023,3211866.500,2096,2,RD,1,100,TL
1715671898.807115,3214447.000,2096,2,RD,1,100,TU
1715671901.483902,3217000.500,2939,2,RD,1,100,TL
1715671904.160690,3219554.000,2939,2,RD,1,100,TU
1715671906.833808,3222104.000,3789,2,RD,1,100,TL
1715671909.506927,3224654.000,3789,2,RD,1,100,TU
1715671912.184239,3227208.000,4652,2,RD,1,100,TL
1715671914.861551,3229762.000,4652,2,RD,1,100,TU
1715671917.547773,3232324.500,5514,2,RD,1,100,TL
1715671920.233995,3234887.000,5514,2,RD,1,100,TU
1715671922.914976,3237444.500,6358,2,RD,1,100,TL
1715671925.595957,3240002.000,6358,2,RD,1,100,TU
1715671928.273793,3242556.500,7215,2,RD,1,100,TL
1715671930.951628,3245111.000,7215,2,RD,1,100,TU
1715671933.634706,3247670.500,8059,2,RD,1,100,TL
1715671936.317783,3250230.000,8059,2,RD,1,100,TU
1715671939.002957,3252791.500,8908,2,RD,1,100,TL
1715671941.688131,3255353.000,8908,2,RD,1,100,TU
1715671944.370160,3257911.500,9772,2,RD,1,100,TL
1715671947.052189,3260470.000,9772,2,RD,1,100,TU
1715671949.727404,3263022.000,10619,2,RD,1,100,TL
1715671952.402620,3265574.000,10619,2,RD,1,100,TU
1715671955.127628,3268173.500,11479,2,RD,1,100,TL
1715671957.852637,3270773.000,11479,2,RD,1,100,TU
1715671960.543576,3273340.000,12336,2,RD,1,100,TL
1715671963.234516,3275907.000,12336,2,RD,1,100,TU
1715671965.915496,3278464.500,13196,2,RD,1,100,TL
1715671968.596477,3281022.000,13196,2,RD,1,100,TU
1715671971.269596,3283572.000,14053,2,RD,1,100,TL
1715671973.942714,3286122.000,14053,2,RD,1,100,TU
1715671976.624743,3288680.500,14917,2,RD,1,100,TL
1715671979.306772,3291239.000,14917,2,RD,1,100,TU
1715671981.984608,3293793.500,15768,2,RD,1,100,TL
1715671984.662444,3296348.000,15768,2,RD,1,100,TU
1715671987.334515,3298897.000,16599,2,RD,1,100,TL
1715671990.006585,3301446.000,16599,2,RD,1,100,TU
1715671992.686518,3304002.500,17455,2,RD,1,100,TL
1715671995.366450,3306559.000,17455,2,RD,1,100,TU
1715671998.046383,3309115.500,18299,2,RD,1,100,TL
1715672000.726315,3311672.000,18299,2,RD,1,100,TU
1715672003.393144,3314216.000,19148,2,RD,1,100,TL
1715672006.059973,3316760.000,19148,2,RD,1,100,TU
1715672008.743050,3319319.500,19990,2,RD,1,100,TL
1715672011.426128,3321879.000,19990,2,RD,1,100,TU
1715672014.103440,3324433.000,20837,2,RD,1,100,TL
1715672016.780751,3326987.000,20837,2,RD,1,100,TU
1715672019.470118,3329552.500,21685,2,RD,1,100,TL
1715672022.159485,3332118.000,21685,2,RD,1,100,TU
1715672024.834176,3334669.500,22544,2,RD,1,100,TL
1715672027.508868,3337221.000,22544,2,RD,1,100,TU
1715672030.192469,3339781.000,23406,2,RD,1,100,TL
1715672032.876070,3342341.000,23406,2,RD,1,100,TU
1715672035.550237,3344892.000,24262,2,RD,1,100,TL
1715672038.224404,3347443.000,24262,2,RD,1,100,TU
1715672040.906433,3350001.500,25125,2,RD,1,100,TL
1715672043.588462,3352560.000,25125,2,RD,1,100,TU
1715672046.283071,3355130.500,25968,2,RD,1,100,TL
1715672048.977679,3357701.000,25968,2,RD,1,100,TU
1715672051.682246,3360281.000,26813,2,RD,1,100,TL
1715672054.386813,3362861.000,26813,2,RD,1,100,TU
1715672057.063601,3365414.500,27661,2,RD,1,100,TL
1715672059.740389,3367968.000,27661,2,RD,1,100,TU
1715672062.436570,3370540.000,28525,2,RD,1,100,TL
1715672065.132751,3373112.000,28525,2,RD,1,100,TU
1715672067.814780,3375670.500,29384,2,RD,1,100,TL
1715672070.496809,3378229.000,29384,2,RD,1,100,TU
1715672073.176217,3380785.000,30246,2,RD,1,100,TL
1715672075.855625,3383341.000,30246,2,RD,1,100,TU
1715672078.531889,3385894.000,31092,2,RD,1,100,TL
1715672081.208152,3388447.000,31092,2,RD,1,100,TU
1715672083.884940,3391000.500,31957,2,RD,1,100,TL
1715672086.561728,3393554.000,31957,2,RD,1,100,TU
1715672089.244281,3396113.000,32819,2,RD,1,100,TL
1715672091.926834,3398672.000,32819,2,RD,1,100,TU
1715672094.619870,3401241.000,33658,2,RD,1,100,TL
1715672097.312906,3403810.000,33658,2,RD,1,100,TU
1715672100.026908,3406399.000,34520,2,RD,1,100,TL
1715672102.740909,3408988.000,34520,2,RD,1,100,TU
1715672105.420842,3411544.500,35366,2,RD,1,100,TL
1715672108.100774,3414101.000,35366,2,RD,1,100,TU
1715672110.786472,3416663.000,36194,2,RD,1,100,TL
1715672113.472170,3419225.000,36194,2,RD,1,100,TU
1715672116.175165,3421803.500,37003,2,RD,1,100,TL
1715672118.878160,3424382.000,37003,2,RD,1,100,TU
1715672121.547609,3426928.500,37809,2,RD,1,100,TL
1715672124.217059,3429475.000,37809,2,RD,1,100,TU
1715672126.890702,3432025.500,38526,2,RD,1,100,TL
1715672129.564345,3434576.000,38526,2,RD,1,100,TU
1715672132.251615,3437139.500,39374,2,RD,1,100,TL
1715672134.938886,3439703.000,39374,2,RD,1,100,TU
1715672137.616722,3442257.500,40217,2,RD,1,100,TL
1715672140.294557,3444812.000,40217,2,RD,1,100,TU
1715672143.011180,3447403.500,41045,2,RD,1,100,TL
1715672145.727802,3449995.000,41045,2,RD,1,100,TU
1715672148.411404,3452555.000,41845,2,RD,1,100,TL
1715672151.095005,3455115.000,41845,2,RD,1,100,TU
1715672153.777034,3457673.500,42659,2,RD,1,100,TL
1715672156.459063,3460232.000,42659,2,RD,1,100,TU
1715672159.139520,3462789.000,43380,2,RD,1,100,TL
1715672161.819977,3465346.000,43380,2,RD,1,100,TU
1715672164.497288,3467900.000,44230,2,RD,1,100,TL
1715672167.174600,3470454.000,44230,2,RD,1,100,TU
1715672169.857677,3473013.500,45075,2,RD,1,100,TL
1715672172.540755,3475573.000,45075,2,RD,1,100,TU
1715672175.264191,3478171.000,45917,2,RD,1,100,TL
1715672177.987627,3480769.000,45917,2,RD,1,100,TU
1715672180.671753,3483329.500,46763,2,RD,1,100,TL
1715672183.355878,3485890.000,46763,2,RD,1,100,TU
1715672186.064639,3488474.000,47627,2,RD,1,100,TL
1715672188.773399,3491058.000,47627,2,RD,1,100,TU
1715672191.440752,3493602.500,48468,2,RD,1,100,TL
1715672194.108105,3496147.000,48468,2,RD,1,100,TU
1715672196.793279,3498708.500,49316,2,RD,1,100,TL
1715672199.478453,3501270.000,49316,2,RD,1,100,TU
1715672202.158909,3503827.000,50163,2,RD,1,100,TL
1715672204.839366,3506384.000,50163,2,RD,1,100,TU
1715672207.538692,3508959.000,50997,2,RD,1,100,TL
1715672210.238017,3511534.000,50997,2,RD,1,100,TU
1715672212.925288,3514097.500,51843,2,RD,1,100,TL
1715672215.612558,3516661.000,51843,2,RD,1,100,TU
1715672218.296684,3519221.500,52688,2,RD,1,100,TL
1715672220.980810,3521782.000,52688,2,RD,1,100,TU
1715672223.673846,3524351.000,53539,2,RD,1,100,TL
1715672226.366882,3526920.000,53539,2,RD,1,100,TU
1715672229.039476,3529469.500,54387,2,RD,1,100,TL
1715672231.712071,3532019.000,54387,2,RD,1,100,TU
1715672234.429741,3534611.500,55246,2,RD,1,100,TL
1715672237.147412,3537204.000,55246,2,RD,1,100,TU
1715672239.843593,3539776.000,56089,2,RD,1,100,TL
1715672242.539774,3542348.000,56089,2,RD,1,100,TU
1715672245.238575,3544922.500,56945,2,RD,1,100,TL
1715672247.937377,3547497.000,56945,2,RD,1,100,TU
1715672250.622026,3550058.000,57792,2,RD,1,100,TL
1715672253.306676,3552619.000,57792,2,RD,1,100,TU
1715672255.977698,3555167.000,58637,2,RD,1,100,TL
1715672258.648721,3557715.000,58637,2,RD,1,100,TU
1715672261.337563,3560280.000,59478,2,RD,1,100,TL
1715672264.026406,3562845.000,59478,2,RD,1,100,TU
1715672266.705290,3565400.500,60306,2,RD,1,100,TL
1715672269.384175,3567956.000,60306,2,RD,1,100,TU
1715672272.058866,3570507.500,61134,2,RD,1,100,TL
1715672274.733557,3573059.000,61134,2,RD,1,100,TU
1715672277.409820,3575612.000,61973,2,RD,1,100,TL
1715672280.086084,3578165.000,61973,2,RD,1,100,TU
1715672282.774403,3580729.500,62824,2,RD,1,100,TL
1715672285.462721,3583294.000,62824,2,RD,1,100,TU
1715672288.132695,3585841.000,63666,2,RD,1,100,TL
1715672290.802669,3588388.000,63666,2,RD,1,100,TU
1715672293.485746,3590947.500,64512,2,RD,1,100,TL
1715672296.168823,3593507.000,64512,2,RD,1,100,TU
1715672298.847708,3596062.500,65360,2,RD,1,100,TL
1715672301.526592,3598618.000,65360,2,RD,1,100,TU
1715672304.219628,3601187.000,670,2,RD,1,100,TL
1715672306.912664,3603756.000,670,2,RD,1,100,TU
1715672309.592072,3606312.000,1529,2,RD,1,100,TL
1715672312.271481,3608868.000,1529,2,RD,1,100,TU
1715672314.953510,3611426.500,2390,2,RD,1,100,TL
1715672317.635539,3613985.000,2390,2,RD,1,100,TU
1715672320.302892,3616529.500,3233,2,RD,1,100,TL
1715672322.970245,3619074.000,3233,2,RD,1,100,TU
1715672325.653322,3621633.500,4095,2,RD,1,100,TL
1715672328.336400,3624193.000,4095,2,RD,1,100,TU
1715672331.028387,3626761.000,4953,2,RD,1,100,TL
1715672333.720375,3629329.000,4953,2,RD,1,100,TU
1715672336.403977,3631889.000,5801,2,RD,1,100,TL
1715672339.087578,3634449.000,5801,2,RD,1,100,TU
1715672341.768035,3637006.000,6660,2,RD,1,100,TL
1715672344.448491,3639563.000,6660,2,RD,1,100,TU
1715672347.152010,3642142.000,7533,2,RD,1,100,TL
1715672349.855529,3644721.000,7533,2,RD,1,100,TU
1715672352.531268,3647273.500,8398,2,RD,1,100,TL
1715672355.207008,3649826.000,8398,2,RD,1,100,TU
1715672357.883795,3652379.500,9254,2,RD,1,100,TL
1715672360.560583,3654933.000,9254,2,RD,1,100,TU
1715672363.243136,3657492.000,10111,2,RD,1,100,TL
1715672365.925689,3660051.000,10111,2,RD,1,100,TU
1715672368.630781,3662631.500,10931,2,RD,1,100,TL
1715672371.335872,3665212.000,10931,2,RD,1,100,TU
1715672374.031004,3667783.000,11790,2,RD,1,100,TL
1715672376.726137,3670354.000,11790,2,RD,1,100,TU
1715672379.402925,3672907.500,12643,2,RD,1,100,TL
1715672382.079712,3675461.000,12643,2,RD,1,100,TU
1715672384.763314,3678021.000,13506,2,RD,1,100,TL
1715672387.446915,3680581.000,13506,2,RD,1,100,TU
1715672390.117937,3683129.000,14369,2,RD,1,100,TL
1715672392.788960,3685677.000,14369,2,RD,1,100,TU
1715672395.474658,3688239.000,15230,2,RD,1,100,TL
1715672398.160356,3690801.000,15230,2,RD,1,100,TU
1715672400.842909,3693360.000,16076,2,RD,1,100,TL
1715672403.525462,3695919.000,16076,2,RD,1,100,TU
1715672406.198056,3698468.500,16932,2,RD,1,100,TL
1715672408.870651,3701018.000,16932,2,RD,1,100,TU
1715672411.556873,3703580.500,17791,2,RD,1,100,TL
1715672414.243095,3706143.000,17791,2,RD,1,100,TU
1715672416.952380,3708727.500,18652,2,RD,1,100,TL
1715672419.661664,3711312.000,18652,2,RD,1,100,TU
1715672422.369900,3713895.500,19508,2,RD,1,100,TL
1715672425.078136,3716479.000,19508,2,RD,1,100,TU
1715672427.756496,3719034.000,20376,2,RD,1,100,TL
1715672430.434856,3721589.000,20376,2,RD,1,100,TU
1715672433.145189,3724174.500,21227,2,RD,1,100,TL
1715672435.855522,3726760.000,21227,2,RD,1,100,TU
1715672438.538599,3729319.500,22083,2,RD,1,100,TL
1715672441.221676,3731879.000,22083,2,RD,1,100,TU
1715672443.897940,3734432.000,22939,2,RD,1,100,TL
1715672446.574203,3736985.000,22939,2,RD,1,100,TU
1715672449.269860,3739556.500,23798,2,RD,1,100,TL
1715672451.965517,3742128.000,23798,2,RD,1,100,TU
1715672454.653311,3744692.000,24658,2,RD,1,100,TL
1715672457.341106,3747256.000,24658,2,RD,1,100,TU
1715672460.035714,3749826.500,25527,2,RD,1,100,TL
1715672462.730323,3752397.000,25527,2,RD,1,100,TU
1715672465.418642,3754961.500,26370,2,RD,1,100,TL
1715672468.106960,3757526.000,26370,2,RD,1,100,TU
1715672470.774313,3760070.500,27210,2,RD,1,100,TL
1715672473.441667,3762615.000,27210,2,RD,1,100,TU
1715672476.124744,3765174.500,28049,2,RD,1,100,TL
1715672478.807821,3767734.000,28049,2,RD,1,100,TU
1715672481.494568,3770297.000,28912,2,RD,1,100,TL
1715672484.181314,3772860.000,28912,2,RD,1,100,TU
1715672486.867536,3775422.500,29777,2,RD,1,100,TL
1715672489.553758,3777985.000,29777,2,RD,1,100,TU
1715672492.234215,3780542.000,30617,2,RD,1,100,TL
1715672494.914671,3783099.000,30617,2,RD,1,100,TU
1715672497.642825,3785701.500,31451,2,RD,1,100,TL
1715672500.370978,3788304.000,31451,2,RD,1,100,TU
1715672503.051435,3790861.000,32299,2,RD,1,100,TL
1715672505.731892,3793418.000,32299,2,RD,1,100,TU
1715672508.409728,3795972.500,33031,2,RD,1,100,TL
1715672511.087564,3798527.000,33031,2,RD,1,100,TU
1715672513.771165,3801087.000,33871,2,RD,1,100,TL
1715672516.454767,3803647.000,33871,2,RD,1,100,TU
1715672519.138892,3806207.500,34713,2,RD,1,100,TL
1715672521.823018,3808768.000,34713,2,RD,1,100,TU
1715672524.510288,3811331.500,35539,2,RD,1,100,TL
1715672527.197559,3813895.000,35539,2,RD,1,100,TU
1715672529.880636,3816454.500,36351,2,RD,1,100,TL
1715672532.563713,3819014.000,36351,2,RD,1,100,TU
1715672535.251508,3821578.000,37167,2,RD,1,100,TL
1715672537.939302,3824142.000,37167,2,RD,1,100,TU
1715672540.616090,3826695.500,37886,2,RD,1,100,TL
1715672543.292878,3829249.000,37886,2,RD,1,100,TU
1715672545.977528,3831810.000,38735,2,RD,1,100,TL
1715672548.662177,3834371.000,38735,2,RD,1,100,TU
1715672551.339489,3836925.000,39577,2,RD,1,100,TL
1715672554.016801,3839479.000,39577,2,RD,1,100,TU
1715672556.696733,3842035.500,40412,2,RD,1,100,TL
1715672559.376666,3844592.000,40412,2,RD,1,100,TU
1715672562.050833,3847143.000,41246,2,RD,1,100,TL
1715672564.725000,3849694.000,41246,2,RD,1,100,TU
1715672567.425898,3852270.500,42104,2,RD,1,100,TL
1715672570.126796,3854847.000,42104,2,RD,1,100,TU
1715672572.821404,3857417.500,42954,2,RD,1,100,TL
1715672575.516013,3859988.000,42954,2,RD,1,100,TU
1715672578.187559,3862536.500,43798,2,RD,1,100,TL
1715672580.859105,3865085.000,43798,2,RD,1,100,TU
1715672583.547424,3867649.500,44642,2,RD,1,100,TL
1715672586.235743,3870214.000,44642,2,RD,1,100,TU
1715672588.907813,3872763.000,45478,2,RD,1,100,TL
1715672591.579884,3875312.000,45478,2,RD,1,100,TU
1715672594.291265,3877898.500,46318,2,RD,1,100,TL
1715672597.002645,3880485.000,46318,2,RD,1,100,TU
1715672599.674192,3883033.500,47158,2,RD,1,100,TL
1715672602.345738,3885582.000,47158,2,RD,1,100,TU
1715672605.029339,3888142.000,48000,2,RD,1,100,TL
1715672607.712941,3890702.000,48000,2,RD,1,100,TU
