,,AF3,AF4,AF7,AF8,AFz,C1,C2,C3,C4,C5,C6,CP1,CP2,CP3,CP4,CP5,CP6,CPz,Cz,F1,F2,F3,F4,F5,F6,F7,F8,FC1,FC2,FC3,FC4,FC5,FC6,FCz,FT10,FT7,FT8,FT9,Fp1,Fp2,Fz,O1,O2,Oz,P1,P2,P3,P4,P5,P6,P7,P8,PO3,PO4,PO7,PO8,POz,Pz,T7,T8,TP10,TP7,TP8,TP9,mean
BN,sd011,0.201171875,0.19921875,0.19921875,0.19921875,0.19921875,0.201171875,0.1953125,0.201171875,0.1953125,0.197265625,0.2734375,0.201171875,0.19921875,0.203125,0.197265625,0.201171875,0.279296875,0.197265625,0.19921875,0.19921875,0.19921875,0.19921875,0.19921875,0.201171875,0.1953125,0.263671875,0.287109375,0.201171875,0.19921875,0.201171875,0.197265625,0.212890625,0.197265625,0.197265625,0.228515625,0.19921875,0.19921875,,0.197265625,0.19921875,0.19921875,,0.197265625,0.283203125,0.19921875,0.279296875,0.19921875,0.197265625,0.197265625,0.27734375,,0.267578125,,0.197265625,0.197265625,0.19921875,0.201171875,0.197265625,0.19921875,0.265625,0.244140625,0.205078125,0.1953125,0.21484375,0.19921875
BN,sd012,0.240234375,0.240234375,0.240234375,0.236328125,0.240234375,0.23828125,0.244140625,0.236328125,0.240234375,0.23828125,0.21875,0.236328125,0.244140625,0.23828125,0.2421875,0.236328125,0.24609375,0.248046875,0.2421875,0.23828125,0.240234375,0.23828125,0.23828125,0.240234375,0.236328125,0.23828125,0.232421875,0.240234375,0.240234375,0.23828125,0.2421875,0.236328125,0.236328125,0.236328125,0.23828125,0.23828125,0.240234375,0.232421875,0.2421875,0.240234375,0.23828125,0.23828125,0.15625,0.15234375,0.23828125,0.240234375,0.240234375,0.244140625,0.240234375,0.15234375,0.23828125,0.1484375,0.236328125,0.24609375,0.240234375,0.244140625,0.240234375,0.2421875,0.234375,0.23828125,0.263671875,0.236328125,0.24609375,0.1953125,0.23828125
BN,sd013,0.232421875,0.2421875,0.234375,0.189453125,0.23828125,0.236328125,0.23828125,0.23828125,0.24609375,0.240234375,0.28125,0.193359375,0.283203125,0.13671875,0.244140625,0.19140625,0.279296875,0.236328125,0.23828125,0.234375,0.240234375,0.234375,0.24609375,0.234375,0.24609375,0.234375,,0.23828125,0.240234375,0.236328125,0.240234375,0.23828125,,0.236328125,,0.23046875,0.283203125,0.2265625,0.232421875,0.2421875,0.23828125,0.1875,0.28125,0.16015625,0.1875,0.283203125,0.1875,0.279296875,0.189453125,0.283203125,0.1875,0.28125,0.185546875,0.27734375,0.189453125,0.271484375,0.16015625,0.23828125,0.19140625,0.28125,0.263671875,0.19140625,0.267578125,0.1953125,0.23828125
BN,sd015,0.234375,0.232421875,0.19140625,,0.24609375,0.248046875,0.189453125,0.251953125,0.248046875,0.251953125,0.185546875,0.240234375,0.25,0.20703125,0.19140625,0.20703125,0.1875,0.26171875,0.248046875,0.240234375,,0.24609375,0.23046875,0.24609375,,0.248046875,,0.251953125,0.25,0.244140625,0.251953125,0.24609375,0.224609375,0.251953125,,0.248046875,,0.234375,0.251953125,0.251953125,0.2421875,0.2578125,0.115234375,0.2578125,0.2578125,0.26171875,0.2578125,0.259765625,0.2578125,0.265625,0.255859375,0.1171875,0.2578125,0.255859375,0.208984375,0.2578125,0.2578125,0.263671875,0.205078125,0.185546875,0.1171875,0.193359375,0.25390625,0.21484375,0.251953125
BN,sd016,0.234375,0.234375,0.2265625,0.232421875,0.232421875,0.232421875,0.232421875,0.234375,0.216796875,0.2421875,0.216796875,0.220703125,0.2109375,0.224609375,0.2109375,0.22265625,0.208984375,0.2109375,0.22265625,0.23828125,0.234375,0.232421875,0.234375,0.234375,0.234375,0.228515625,0.232421875,0.234375,0.234375,0.236328125,0.232421875,0.234375,0.234375,0.232421875,0.259765625,0.2265625,0.255859375,0.234375,0.232421875,0.232421875,0.234375,0.216796875,0.162109375,0.162109375,0.212890625,0.20703125,0.212890625,0.205078125,0.2109375,0.203125,0.197265625,0.271484375,0.208984375,0.203125,0.18359375,0.162109375,0.208984375,0.208984375,0.2265625,0.259765625,0.296875,0.21484375,0.275390625,0.220703125,0.232421875
BN,sd017,0.2265625,0.2265625,0.2265625,0.234375,0.2265625,0.224609375,0.23046875,0.22265625,0.2265625,0.21875,0.2421875,0.212890625,0.21875,0.185546875,0.212890625,0.248046875,0.25,0.21484375,0.21875,0.224609375,0.228515625,0.22265625,0.228515625,0.22265625,0.236328125,0.2265625,0.228515625,0.22265625,0.224609375,0.2265625,0.22265625,0.224609375,0.23046875,0.240234375,0.232421875,0.2265625,0.228515625,0.22265625,0.23046875,0.232421875,0.224609375,0.173828125,0.25,0.17578125,0.21484375,0.25,0.20703125,0.220703125,0.2109375,0.251953125,0.177734375,0.25,0.171875,0.21484375,0.177734375,0.216796875,0.208984375,0.212890625,0.248046875,0.2421875,0.150390625,0.228515625,0.220703125,0.263671875,0.2265625
BN,sd018,0.21875,0.21875,0.1953125,0.212890625,0.22265625,0.22265625,0.23046875,0.224609375,0.22265625,0.208984375,0.224609375,0.224609375,0.224609375,0.193359375,0.224609375,0.2265625,0.234375,0.228515625,0.22265625,0.220703125,0.224609375,0.216796875,0.21875,0.2265625,0.275390625,0.19921875,0.224609375,0.224609375,0.220703125,0.22265625,0.220703125,0.224609375,0.22265625,0.1953125,0.287109375,0.22265625,0.21875,0.203125,0.19140625,0.23046875,0.220703125,0.228515625,0.1015625,0.228515625,0.2265625,0.232421875,0.224609375,0.228515625,0.224609375,0.103515625,0.224609375,0.265625,0.22265625,0.2265625,0.224609375,0.23046875,0.2265625,0.2265625,0.1953125,0.267578125,0.26953125,0.228515625,0.2265625,0.2109375,0.224609375
BN,sd019,0.212890625,0.21484375,0.197265625,0.212890625,0.21484375,0.21484375,0.2109375,0.201171875,0.2109375,0.212890625,0.267578125,0.203125,0.20703125,0.1640625,0.208984375,0.1953125,0.19921875,0.201171875,0.212890625,0.216796875,0.21484375,0.21484375,0.21484375,0.208984375,0.19921875,0.201171875,0.20703125,0.216796875,0.21484375,0.21484375,0.2109375,0.201171875,0.2109375,0.212890625,0.203125,0.19921875,0.212890625,0.19921875,0.19921875,0.2109375,0.216796875,0.158203125,0.158203125,0.158203125,0.197265625,0.158203125,0.158203125,0.203125,0.19921875,0.158203125,0.16015625,0.158203125,0.15625,0.158203125,0.16015625,0.158203125,0.158203125,0.201171875,0.201171875,0.205078125,0.234375,0.1953125,0.205078125,0.130859375,0.2109375
BN,sd020,0.248046875,0.24609375,0.248046875,0.248046875,0.24609375,0.224609375,0.275390625,0.248046875,0.248046875,0.248046875,0.19140625,0.283203125,0.248046875,0.24609375,0.248046875,0.24609375,0.25,0.28125,0.24609375,0.24609375,0.24609375,0.248046875,0.244140625,0.248046875,0.2734375,0.248046875,0.251953125,0.24609375,0.24609375,0.248046875,0.244140625,0.248046875,0.248046875,0.244140625,0.2734375,0.24609375,0.248046875,0.24609375,0.25,0.248046875,0.24609375,0.283203125,0.279296875,0.283203125,0.248046875,0.27734375,0.279296875,0.279296875,0.279296875,0.189453125,0.244140625,0.189453125,0.15625,0.28125,0.244140625,0.279296875,0.28125,0.28125,0.24609375,0.271484375,0.138671875,0.248046875,0.248046875,0.24609375,0.248046875
BN,sd025,0.220703125,0.21875,0.21875,0.216796875,0.220703125,0.21875,0.216796875,0.216796875,0.216796875,0.216796875,0.119140625,0.216796875,0.21484375,0.216796875,0.21484375,0.21484375,0.216796875,0.21484375,0.216796875,0.220703125,0.220703125,0.220703125,0.21875,0.220703125,0.21875,0.220703125,0.216796875,0.21875,0.21875,0.21875,0.216796875,0.21875,0.216796875,0.216796875,0.21875,0.212890625,0.216796875,0.21875,0.220703125,0.21875,0.220703125,0.208984375,0.162109375,0.2109375,0.21484375,0.2109375,0.212890625,0.21484375,0.212890625,0.16015625,0.205078125,0.1796875,0.20703125,0.212890625,0.212890625,0.212890625,0.2109375,0.21484375,0.220703125,0.24609375,0.2578125,0.216796875,0.21484375,0.205078125,0.21875
BN,sd026,0.220703125,0.220703125,0.212890625,0.216796875,0.220703125,0.22265625,0.212890625,0.228515625,0.21484375,0.2265625,0.220703125,0.228515625,0.228515625,0.197265625,0.23046875,0.23046875,0.201171875,0.232421875,0.22265625,0.220703125,0.220703125,0.220703125,0.21875,0.21484375,0.208984375,0.2109375,0.2109375,0.22265625,0.220703125,0.220703125,0.22265625,0.2109375,0.212890625,0.21484375,0.171875,0.20703125,0.21875,0.14453125,0.216796875,0.201171875,0.220703125,0.228515625,0.234375,0.236328125,0.23046875,0.234375,0.23046875,0.234375,0.23046875,0.236328125,0.23046875,0.275390625,0.232421875,0.232421875,0.23046875,0.234375,0.232421875,0.234375,0.201171875,0.2109375,0.279296875,0.236328125,0.228515625,0.12890625,0.220703125
BN,sd027,0.21875,0.21484375,0.24609375,0.21484375,0.21484375,0.212890625,0.2578125,0.21484375,0.2109375,0.212890625,0.2734375,0.20703125,0.208984375,0.216796875,0.2109375,0.212890625,0.185546875,0.185546875,0.212890625,0.21484375,0.212890625,0.21875,0.212890625,0.216796875,0.255859375,0.23828125,0.216796875,0.21484375,0.2109375,0.21484375,0.212890625,0.21875,0.212890625,0.181640625,0.111328125,0.21875,0.212890625,0.21484375,0.244140625,0.177734375,0.21484375,0.203125,0.181640625,0.1953125,0.212890625,0.185546875,0.2109375,0.1875,0.189453125,0.18359375,0.21484375,0.181640625,0.19921875,0.18359375,0.21484375,0.185546875,0.185546875,0.1875,0.2265625,0.2109375,0.255859375,0.216796875,0.1875,0.21875,0.212890625
BN,sd028,0.29296875,0.291015625,,0.240234375,0.29296875,0.294921875,0.287109375,0.29296875,0.263671875,0.29296875,0.296875,0.29296875,0.291015625,0.294921875,0.294921875,0.29296875,0.240234375,0.294921875,0.294921875,0.294921875,0.29296875,0.294921875,0.291015625,0.294921875,0.294921875,,0.1015625,0.29296875,0.2890625,0.263671875,0.2578125,0.291015625,0.28515625,0.10546875,0.298828125,0.267578125,0.26171875,,0.283203125,0.26953125,0.259765625,0.25,0.2578125,0.251953125,0.29296875,0.26171875,0.291015625,0.232421875,,0.2578125,0.251953125,0.2578125,0.248046875,,0.2578125,,,0.294921875,0.29296875,0.259765625,0.298828125,0.2578125,0.263671875,0.173828125,0.29296875
BN,sd029,0.2265625,0.2265625,0.220703125,0.2265625,0.2265625,0.2265625,0.2265625,0.228515625,0.228515625,0.228515625,0.25,0.228515625,0.228515625,0.197265625,0.2265625,0.228515625,0.2265625,0.23046875,0.228515625,0.2265625,0.2265625,0.2265625,0.2265625,0.2265625,0.224609375,0.224609375,0.2265625,0.2265625,0.240234375,0.2265625,0.2265625,0.224609375,0.228515625,0.2265625,0.224609375,0.22265625,0.2265625,0.220703125,0.2265625,0.228515625,0.2265625,0.197265625,0.12109375,0.123046875,0.228515625,0.228515625,0.23046875,0.228515625,0.23046875,0.12109375,0.197265625,0.11328125,0.197265625,0.234375,0.201171875,0.119140625,0.232421875,0.228515625,0.21875,0.220703125,0.2421875,0.228515625,0.2265625,0.189453125,0.2265625
BN,sd030,0.23046875,0.23046875,0.23046875,0.23046875,0.23046875,0.23046875,0.22265625,0.2265625,0.2265625,0.228515625,0.193359375,0.2265625,0.228515625,0.2265625,0.228515625,0.224609375,0.197265625,0.228515625,0.228515625,0.228515625,0.23046875,0.228515625,0.23046875,0.228515625,0.201171875,0.228515625,0.28125,0.228515625,0.23046875,0.228515625,0.228515625,0.2265625,0.228515625,0.228515625,0.275390625,0.228515625,0.228515625,0.23046875,0.23046875,0.228515625,0.23046875,0.240234375,0.173828125,0.171875,0.2265625,0.1953125,0.2265625,0.228515625,0.2265625,0.154296875,0.2109375,0.19140625,0.173828125,0.23046875,0.2265625,0.23046875,0.228515625,0.228515625,0.228515625,0.193359375,0.26953125,0.224609375,0.2265625,0.224609375,0.228515625
BN,sd031,0.234375,0.23046875,0.236328125,0.236328125,0.234375,0.224609375,0.228515625,0.232421875,0.2265625,0.23046875,0.232421875,0.23046875,0.2265625,0.23828125,0.228515625,0.232421875,0.228515625,0.228515625,0.2265625,0.232421875,0.234375,0.234375,0.232421875,0.234375,0.236328125,0.234375,0.234375,0.232421875,0.224609375,0.232421875,0.2265625,0.234375,0.23046875,0.23046875,0.22265625,0.232421875,0.228515625,0.228515625,0.236328125,0.232421875,0.23046875,0.16796875,,0.166015625,0.232421875,0.23046875,0.232421875,0.228515625,0.232421875,0.177734375,0.236328125,0.255859375,0.16796875,,0.236328125,0.158203125,,0.228515625,0.220703125,0.232421875,0.115234375,0.232421875,0.2265625,0.19921875,0.23046875
BN,sd032,0.2109375,0.19921875,0.193359375,0.21484375,0.212890625,0.2109375,0.2109375,0.2109375,0.212890625,0.2109375,0.2265625,0.2109375,0.208984375,0.1953125,0.2109375,0.203125,0.2109375,0.2109375,0.2109375,0.212890625,0.2109375,0.212890625,0.212890625,0.2109375,0.21484375,0.2109375,0.212890625,0.212890625,0.2109375,0.212890625,0.2109375,0.2109375,0.2109375,0.212890625,0.208984375,0.203125,0.2109375,0.177734375,0.197265625,0.208984375,0.212890625,0.208984375,0.2109375,0.208984375,0.208984375,0.212890625,0.20703125,0.208984375,0.208984375,0.20703125,0.201171875,0.208984375,0.20703125,0.208984375,0.20703125,0.2109375,0.208984375,0.208984375,0.19140625,0.220703125,0.251953125,0.20703125,0.2109375,0.19140625,0.2109375
BN,sd033,0.2109375,0.2109375,0.212890625,0.212890625,0.2109375,0.212890625,0.212890625,0.212890625,0.212890625,0.212890625,0.212890625,0.212890625,0.212890625,0.21484375,0.21484375,0.2109375,0.216796875,0.212890625,0.212890625,0.2109375,0.212890625,0.212890625,0.2109375,0.2109375,0.2109375,0.208984375,0.2109375,0.212890625,0.2109375,0.212890625,0.2109375,0.2109375,0.2109375,0.212890625,0.203125,0.208984375,0.208984375,0.205078125,0.212890625,0.212890625,0.2109375,0.216796875,0.220703125,0.21875,0.21484375,0.21484375,0.21484375,0.216796875,0.21484375,0.21875,0.208984375,0.2265625,0.216796875,0.216796875,0.21484375,0.22265625,0.216796875,0.21484375,0.20703125,0.21484375,0.2421875,0.26953125,0.236328125,0.17578125,0.212890625
BN,sd034,0.216796875,0.21875,0.216796875,0.20703125,0.21875,0.22265625,0.224609375,0.216796875,0.220703125,0.2109375,0.208984375,0.21875,0.224609375,0.21484375,0.2265625,0.205078125,0.228515625,0.21875,0.224609375,0.21875,0.220703125,0.21875,0.220703125,0.216796875,0.220703125,0.21484375,0.2109375,0.220703125,0.22265625,0.21875,0.220703125,0.21484375,0.21484375,0.224609375,0.259765625,0.21484375,0.203125,0.21875,0.216796875,0.20703125,0.220703125,0.162109375,0.16015625,0.16015625,0.216796875,0.22265625,0.21484375,0.228515625,0.2109375,0.236328125,0.16015625,0.24609375,0.212890625,0.23046875,0.16015625,0.23828125,0.21484375,0.216796875,0.232421875,0.255859375,0.265625,0.16015625,0.259765625,0.162109375,0.21875
BN,sd035,0.216796875,0.21875,0.21875,0.193359375,0.21875,0.201171875,0.201171875,0.1953125,0.201171875,0.19140625,0.224609375,0.1953125,0.197265625,0.19140625,0.19921875,0.189453125,0.1953125,0.197265625,0.201171875,0.21484375,0.212890625,0.212890625,0.212890625,0.208984375,0.20703125,0.2109375,0.2109375,0.2109375,0.208984375,0.205078125,0.20703125,0.203125,0.20703125,0.2109375,0.232421875,0.201171875,0.23046875,0.205078125,0.22265625,0.193359375,0.21484375,0.1796875,0.171875,0.177734375,0.19140625,0.19140625,0.189453125,0.1796875,0.1875,0.16796875,0.185546875,0.166015625,0.185546875,0.17578125,0.1875,0.169921875,0.1796875,0.189453125,0.193359375,0.234375,0.236328125,0.1875,0.2421875,0.1875,0.205078125
BN,sd036,0.21484375,0.21484375,0.212890625,0.21484375,0.21484375,0.220703125,0.220703125,0.21875,0.22265625,0.21875,0.21875,0.220703125,0.22265625,0.22265625,0.224609375,0.220703125,0.220703125,0.22265625,0.21875,0.216796875,0.216796875,0.21484375,0.216796875,0.212890625,0.21484375,0.2109375,0.212890625,0.216796875,0.216796875,0.21484375,0.216796875,0.212890625,0.21484375,0.216796875,0.20703125,0.203125,0.2109375,0.212890625,0.21484375,0.216796875,0.216796875,0.16015625,0.287109375,0.158203125,0.22265625,0.22265625,0.224609375,0.24609375,0.15625,0.287109375,0.15625,0.287109375,0.15625,0.287109375,0.158203125,0.2890625,0.287109375,0.22265625,0.205078125,0.2109375,0.2890625,0.2109375,0.189453125,0.12890625,0.216796875
BN,sd037,0.205078125,0.208984375,0.20703125,0.197265625,0.20703125,0.21484375,0.216796875,0.216796875,0.21875,0.2109375,0.21875,0.21875,0.21875,0.216796875,0.220703125,0.216796875,0.22265625,0.21875,0.216796875,0.20703125,0.212890625,0.20703125,0.208984375,0.203125,0.20703125,0.20703125,0.20703125,0.21484375,0.212890625,0.2109375,0.208984375,0.205078125,0.20703125,0.212890625,0.2109375,0.205078125,0.20703125,0.20703125,0.20703125,0.205078125,0.208984375,0.17578125,0.173828125,0.173828125,0.220703125,0.220703125,0.21875,0.22265625,0.220703125,0.224609375,0.224609375,0.29296875,0.22265625,0.22265625,0.224609375,0.29296875,0.17578125,0.220703125,0.19921875,0.197265625,0.275390625,0.19140625,0.236328125,0.201171875,0.212890625
BN,sd038,0.21484375,0.216796875,0.212890625,0.21484375,0.21484375,0.216796875,0.21484375,0.216796875,0.212890625,0.216796875,0.20703125,0.21875,0.21875,0.21875,0.2109375,0.216796875,0.203125,0.216796875,0.216796875,0.212890625,0.21484375,0.21484375,0.216796875,0.212890625,0.216796875,0.212890625,0.212890625,0.21484375,0.21484375,0.21484375,0.21484375,0.216796875,0.212890625,0.21484375,0.212890625,0.212890625,0.2109375,0.212890625,0.212890625,0.21484375,0.21484375,0.23828125,0.234375,0.236328125,0.220703125,0.208984375,0.224609375,0.208984375,0.208984375,0.201171875,0.115234375,0.275390625,0.23828125,0.232421875,0.240234375,0.193359375,0.232421875,0.216796875,0.21484375,0.201171875,0.27734375,0.162109375,0.279296875,0.154296875,0.21484375
BN,sd039,0.22265625,0.22265625,0.228515625,0.228515625,0.220703125,0.2265625,0.2265625,0.224609375,0.228515625,0.22265625,0.228515625,0.2265625,0.2265625,0.224609375,0.228515625,0.1953125,0.228515625,0.2265625,0.2265625,0.224609375,0.224609375,0.22265625,0.22265625,0.22265625,0.22265625,0.224609375,0.22265625,0.2265625,0.2265625,0.224609375,0.2265625,0.22265625,0.22265625,0.2265625,0.2265625,0.20703125,0.22265625,0.205078125,0.2265625,0.228515625,0.22265625,0.2265625,0.228515625,0.228515625,0.224609375,0.228515625,0.224609375,0.228515625,0.185546875,0.228515625,0.185546875,0.228515625,0.224609375,0.228515625,0.181640625,0.228515625,0.2265625,0.2265625,0.201171875,0.216796875,0.291015625,0.19140625,0.29296875,0.193359375,0.224609375
BN,sd040,0.197265625,0.19921875,0.197265625,0.197265625,0.197265625,0.201171875,0.21875,0.19921875,0.203125,0.197265625,0.201171875,0.203125,0.220703125,0.19921875,0.224609375,0.197265625,0.203125,0.22265625,0.21875,0.201171875,0.201171875,0.19921875,0.201171875,0.197265625,0.201171875,0.19921875,0.197265625,0.201171875,0.203125,0.19921875,0.201171875,0.19921875,0.201171875,0.203125,0.203125,0.19921875,0.19921875,0.203125,0.197265625,0.1953125,0.201171875,0.123046875,0.1640625,0.1640625,0.220703125,0.224609375,0.19921875,0.228515625,0.115234375,0.232421875,0.123046875,0.267578125,0.107421875,0.232421875,0.12109375,0.236328125,0.228515625,0.224609375,0.1953125,0.19921875,0.16015625,0.1953125,0.267578125,0.2890625,0.19921875
BN,sd041,0.224609375,0.224609375,0.22265625,0.22265625,0.224609375,0.224609375,0.224609375,0.224609375,0.224609375,0.220703125,0.224609375,0.22265625,0.224609375,0.22265625,0.224609375,0.216796875,0.25390625,0.224609375,0.224609375,0.2265625,0.224609375,0.224609375,0.2265625,0.2265625,0.224609375,0.2265625,0.22265625,0.224609375,0.224609375,0.224609375,0.224609375,0.224609375,0.224609375,0.224609375,0.22265625,0.224609375,0.22265625,0.224609375,0.224609375,0.224609375,0.224609375,0.16796875,0.28125,0.28515625,0.251953125,0.25,0.251953125,0.251953125,0.181640625,0.255859375,0.1796875,0.279296875,0.166015625,0.283203125,0.16796875,0.28515625,0.162109375,0.251953125,0.216796875,0.22265625,0.142578125,0.189453125,0.18359375,0.21484375,0.224609375
BN,sd042,0.216796875,0.216796875,0.216796875,0.216796875,0.216796875,0.212890625,0.2109375,0.21484375,0.212890625,0.21875,0.216796875,0.212890625,0.208984375,0.216796875,0.2109375,0.21875,0.21484375,0.208984375,0.2109375,0.21484375,0.21484375,0.216796875,0.216796875,0.216796875,0.216796875,0.216796875,0.21875,0.21484375,0.212890625,0.216796875,0.21484375,0.21875,0.212890625,0.212890625,0.216796875,0.22265625,0.21875,0.216796875,0.216796875,0.216796875,0.216796875,0.20703125,0.212890625,0.2109375,0.2109375,0.2109375,0.2109375,0.2109375,0.2109375,0.212890625,0.177734375,0.216796875,0.208984375,0.208984375,0.1796875,0.212890625,0.208984375,0.208984375,0.224609375,0.216796875,0.208984375,0.1640625,0.21875,,0.21484375
BN,sd044,0.23046875,0.232421875,0.234375,0.234375,0.224609375,0.228515625,0.23046875,0.228515625,0.232421875,0.23046875,0.234375,0.232421875,0.232421875,0.228515625,0.236328125,0.236328125,0.23828125,0.2265625,0.23046875,0.2265625,0.228515625,0.228515625,0.232421875,0.23046875,0.234375,0.234375,0.234375,0.2265625,0.228515625,0.2265625,0.232421875,0.23046875,0.232421875,0.228515625,0.212890625,0.212890625,0.236328125,0.20703125,0.234375,0.23046875,0.228515625,0.23828125,0.240234375,0.236328125,0.232421875,0.234375,0.234375,0.236328125,0.171875,0.23828125,0.173828125,0.27734375,0.23828125,0.236328125,0.283203125,0.2734375,0.236328125,0.234375,0.236328125,0.24609375,0.154296875,0.177734375,0.248046875,0.205078125,0.23046875
BN,sd045,0.21484375,0.216796875,0.224609375,0.2265625,0.216796875,0.220703125,0.220703125,0.220703125,0.220703125,0.21875,0.21484375,0.220703125,0.220703125,0.220703125,0.220703125,0.220703125,0.216796875,0.220703125,0.220703125,0.21875,0.21875,0.21484375,0.216796875,0.21875,0.216796875,0.220703125,0.220703125,0.220703125,0.220703125,0.21875,0.21875,0.216796875,0.212890625,0.224609375,0.208984375,0.21484375,0.208984375,0.216796875,0.2265625,0.2265625,0.220703125,0.228515625,0.23046875,0.232421875,0.22265625,0.22265625,0.224609375,0.2265625,0.22265625,0.2421875,0.189453125,0.267578125,0.224609375,0.23046875,0.224609375,0.2421875,0.228515625,0.22265625,0.193359375,0.23046875,0.279296875,0.189453125,0.248046875,0.22265625,0.220703125
BN,sd046,0.234375,0.234375,0.228515625,0.23046875,0.232421875,0.23046875,0.23046875,0.232421875,0.23046875,0.236328125,0.228515625,0.23046875,0.23046875,0.232421875,0.228515625,0.234375,0.228515625,0.23046875,0.23046875,0.232421875,0.232421875,0.234375,0.232421875,0.236328125,0.236328125,0.228515625,0.224609375,0.232421875,0.23046875,0.232421875,0.23046875,0.23046875,0.23046875,0.232421875,,0.208984375,0.22265625,,0.23046875,0.2265625,0.23046875,0.166015625,0.232421875,0.232421875,0.232421875,0.23046875,0.232421875,0.228515625,,0.23046875,0.173828125,0.166015625,0.234375,0.232421875,0.169921875,0.24609375,0.232421875,0.232421875,,0.1875,,,0.158203125,,0.23046875
BN,sd047,,0.146484375,0.21875,,,0.228515625,0.2265625,0.2265625,0.22265625,0.22265625,0.220703125,0.228515625,0.2265625,0.224609375,0.220703125,0.22265625,0.22265625,0.2265625,0.23046875,,,,,,0.14453125,0.15234375,0.21875,0.23046875,0.228515625,0.21875,0.220703125,0.22265625,0.21875,0.232421875,0.271484375,0.216796875,0.251953125,0.189453125,,,,0.22265625,0.220703125,0.220703125,0.228515625,0.224609375,0.224609375,0.22265625,0.22265625,0.22265625,0.22265625,0.22265625,0.21875,0.220703125,0.22265625,0.216796875,0.22265625,0.2265625,0.21875,0.21484375,0.248046875,0.220703125,0.23046875,0.203125,0.22265625
BN,sd048,,0.265625,0.25,,0.263671875,0.240234375,,0.2421875,0.125,0.2421875,0.26953125,0.23828125,,0.23828125,0.123046875,0.232421875,0.26953125,0.267578125,0.265625,0.240234375,0.240234375,0.259765625,0.240234375,0.236328125,,0.271484375,0.244140625,0.240234375,,0.2421875,,0.2421875,0.267578125,0.23828125,0.271484375,0.240234375,0.271484375,0.17578125,0.25,0.248046875,0.240234375,0.171875,0.173828125,0.171875,0.1640625,0.166015625,0.1640625,0.2734375,0.166015625,0.2734375,0.169921875,0.173828125,0.166015625,0.169921875,0.171875,0.171875,0.16796875,0.166015625,0.232421875,0.271484375,0.173828125,0.169921875,0.17578125,0.216796875,0.265625
BN,sd049,0.21484375,0.22265625,0.20703125,0.208984375,0.21875,0.21484375,0.21484375,0.21484375,0.21484375,0.21484375,0.212890625,0.2109375,0.212890625,0.212890625,0.208984375,0.2109375,0.20703125,0.2109375,0.216796875,0.216796875,0.220703125,0.208984375,0.224609375,0.21484375,0.23046875,0.21484375,0.205078125,0.21484375,0.216796875,0.21484375,0.21875,0.21484375,0.228515625,0.220703125,0.259765625,0.21875,0.23046875,0.220703125,0.193359375,0.208984375,0.216796875,0.212890625,0.19140625,0.162109375,0.20703125,0.20703125,0.208984375,0.20703125,0.2109375,0.197265625,0.19140625,0.1875,0.212890625,0.201171875,0.212890625,0.1875,0.20703125,0.20703125,0.189453125,0.212890625,0.19140625,0.185546875,0.185546875,0.220703125,0.21484375
BN,sd050,0.21875,0.220703125,0.220703125,,0.22265625,0.22265625,0.21875,0.22265625,0.21875,0.220703125,0.220703125,0.220703125,0.216796875,0.22265625,0.21875,0.216796875,0.220703125,0.216796875,0.220703125,0.220703125,0.22265625,0.220703125,0.220703125,0.220703125,0.220703125,0.22265625,,0.220703125,0.220703125,0.21875,0.220703125,0.220703125,0.21875,0.224609375,0.298828125,,,,0.220703125,0.216796875,0.220703125,0.18359375,0.169921875,0.244140625,0.220703125,0.220703125,0.15625,0.21875,0.15625,0.22265625,0.15234375,0.212890625,0.15234375,0.150390625,0.158203125,0.16796875,0.15625,0.220703125,,0.275390625,0.171875,0.265625,0.271484375,0.22265625,0.220703125
BN,sd051,0.240234375,0.240234375,0.140625,0.255859375,0.236328125,0.23828125,0.244140625,0.236328125,0.2421875,0.23828125,0.2734375,0.23828125,0.240234375,0.23828125,0.236328125,0.23828125,0.26953125,0.23828125,0.23828125,0.240234375,0.240234375,0.240234375,0.240234375,0.2421875,0.240234375,0.240234375,0.28515625,0.240234375,0.240234375,0.240234375,0.2421875,0.2421875,0.265625,0.240234375,0.283203125,0.23046875,0.28125,0.109375,0.142578125,,0.240234375,0.263671875,0.236328125,0.263671875,0.236328125,0.240234375,0.240234375,0.236328125,0.240234375,0.23046875,0.26171875,0.109375,0.23828125,0.2578125,0.23828125,0.23046875,0.23828125,0.240234375,0.263671875,0.28125,0.283203125,0.234375,0.19921875,0.25390625,0.240234375
BN,sd052,0.244140625,0.244140625,0.244140625,0.244140625,0.244140625,0.2421875,0.2421875,0.2421875,0.244140625,0.244140625,0.244140625,0.2421875,0.2421875,0.2421875,0.2421875,0.2421875,0.240234375,0.2421875,0.2421875,0.244140625,0.244140625,0.24609375,0.24609375,0.24609375,0.244140625,0.244140625,0.244140625,0.244140625,0.244140625,0.244140625,0.244140625,0.244140625,0.24609375,0.2421875,0.140625,0.24609375,0.2421875,0.150390625,0.244140625,0.244140625,0.244140625,0.26953125,0.240234375,0.26953125,0.2421875,0.2421875,0.240234375,0.240234375,0.244140625,0.240234375,0.27734375,0.2421875,0.240234375,0.240234375,0.26953125,0.240234375,0.2421875,0.2421875,0.244140625,0.2421875,0.173828125,0.248046875,0.1796875,0.2265625,0.244140625
BN,sd053,,,0.26171875,0.23046875,,0.232421875,0.236328125,,0.234375,0.259765625,0.236328125,0.23046875,0.234375,0.24609375,0.232421875,0.23046875,0.24609375,0.234375,0.236328125,,,,0.23828125,0.26171875,0.244140625,0.2734375,,,,,0.234375,0.263671875,,0.236328125,0.244140625,0.263671875,,0.29296875,0.224609375,0.23828125,,0.228515625,0.234375,0.126953125,0.232421875,0.234375,0.23046875,0.234375,0.228515625,0.12890625,0.197265625,0.259765625,0.232421875,0.23046875,0.10546875,0.130859375,0.134765625,0.23046875,,0.25,0.240234375,0.265625,0.28125,0.203125,
BN,sd054,,0.169921875,0.263671875,,,,0.173828125,,0.173828125,0.16015625,0.173828125,,0.173828125,0.1796875,,0.21875,0.177734375,0.177734375,,0.16796875,,,,,,0.251953125,0.240234375,,,0.171875,,0.16796875,0.126953125,,0.1875,0.1640625,0.16796875,0.2578125,0.2734375,,,0.17578125,0.203125,0.19921875,0.21484375,,0.18359375,0.1796875,0.11328125,0.177734375,0.25,0.208984375,0.173828125,0.20703125,0.1328125,0.1953125,0.18359375,0.1796875,0.185546875,0.298828125,0.283203125,0.125,0.111328125,0.25390625,0.169921875
BN,sd055,,,,,0.2578125,0.255859375,0.25390625,0.259765625,,,,0.25390625,,,,0.283203125,0.2578125,0.255859375,0.255859375,0.251953125,0.255859375,0.24609375,,,,0.26171875,,,,0.255859375,,0.26171875,,0.255859375,,0.263671875,,,,,0.255859375,,,,,,,,0.248046875,,,,,,,,,,,,,,,,0.255859375
BN,sd056,0.224609375,0.224609375,0.228515625,,0.224609375,,0.22265625,0.228515625,0.232421875,0.2578125,0.2578125,,0.12109375,,0.255859375,0.26171875,0.1484375,0.12109375,0.220703125,0.22265625,0.224609375,0.224609375,0.2265625,0.2421875,0.228515625,0.236328125,0.22265625,0.22265625,0.2265625,0.224609375,0.228515625,0.23828125,0.228515625,0.22265625,0.275390625,0.240234375,0.283203125,0.251953125,0.22265625,0.220703125,0.224609375,,,,,,0.259765625,,,0.150390625,0.19921875,0.14453125,,,,0.14453125,,0.125,0.2578125,0.2734375,0.15234375,0.265625,0.150390625,0.201171875,0.2265625
BN,sd057,0.275390625,0.275390625,0.279296875,0.27734375,0.271484375,0.244140625,,,,0.27734375,,,0.24609375,,,,0.27734375,0.244140625,0.2421875,,,0.275390625,,0.27734375,0.2734375,0.275390625,0.27734375,,,,,0.27734375,,,0.279296875,0.275390625,0.275390625,0.27734375,0.28125,0.279296875,,0.1796875,0.177734375,0.177734375,,0.248046875,0.185546875,0.24609375,0.1875,,0.185546875,0.19921875,0.1796875,0.17578125,0.185546875,0.18359375,0.17578125,0.24609375,0.28125,0.27734375,0.220703125,0.185546875,0.20703125,0.17578125,
BN,sd059,0.234375,0.232421875,0.23046875,0.23046875,0.234375,0.232421875,0.232421875,0.234375,0.232421875,0.232421875,0.2734375,0.234375,0.232421875,0.23046875,0.234375,0.224609375,0.2734375,0.234375,0.234375,0.234375,0.232421875,0.234375,0.234375,0.23828125,0.232421875,0.228515625,0.228515625,0.234375,0.232421875,0.234375,0.23046875,0.23828125,0.23046875,0.232421875,,0.2265625,0.2734375,0.2265625,0.234375,0.232421875,0.232421875,0.138671875,0.115234375,0.138671875,0.232421875,0.232421875,0.234375,0.1328125,0.140625,0.1171875,0.189453125,0.1171875,0.138671875,0.1328125,0.138671875,0.11328125,0.13671875,0.23046875,0.134765625,0.2734375,0.26953125,0.216796875,0.28125,0.20703125,0.232421875
BN,sd060,0.240234375,0.240234375,0.232421875,0.263671875,0.2421875,,,,,0.138671875,0.23828125,,0.236328125,0.234375,,0.23046875,0.2421875,,,0.234375,,0.2421875,0.23828125,0.236328125,0.23828125,0.2265625,0.244140625,,,0.298828125,0.236328125,0.232421875,0.2421875,,0.255859375,0.224609375,0.25,0.22265625,0.2421875,0.23828125,,0.212890625,,,0.2578125,0.26171875,0.228515625,0.244140625,0.220703125,,0.10546875,,0.2109375,,0.2109375,0.24609375,,,0.1015625,0.23828125,0.251953125,0.134765625,0.255859375,0.126953125,
BN,sd065,0.25390625,0.251953125,0.25390625,0.25390625,0.25390625,0.25390625,0.25390625,0.2578125,0.251953125,0.251953125,0.25390625,0.2578125,0.25390625,0.26171875,0.21875,0.259765625,0.25390625,0.251953125,0.251953125,0.251953125,0.25390625,0.25390625,0.25390625,0.25390625,0.25390625,0.255859375,0.251953125,0.25390625,0.25390625,0.25390625,0.25390625,0.25390625,0.25390625,0.251953125,0.25390625,0.2421875,0.255859375,0.2421875,0.25390625,0.25390625,0.25390625,,,,,,,,,,0.173828125,0.216796875,,,,,,,0.24609375,0.25390625,0.25390625,0.17578125,0.25390625,0.275390625,0.25390625
SN,sd011,0.216796875,0.220703125,0.224609375,0.22265625,0.216796875,0.220703125,0.212890625,0.21875,0.216796875,0.21875,0.28515625,0.21875,0.21875,0.220703125,0.21875,0.21875,0.20703125,0.22265625,0.220703125,0.21875,0.22265625,0.21875,0.21875,0.220703125,0.21875,0.2109375,0.21875,0.21875,0.220703125,0.21875,0.21875,0.216796875,0.216796875,0.21875,0.220703125,0.21484375,0.21875,0.212890625,0.2265625,0.154296875,0.216796875,0.287109375,0.279296875,0.279296875,0.220703125,0.28125,0.21875,0.216796875,0.21875,0.283203125,0.203125,0.27734375,0.16015625,0.22265625,0.21484375,0.287109375,0.220703125,0.22265625,0.21875,0.216796875,0.138671875,0.216796875,0.21484375,0.193359375,0.21875
SN,sd012,0.26953125,0.267578125,0.279296875,0.267578125,0.27734375,0.267578125,0.291015625,0.267578125,0.263671875,0.267578125,0.296875,0.265625,0.26953125,0.263671875,0.265625,0.259765625,0.291015625,0.2890625,0.267578125,0.265625,0.267578125,0.2734375,0.267578125,0.26953125,0.263671875,0.271484375,0.265625,0.267578125,0.271484375,0.271484375,0.26953125,0.26953125,0.265625,0.275390625,0.271484375,0.267578125,0.26953125,0.271484375,0.271484375,0.267578125,0.267578125,0.24609375,,0.28125,0.265625,0.296875,0.259765625,0.29296875,0.265625,0.29296875,0.248046875,0.298828125,0.244140625,0.265625,0.25,0.25390625,0.25,0.265625,0.259765625,0.294921875,0.314453125,0.265625,0.2890625,0.248046875,0.267578125
SN,sd013,0.2265625,0.224609375,0.224609375,0.23046875,0.224609375,0.224609375,0.22265625,0.2265625,0.240234375,0.1171875,0.2421875,0.228515625,0.244140625,0.228515625,0.244140625,0.123046875,0.248046875,0.220703125,0.22265625,0.2265625,0.22265625,0.2265625,0.21875,0.2265625,0.224609375,0.2265625,0.2265625,0.22265625,0.224609375,0.224609375,0.2265625,0.224609375,0.220703125,0.22265625,,0.224609375,0.228515625,0.22265625,0.224609375,0.224609375,0.220703125,0.162109375,0.248046875,0.251953125,0.220703125,0.248046875,0.115234375,0.248046875,0.12109375,0.16796875,0.193359375,0.27734375,0.123046875,0.232421875,0.166015625,0.16796875,0.12109375,0.2421875,0.19140625,0.2265625,0.28515625,0.21484375,0.283203125,0.1953125,0.224609375
SN,sd015,0.240234375,,0.296875,,,,,0.24609375,0.208984375,0.25,0.181640625,0.255859375,0.20703125,0.3046875,0.25,0.2109375,,0.306640625,,,,0.203125,0.2265625,,0.2109375,0.203125,0.220703125,,0.13671875,0.244140625,0.224609375,0.205078125,0.21484375,0.306640625,,0.205078125,0.21875,0.251953125,0.216796875,0.302734375,,0.296875,0.205078125,0.26171875,0.2578125,0.212890625,0.25390625,0.2109375,0.20703125,0.2109375,0.259765625,,0.259765625,0.259765625,0.30078125,0.212890625,0.2578125,0.208984375,0.20703125,0.154296875,0.13671875,0.205078125,0.21484375,0.244140625,0.208984375
SN,sd016,0.2734375,0.26953125,0.24609375,0.271484375,0.26953125,0.259765625,0.26171875,0.255859375,0.263671875,0.259765625,0.263671875,0.251953125,0.2265625,0.25,0.2265625,0.248046875,0.2265625,0.255859375,0.263671875,0.2734375,0.26953125,0.26953125,0.271484375,0.26953125,0.271484375,0.26171875,0.271484375,0.263671875,0.265625,0.265625,0.267578125,0.26953125,0.271484375,0.265625,0.271484375,0.267578125,0.271484375,0.271484375,0.263671875,0.271484375,0.271484375,0.205078125,0.220703125,0.29296875,0.23828125,0.2265625,0.24609375,0.2265625,0.24609375,0.2265625,0.208984375,0.236328125,0.2421875,0.224609375,0.20703125,0.220703125,0.25,0.25,0.263671875,0.244140625,0.224609375,0.244140625,0.240234375,0.2890625,0.265625
SN,sd017,0.228515625,0.228515625,0.2265625,0.2265625,0.228515625,0.228515625,0.228515625,0.224609375,0.2265625,0.2265625,0.16015625,0.2265625,0.228515625,0.2734375,0.2265625,0.22265625,0.255859375,0.22265625,0.2265625,0.228515625,0.228515625,0.228515625,0.228515625,0.228515625,0.228515625,0.224609375,0.228515625,0.228515625,0.228515625,0.2265625,0.228515625,0.22265625,0.2265625,0.228515625,0.23046875,0.23046875,0.2265625,0.21875,0.228515625,0.2265625,0.23046875,0.21875,0.275390625,0.220703125,0.224609375,0.265625,0.2265625,0.2265625,0.2265625,0.16015625,0.2734375,0.16015625,0.2734375,0.22265625,0.220703125,0.224609375,0.224609375,0.2265625,0.2265625,0.263671875,0.302734375,0.22265625,0.224609375,0.203125,0.2265625
SN,sd018,0.220703125,0.216796875,0.19921875,0.216796875,0.216796875,0.216796875,0.201171875,0.21875,0.21484375,0.20703125,0.201171875,0.22265625,0.22265625,0.197265625,0.22265625,0.22265625,0.19921875,0.2265625,0.21875,0.21484375,0.212890625,0.216796875,0.216796875,0.21484375,0.19921875,0.21875,0.203125,0.21875,0.216796875,0.216796875,0.21875,0.216796875,0.203125,0.30859375,0.283203125,0.220703125,0.216796875,0.19921875,0.1953125,0.197265625,0.216796875,0.224609375,0.16796875,0.228515625,0.22265625,0.189453125,0.22265625,0.224609375,0.224609375,0.30859375,0.22265625,0.30078125,0.23046875,0.2265625,0.224609375,0.2265625,0.2265625,0.2265625,0.19921875,0.29296875,0.294921875,0.220703125,0.201171875,0.208984375,0.21875
SN,sd019,0.20703125,0.208984375,0.2421875,0.205078125,0.208984375,0.2109375,0.208984375,0.2421875,0.205078125,0.20703125,0.251953125,0.16015625,0.20703125,0.25,0.208984375,0.248046875,0.263671875,0.2734375,0.2109375,0.208984375,0.20703125,0.20703125,0.205078125,0.205078125,0.197265625,0.19921875,0.203125,0.208984375,0.208984375,0.205078125,0.20703125,0.19921875,0.203125,0.203125,0.24609375,0.193359375,0.205078125,0.1953125,0.1953125,0.205078125,0.208984375,0.15625,0.291015625,0.154296875,0.248046875,0.275390625,0.15625,0.27734375,0.15625,0.287109375,0.15625,0.28125,0.158203125,0.27734375,0.158203125,0.279296875,0.15625,0.2734375,0.244140625,0.248046875,0.291015625,0.19140625,0.267578125,0.18359375,0.205078125
SN,sd020,0.271484375,0.267578125,0.275390625,0.2734375,0.26953125,0.265625,0.259765625,0.267578125,0.263671875,0.265625,0.298828125,0.263671875,0.265625,0.265625,0.263671875,0.267578125,0.236328125,0.263671875,0.263671875,0.267578125,0.26953125,0.26953125,0.26953125,0.26953125,0.29296875,0.279296875,0.2734375,0.267578125,0.263671875,0.267578125,0.26171875,0.26953125,0.26953125,0.275390625,0.298828125,0.275390625,0.267578125,0.2734375,0.27734375,0.275390625,0.267578125,0.259765625,0.263671875,0.26171875,0.265625,0.234375,0.265625,0.265625,0.263671875,0.228515625,0.265625,0.2265625,0.26171875,0.26171875,0.263671875,0.263671875,0.263671875,0.263671875,0.271484375,0.29296875,0.318359375,0.271484375,0.265625,0.265625,0.26953125
SN,sd025,0.2265625,0.224609375,0.2265625,0.224609375,0.2265625,0.22265625,0.22265625,0.224609375,0.22265625,0.224609375,0.23046875,0.22265625,0.22265625,0.20703125,0.22265625,0.224609375,0.220703125,0.22265625,0.22265625,0.224609375,0.2265625,0.2265625,0.224609375,0.2265625,,0.2265625,0.22265625,0.224609375,0.22265625,0.224609375,0.22265625,0.224609375,0.2265625,0.220703125,0.26953125,0.220703125,0.224609375,0.23046875,0.2265625,0.224609375,0.224609375,0.2265625,0.220703125,0.208984375,0.224609375,0.2265625,0.224609375,0.224609375,0.22265625,0.22265625,0.208984375,0.2265625,0.22265625,0.224609375,0.2109375,0.22265625,0.224609375,0.220703125,0.205078125,,0.271484375,0.224609375,0.22265625,0.21484375,0.224609375
SN,sd026,0.23828125,0.23828125,0.236328125,0.240234375,0.240234375,0.23828125,0.220703125,0.236328125,0.232421875,0.236328125,0.26171875,0.236328125,0.234375,0.205078125,0.232421875,0.23046875,0.224609375,0.236328125,0.236328125,0.240234375,0.23828125,0.240234375,0.240234375,0.23828125,0.212890625,0.240234375,,0.23828125,0.23828125,0.23828125,0.236328125,0.240234375,0.21484375,0.23046875,0.2890625,0.23828125,0.23828125,0.240234375,0.232421875,0.224609375,0.23828125,0.23828125,0.24609375,0.236328125,0.234375,0.234375,0.234375,0.234375,0.232421875,0.251953125,0.201171875,0.23046875,0.236328125,0.23828125,0.228515625,0.2421875,0.236328125,0.2421875,0.20703125,0.212890625,0.283203125,0.23046875,0.232421875,0.193359375,0.236328125
SN,sd027,0.24609375,0.2421875,0.2421875,0.236328125,0.248046875,0.23828125,0.234375,0.240234375,0.234375,0.23828125,0.287109375,0.236328125,0.2265625,0.2265625,0.21875,0.23828125,0.2265625,0.212890625,0.236328125,0.2421875,0.240234375,0.244140625,0.240234375,0.244140625,0.236328125,0.244140625,0.23828125,0.2421875,0.23828125,0.2421875,0.234375,0.2421875,0.23828125,0.236328125,,0.240234375,0.23828125,0.26171875,0.248046875,0.234375,0.240234375,0.216796875,0.21484375,0.220703125,0.240234375,0.21875,0.224609375,0.216796875,0.2265625,0.212890625,0.23046875,0.22265625,0.2265625,0.208984375,0.22265625,0.212890625,0.2109375,0.216796875,0.236328125,0.232421875,0.314453125,0.240234375,0.216796875,0.2109375,0.23828125
SN,sd028,,0.244140625,0.236328125,0.28125,0.23828125,0.2421875,0.12890625,0.24609375,0.271484375,0.24609375,0.26953125,0.271484375,0.126953125,0.173828125,0.10546875,0.244140625,0.130859375,0.197265625,0.2421875,0.103515625,0.24609375,,0.26953125,,0.265625,0.236328125,0.138671875,0.263671875,0.259765625,0.244140625,0.2734375,0.244140625,0.259765625,0.265625,0.255859375,0.255859375,0.271484375,0.234375,,0.255859375,0.248046875,0.181640625,0.296875,0.19140625,0.240234375,0.12890625,0.234375,0.2734375,0.27734375,0.193359375,0.17578125,0.197265625,0.1796875,0.271484375,0.21484375,0.291015625,0.17578125,0.2734375,0.2734375,0.263671875,0.20703125,0.248046875,0.12890625,,0.244140625
SN,sd029,0.21484375,0.212890625,0.212890625,0.212890625,0.212890625,0.212890625,0.212890625,0.2109375,0.208984375,0.2109375,0.251953125,0.208984375,0.208984375,0.201171875,0.208984375,0.20703125,0.20703125,0.2109375,0.208984375,0.21484375,0.212890625,0.21484375,0.212890625,0.21484375,0.216796875,0.21484375,0.22265625,0.212890625,0.22265625,0.21484375,0.208984375,0.21484375,0.212890625,0.2109375,0.244140625,0.212890625,0.2109375,0.21484375,0.2109375,0.2109375,0.21484375,0.1953125,,0.193359375,0.208984375,0.20703125,0.205078125,0.20703125,0.205078125,0.12890625,0.197265625,0.25,0.197265625,0.201171875,0.201171875,0.203125,0.201171875,0.20703125,0.2109375,0.25,0.265625,0.2109375,0.208984375,0.18359375,0.212890625
SN,sd030,0.232421875,0.232421875,0.232421875,0.232421875,0.232421875,0.232421875,0.224609375,0.228515625,0.23046875,0.23046875,0.20703125,0.228515625,0.23046875,0.21875,0.23046875,0.224609375,0.21484375,0.23046875,0.232421875,0.228515625,0.232421875,0.23046875,0.232421875,0.23046875,0.220703125,0.228515625,0.287109375,0.232421875,0.232421875,0.23046875,0.23046875,0.228515625,0.228515625,0.232421875,0.23828125,0.228515625,0.23046875,0.2265625,0.232421875,0.232421875,0.234375,0.1796875,0.171875,0.173828125,0.228515625,0.173828125,0.228515625,0.232421875,0.23046875,0.287109375,0.224609375,0.169921875,0.25,0.232421875,0.2265625,0.232421875,0.232421875,0.2265625,0.2265625,0.21484375,0.16796875,0.2265625,0.23046875,0.2265625,0.23046875
SN,sd031,0.212890625,0.212890625,0.224609375,0.20703125,0.212890625,0.21484375,0.21875,0.21875,0.216796875,0.216796875,0.25,0.216796875,0.21484375,0.2265625,0.216796875,0.220703125,0.21875,0.216796875,0.21484375,0.21484375,0.208984375,0.216796875,0.2109375,0.22265625,0.212890625,0.22265625,0.212890625,0.21484375,0.212890625,0.21875,0.21484375,0.220703125,0.212890625,0.2265625,0.212890625,0.21875,0.21484375,0.22265625,0.21484375,0.20703125,0.212890625,0.162109375,0.119140625,0.1171875,0.21875,0.16015625,0.21875,0.16015625,0.216796875,0.158203125,0.1875,0.158203125,0.16015625,0.16015625,0.21875,0.115234375,0.158203125,0.216796875,0.22265625,0.2109375,0.24609375,0.220703125,0.216796875,0.162109375,0.21484375
SN,sd032,0.23828125,0.236328125,0.234375,0.240234375,0.23828125,0.240234375,0.240234375,0.23828125,0.240234375,0.240234375,0.24609375,0.240234375,0.240234375,0.234375,0.240234375,0.240234375,0.2421875,0.240234375,0.240234375,0.23828125,0.240234375,0.23828125,0.23828125,0.236328125,0.2421875,0.240234375,0.23828125,0.240234375,0.240234375,0.240234375,0.23828125,0.23828125,0.23828125,0.23828125,0.244140625,0.240234375,0.240234375,0.23046875,0.240234375,0.23828125,0.240234375,0.24609375,0.25,0.24609375,0.240234375,0.244140625,0.2421875,0.2421875,0.2421875,0.25,0.236328125,0.244140625,0.244140625,0.244140625,0.2421875,0.25,0.244140625,0.2421875,0.23828125,0.2421875,0.283203125,0.240234375,0.2421875,0.21875,0.240234375
SN,sd033,0.236328125,0.236328125,0.23828125,0.236328125,0.236328125,0.23828125,0.23828125,0.23828125,0.23828125,0.23828125,0.23828125,0.23828125,0.23828125,0.23828125,0.23828125,0.23828125,0.240234375,0.23828125,0.23828125,0.236328125,0.236328125,0.236328125,0.236328125,0.236328125,0.236328125,0.236328125,0.234375,0.23828125,0.23828125,0.236328125,0.236328125,0.236328125,0.236328125,0.23828125,0.236328125,0.236328125,0.234375,0.236328125,0.23828125,0.236328125,0.236328125,0.23828125,0.244140625,0.240234375,0.23828125,0.23828125,0.23828125,0.240234375,0.236328125,0.2421875,0.234375,0.248046875,0.23828125,0.2421875,0.232421875,0.248046875,0.240234375,0.23828125,0.236328125,0.23828125,0.181640625,0.23828125,0.25,0.2109375,0.23828125
SN,sd034,0.44921875,0.451171875,0.447265625,0.44921875,0.44921875,0.44921875,0.44921875,0.451171875,0.44921875,0.453125,0.44921875,0.44921875,0.44921875,0.447265625,0.44921875,0.447265625,0.451171875,0.44921875,0.44921875,0.451171875,0.451171875,0.451171875,0.451171875,0.44921875,0.44921875,0.447265625,0.4453125,0.451171875,0.44921875,0.451171875,0.44921875,0.44921875,0.44921875,0.451171875,0.453125,0.443359375,0.455078125,0.421875,0.44921875,0.44921875,0.451171875,0.443359375,0.466796875,0.4453125,0.447265625,0.44921875,0.447265625,0.451171875,0.4453125,0.458984375,0.44140625,0.4609375,0.4453125,0.447265625,0.443359375,0.470703125,0.447265625,0.44921875,0.482421875,0.45703125,0.46484375,0.44140625,0.4609375,0.42578125,0.451171875
SN,sd035,0.203125,0.203125,0.203125,,0.205078125,0.201171875,0.201171875,0.19921875,0.203125,0.1953125,0.228515625,0.193359375,0.1796875,0.193359375,0.171875,0.189453125,0.16796875,0.185546875,0.19921875,0.205078125,0.203125,0.203125,0.203125,0.201171875,0.203125,0.19921875,0.203125,0.203125,0.203125,0.19921875,0.203125,0.19921875,0.203125,0.203125,0.228515625,0.197265625,0.22265625,0.197265625,0.20703125,0.208984375,0.203125,0.173828125,0.171875,0.173828125,0.1796875,0.173828125,0.181640625,0.171875,0.177734375,0.16796875,0.1796875,0.16796875,0.17578125,0.171875,0.173828125,0.169921875,0.173828125,0.177734375,0.193359375,0.234375,0.24609375,0.1875,0.166015625,0.193359375,0.203125
SN,sd036,0.251953125,0.248046875,0.25,0.24609375,0.25,0.255859375,0.25390625,0.25390625,0.251953125,0.251953125,0.234375,0.255859375,0.259765625,0.25390625,0.228515625,0.251953125,0.2265625,0.2578125,0.255859375,0.251953125,0.251953125,0.255859375,0.248046875,0.251953125,0.2421875,0.25,0.23828125,0.25390625,0.25390625,0.25390625,0.25,0.25390625,0.240234375,0.25390625,0.234375,0.25,0.236328125,0.25,0.248046875,0.24609375,0.251953125,0.333984375,0.33203125,0.333984375,0.2578125,0.259765625,0.2578125,0.224609375,0.25390625,0.22265625,0.251953125,0.220703125,0.208984375,0.328125,0.203125,0.330078125,0.330078125,0.259765625,0.25,0.232421875,0.22265625,0.248046875,0.22265625,0.25,0.251953125
SN,sd037,0.19921875,0.205078125,0.203125,0.20703125,0.1953125,0.21484375,0.21875,0.2109375,0.216796875,0.208984375,0.201171875,0.21875,0.220703125,0.216796875,0.22265625,0.208984375,0.224609375,0.220703125,0.216796875,0.20703125,0.197265625,0.197265625,0.205078125,0.203125,0.20703125,0.205078125,0.20703125,0.20703125,0.208984375,0.20703125,0.20703125,0.205078125,0.203125,0.205078125,0.203125,0.205078125,0.203125,0.21484375,0.205078125,0.203125,0.1953125,0.23046875,0.23046875,0.23046875,0.224609375,0.2265625,0.220703125,0.2265625,0.224609375,0.228515625,0.232421875,0.130859375,0.228515625,0.23046875,0.228515625,0.23046875,0.23046875,0.2265625,0.203125,0.19921875,0.150390625,0.203125,0.224609375,0.212890625,0.20703125
SN,sd038,0.251953125,0.251953125,0.25,0.24609375,0.25,0.248046875,0.251953125,0.24609375,0.25390625,0.244140625,0.255859375,0.25,0.25390625,0.248046875,0.255859375,0.244140625,0.255859375,0.251953125,0.25,0.25,0.251953125,0.251953125,0.251953125,0.25,0.25,0.248046875,0.24609375,0.25,0.251953125,0.25,0.251953125,0.248046875,0.251953125,0.25,0.2421875,0.248046875,0.248046875,0.25,0.25,0.248046875,0.251953125,0.271484375,0.26171875,0.265625,0.25,0.25390625,0.248046875,0.2578125,0.244140625,0.25390625,0.298828125,0.24609375,0.26953125,0.263671875,0.291015625,0.267578125,0.251953125,0.251953125,0.25,0.26171875,0.2421875,0.302734375,0.248046875,0.197265625,0.25
SN,sd039,0.27734375,0.279296875,0.263671875,0.255859375,0.279296875,0.2578125,0.263671875,0.259765625,0.26171875,0.26171875,0.263671875,0.255859375,0.259765625,0.255859375,0.26171875,0.2578125,0.26171875,0.255859375,0.2578125,0.279296875,0.279296875,0.27734375,0.275390625,0.26953125,0.271484375,0.265625,0.271484375,0.26171875,0.279296875,0.263671875,0.267578125,0.265625,0.265625,0.279296875,0.271484375,0.26171875,0.271484375,0.263671875,0.263671875,0.259765625,0.27734375,0.2421875,0.302734375,0.240234375,0.25390625,,0.25,,0.2421875,0.302734375,0.24609375,0.3046875,0.244140625,0.296875,0.2421875,0.3046875,0.2421875,0.248046875,0.26171875,0.314453125,0.22265625,0.259765625,0.3125,0.255859375,0.263671875
SN,sd040,0.259765625,0.259765625,0.259765625,0.259765625,0.259765625,0.2578125,0.259765625,0.259765625,0.259765625,0.259765625,0.26171875,0.2578125,0.259765625,0.259765625,0.259765625,0.259765625,0.26171875,0.2578125,0.2578125,0.259765625,0.259765625,0.259765625,0.259765625,0.259765625,0.259765625,0.259765625,0.259765625,0.259765625,0.259765625,0.259765625,0.259765625,0.259765625,0.259765625,0.259765625,0.26171875,0.26171875,0.259765625,0.26171875,0.259765625,0.259765625,0.259765625,0.302734375,0.302734375,0.302734375,0.259765625,0.259765625,0.259765625,0.259765625,0.359375,0.26171875,0.3359375,0.3359375,0.34375,0.30078125,0.302734375,0.30078125,0.30078125,0.2578125,0.259765625,0.26171875,0.271484375,0.330078125,0.26171875,0.236328125,0.259765625
SN,sd041,0.224609375,0.2265625,0.224609375,0.224609375,0.224609375,0.224609375,0.2265625,0.22265625,0.2265625,0.220703125,0.2578125,0.22265625,0.224609375,0.220703125,0.259765625,0.21875,0.265625,0.224609375,0.224609375,0.224609375,0.224609375,0.224609375,0.2265625,0.224609375,0.224609375,0.22265625,0.224609375,0.224609375,0.224609375,0.22265625,0.2265625,0.22265625,0.2265625,0.224609375,0.22265625,0.22265625,0.22265625,0.248046875,0.224609375,0.22265625,0.224609375,0.296875,0.265625,0.294921875,0.30078125,0.26171875,0.298828125,0.263671875,0.19921875,0.26953125,0.1953125,0.26953125,0.3046875,0.267578125,0.19140625,0.26953125,0.296875,0.26171875,0.220703125,0.287109375,0.15625,0.1953125,0.28125,0.236328125,0.224609375
SN,sd042,0.216796875,0.21875,0.216796875,0.21875,0.21875,0.212890625,0.212890625,0.21484375,0.21484375,0.216796875,0.216796875,0.2109375,0.212890625,0.2109375,0.212890625,0.212890625,0.216796875,0.2109375,0.212890625,0.216796875,0.216796875,0.216796875,0.216796875,0.216796875,0.21875,0.216796875,0.220703125,0.21484375,0.21484375,0.216796875,0.21484375,0.216796875,0.21875,0.21484375,0.220703125,0.23046875,0.220703125,0.220703125,0.216796875,0.21875,0.216796875,0.203125,0.212890625,0.2109375,0.208984375,0.2109375,0.208984375,0.2109375,0.208984375,0.21484375,0.171875,0.216796875,0.208984375,0.2109375,0.203125,0.212890625,0.208984375,0.20703125,0.23046875,0.21875,0.220703125,0.16796875,0.220703125,0.1640625,0.216796875
SN,sd044,0.263671875,0.263671875,0.259765625,0.263671875,0.263671875,0.263671875,0.263671875,0.26171875,0.263671875,0.26171875,0.26171875,0.263671875,0.26171875,0.263671875,0.26171875,0.26953125,0.26171875,0.263671875,0.263671875,0.263671875,0.265625,0.26171875,0.265625,0.2578125,0.259765625,0.2578125,0.2578125,0.263671875,0.265625,0.26171875,0.263671875,0.259765625,0.26171875,0.265625,0.251953125,0.255859375,0.2578125,0.255859375,0.263671875,0.263671875,0.265625,0.306640625,0.306640625,0.30859375,0.267578125,0.263671875,0.265625,0.2421875,0.3046875,0.240234375,0.30859375,0.30859375,0.3046875,0.30859375,0.306640625,0.30859375,0.306640625,0.265625,0.267578125,0.26171875,0.2578125,0.306640625,0.25,0.19921875,0.263671875
SN,sd045,0.19921875,0.201171875,0.21484375,0.205078125,0.205078125,0.201171875,0.201171875,0.203125,0.203125,0.201171875,0.203125,0.201171875,0.201171875,0.201171875,0.201171875,0.201171875,0.201171875,0.201171875,0.203125,0.205078125,0.205078125,0.201171875,0.203125,0.203125,0.19921875,0.20703125,0.203125,0.205078125,0.203125,0.203125,0.203125,0.203125,0.203125,0.205078125,0.203125,0.203125,0.201171875,0.22265625,0.2109375,0.2109375,0.20703125,0.15625,0.1953125,0.15625,0.19921875,0.19921875,0.1953125,0.19921875,0.154296875,0.24609375,0.23828125,0.251953125,0.15625,0.197265625,0.15625,0.25,0.197265625,0.19921875,0.21484375,0.23046875,0.267578125,0.23828125,0.25,0.130859375,0.203125
SN,sd046,0.23046875,0.232421875,0.2265625,0.228515625,0.23046875,0.228515625,0.228515625,0.23046875,0.228515625,0.23046875,0.22265625,0.228515625,0.2265625,0.23046875,0.23046875,0.23046875,0.228515625,0.2265625,0.2265625,0.23046875,0.232421875,0.232421875,0.232421875,0.20703125,0.201171875,0.2265625,0.177734375,0.23046875,0.228515625,0.232421875,0.23046875,0.228515625,0.232421875,0.224609375,0.166015625,0.109375,0.21875,,0.177734375,0.1796875,0.23046875,0.16796875,0.23046875,0.16796875,0.228515625,0.23046875,0.228515625,0.232421875,,0.234375,0.16796875,0.236328125,0.166015625,0.232421875,0.16796875,0.228515625,0.23046875,0.228515625,0.1875,0.197265625,,0.1796875,0.2421875,,0.23046875
SN,sd047,,,,,,0.234375,0.23828125,0.2265625,,0.224609375,0.24609375,0.2265625,0.2421875,0.2265625,0.240234375,0.22265625,0.244140625,0.240234375,0.23828125,,,,,,,,,,,,,0.2265625,,,0.275390625,0.22265625,0.287109375,0.201171875,,,,0.25,0.248046875,0.25,0.25,0.244140625,0.240234375,0.24609375,0.224609375,0.24609375,0.220703125,0.248046875,0.25,0.24609375,0.248046875,0.248046875,0.24609375,0.2421875,0.224609375,0.248046875,0.275390625,0.216796875,0.2421875,0.201171875,
SN,sd048,0.251953125,0.25,0.251953125,0.244140625,0.25,0.244140625,0.2421875,0.244140625,0.244140625,0.24609375,0.248046875,0.240234375,0.23828125,0.240234375,0.244140625,0.240234375,0.24609375,0.2421875,0.2421875,0.248046875,0.24609375,0.255859375,0.248046875,0.2421875,0.24609375,0.240234375,0.248046875,0.244140625,0.244140625,0.248046875,0.24609375,0.25,0.248046875,0.244140625,0.181640625,0.2421875,0.23828125,0.18359375,0.25390625,0.244140625,0.24609375,0.171875,0.173828125,0.171875,0.240234375,0.240234375,0.23828125,0.244140625,0.171875,0.126953125,0.169921875,0.177734375,0.171875,0.171875,0.171875,0.17578125,0.169921875,0.240234375,0.162109375,0.27734375,0.181640625,0.169921875,0.18359375,0.2265625,0.244140625
SN,sd049,0.21875,0.220703125,0.1953125,0.220703125,0.220703125,0.21875,0.21484375,0.21875,0.216796875,0.201171875,0.21875,0.216796875,0.216796875,0.216796875,0.216796875,0.201171875,0.21875,0.21875,0.21484375,0.21875,0.216796875,0.216796875,0.21484375,0.216796875,0.216796875,0.205078125,0.220703125,0.21875,0.216796875,0.220703125,0.21484375,0.224609375,0.216796875,0.21875,0.154296875,0.23046875,0.224609375,0.2265625,0.197265625,0.212890625,0.216796875,0.16796875,0.166015625,0.212890625,0.21875,0.216796875,0.21484375,0.216796875,0.203125,0.216796875,0.1953125,0.21875,0.2109375,0.21484375,0.171875,0.216796875,0.216796875,0.21875,0.197265625,0.220703125,0.158203125,0.1953125,0.220703125,0.201171875,0.216796875
SN,sd050,0.458984375,0.458984375,0.4609375,0.443359375,0.4609375,0.45703125,0.45703125,0.45703125,0.458984375,0.45703125,0.4609375,0.455078125,0.4609375,0.453125,0.45703125,0.44921875,0.4609375,0.45703125,0.45703125,0.458984375,0.458984375,0.45703125,0.45703125,0.45703125,0.458984375,0.458984375,0.455078125,0.45703125,0.458984375,0.45703125,0.458984375,0.45703125,0.458984375,0.45703125,0.47265625,0.455078125,0.46484375,0.455078125,0.45703125,0.46484375,0.458984375,0.345703125,0.46875,0.466796875,0.453125,0.4609375,0.44921875,0.462890625,0.44140625,0.462890625,0.435546875,0.46484375,0.447265625,0.46484375,0.34765625,0.46484375,0.466796875,0.45703125,0.45703125,0.470703125,,0.4375,0.470703125,,0.45703125
SN,sd051,0.263671875,0.267578125,0.259765625,0.259765625,0.265625,0.265625,0.26953125,0.263671875,0.2734375,0.263671875,0.279296875,0.265625,0.267578125,0.265625,0.2734375,0.259765625,0.28515625,0.265625,0.267578125,0.267578125,0.271484375,0.265625,0.2734375,0.263671875,0.265625,0.26171875,0.263671875,0.267578125,0.271484375,0.267578125,0.2734375,0.263671875,0.279296875,0.26953125,0.302734375,0.265625,0.3046875,0.259765625,0.259765625,0.26171875,0.271484375,0.265625,0.28515625,0.28125,0.265625,0.265625,0.263671875,0.28125,0.263671875,0.28515625,0.251953125,0.1953125,0.263671875,0.279296875,0.2578125,0.28515625,0.2734375,0.265625,0.26171875,0.306640625,0.32421875,0.25390625,0.296875,0.259765625,0.265625
SN,sd052,0.224609375,0.21875,0.2265625,0.2265625,0.22265625,0.228515625,0.2265625,0.2265625,0.224609375,0.2265625,0.212890625,0.228515625,0.2265625,0.23046875,0.23046875,0.232421875,0.21484375,0.2265625,0.2265625,0.22265625,0.22265625,0.224609375,0.224609375,0.2265625,0.216796875,0.2265625,0.232421875,0.2265625,0.2265625,0.2265625,0.220703125,0.2265625,0.212890625,0.224609375,0.228515625,0.228515625,0.212890625,0.193359375,0.2265625,0.228515625,0.224609375,0.259765625,0.2578125,0.26171875,0.228515625,0.23046875,0.228515625,0.22265625,0.265625,0.2578125,0.265625,0.26171875,0.23046875,0.24609375,0.259765625,0.26171875,0.232421875,0.228515625,0.205078125,0.23046875,0.248046875,0.267578125,0.26171875,0.193359375,0.2265625
SN,sd053,0.21484375,0.212890625,0.22265625,0.2109375,0.212890625,0.212890625,0.212890625,0.212890625,0.216796875,0.212890625,0.23046875,0.212890625,0.2109375,0.2109375,0.21484375,0.20703125,0.23828125,0.2109375,0.212890625,0.21484375,0.212890625,0.212890625,0.212890625,0.212890625,0.2109375,0.21484375,0.212890625,0.21484375,0.21484375,0.212890625,0.21484375,0.21484375,0.220703125,0.21484375,0.21484375,0.20703125,0.220703125,0.26953125,0.21484375,0.2109375,0.21484375,0.18359375,0.162109375,0.158203125,0.203125,0.203125,0.20703125,0.208984375,0.1796875,0.11328125,0.177734375,0.16015625,0.197265625,0.11328125,0.109375,0.162109375,0.19921875,0.208984375,0.26953125,0.234375,0.234375,0.177734375,0.26171875,0.283203125,0.212890625
SN,sd054,,,0.111328125,0.123046875,,,,,,0.166015625,0.267578125,,0.16796875,,0.16796875,0.19921875,0.267578125,,,,,,0.216796875,,0.21484375,0.123046875,0.21875,,,,0.21484375,0.162109375,0.263671875,,0.30078125,0.169921875,0.271484375,0.26953125,0.169921875,0.12890625,,0.228515625,0.12109375,0.236328125,0.201171875,,0.203125,,0.24609375,0.2109375,0.20703125,0.12109375,0.201171875,0.203125,0.203125,0.21875,0.197265625,0.2421875,0.2265625,0.271484375,0.298828125,0.1953125,0.263671875,0.240234375,
SN,sd055,0.265625,0.26171875,,,0.263671875,0.2578125,0.2578125,0.263671875,0.259765625,,,0.259765625,0.248046875,,,0.244140625,,0.259765625,0.259765625,0.265625,0.259765625,0.259765625,0.26171875,0.26171875,,0.265625,,0.2578125,0.259765625,0.259765625,0.259765625,0.26171875,0.259765625,0.259765625,0.271484375,0.263671875,0.244140625,0.265625,,,0.259765625,,,,0.2578125,0.26171875,,,0.240234375,,,0.2421875,,,,,,0.2578125,,0.2421875,0.158203125,0.29296875,0.326171875,0.27734375,0.259765625
SN,sd056,0.21875,0.21875,0.216796875,0.220703125,0.21875,0.21875,0.21875,0.21875,0.21875,0.21875,,0.21875,,0.220703125,0.224609375,0.220703125,,0.21875,0.21875,0.220703125,0.21875,0.21875,0.21875,0.216796875,0.21875,0.21484375,0.21875,0.21875,0.21875,0.21875,0.21875,0.21875,0.21875,0.21875,0.1171875,0.216796875,0.220703125,0.21484375,0.21875,0.220703125,0.21875,,,,0.220703125,,0.220703125,,0.220703125,,,,0.220703125,,0.22265625,,,,0.216796875,0.22265625,0.306640625,0.21484375,0.30078125,0.21875,0.21875
SN,sd057,,,0.26171875,,,,,,,,,,,,,0.1953125,,,,,,,,,,0.263671875,,,,,,,,,,,,0.263671875,0.259765625,,,0.2734375,0.27734375,0.2734375,0.267578125,,0.267578125,,0.267578125,0.2734375,0.203125,0.2421875,0.271484375,0.267578125,0.140625,0.279296875,0.26953125,,,,,0.203125,0.234375,0.205078125,
SN,sd059,0.474609375,0.474609375,0.4765625,0.4765625,0.4765625,0.4765625,0.47265625,0.4765625,0.47265625,0.482421875,0.4765625,0.474609375,0.47265625,0.4765625,0.474609375,0.48046875,0.478515625,0.474609375,0.474609375,0.4765625,0.474609375,0.4765625,0.47265625,0.4765625,0.474609375,0.478515625,0.4765625,0.4765625,0.47265625,0.4765625,0.47265625,0.4765625,0.4765625,0.474609375,0.484375,0.482421875,0.478515625,0.4765625,0.4765625,0.4765625,0.474609375,0.455078125,0.482421875,0.45703125,0.474609375,0.474609375,0.474609375,0.4765625,0.455078125,0.484375,0.419921875,0.349609375,0.458984375,0.478515625,0.45703125,0.353515625,0.478515625,0.4765625,0.484375,0.482421875,0.384765625,0.419921875,0.3515625,0.455078125,0.4765625
SN,sd060,0.216796875,0.240234375,0.2109375,0.21484375,0.240234375,0.21875,0.21875,0.21875,0.21484375,0.21875,0.212890625,0.21875,0.21875,0.21875,0.216796875,0.21484375,0.212890625,0.220703125,0.220703125,0.21875,0.240234375,0.216796875,0.244140625,0.20703125,0.24609375,0.205078125,0.212890625,0.220703125,0.240234375,0.21875,0.24609375,0.205078125,0.2109375,0.220703125,0.123046875,0.203125,0.208984375,0.197265625,0.22265625,0.216796875,0.23828125,0.236328125,,,0.220703125,0.21875,0.21875,0.220703125,0.21875,0.244140625,0.205078125,0.103515625,0.21875,0.244140625,0.23046875,,0.220703125,0.220703125,0.205078125,0.130859375,0.2734375,0.205078125,0.25390625,0.1953125,0.216796875
SN,sd065,0.216796875,0.21484375,0.212890625,0.244140625,0.21484375,0.212890625,0.212890625,0.2421875,0.2109375,0.244140625,0.212890625,0.2109375,0.2109375,0.24609375,0.2109375,0.24609375,0.244140625,0.212890625,0.212890625,0.21484375,0.212890625,0.216796875,0.216796875,0.216796875,0.2265625,0.2109375,0.236328125,0.21484375,0.212890625,0.216796875,0.2421875,0.236328125,0.24609375,0.212890625,0.224609375,0.24609375,0.26171875,0.212890625,0.21484375,0.244140625,0.21484375,0.251953125,0.2109375,0.201171875,0.244140625,0.208984375,0.24609375,0.2109375,0.248046875,0.21484375,0.15625,0.25,0.251953125,0.20703125,0.25,0.212890625,0.208984375,0.244140625,0.248046875,0.232421875,0.291015625,0.248046875,0.251953125,0.140625,0.2421875
