,participant_id,I can never spend enough time on my mobile phone.,I have used my mobile phone to make myself feel better when I was feeling down.,"I find myself occupied on my mobile phone when I should be doing other things, and it causes problems.",All my friends own a mobile phone.,I have tried to hide from others how much time I spend on my mobile phone.,I lose sleep due to the time I spend on my mobile phone.,I have received mobile phone bills I could not afford to pay.,"When out of range for some time, I become preoccupied with the thought of missing a call.","Sometimes, when I am on the mobile phone and I am doing other things, I get carried away with the conversation and I don’t pay attention to what I am doing.",The time I spend on the mobile phone has increased over the last 12 months.,I have used my mobile phone to talk to others when I was feeling isolated.,I have attempted to spend less time on my mobile phone but am unable to.,I find it difficult to switch off my mobile phone.,I feel anxious if I have not checked for messages or switched on my mobile phone for some time.,I have frequent dreams about the mobile phone.,My friends and family complain about my use of the mobile phone.,"If I don't have a mobile phone, my friends would find it hard to get in touch with me. ",My productivity has decreased as a direct result of the time I spend on the mobile phone.,I have aches and pains that are associated with my mobile phone use.,I find myself engaged on the mobile phone for longer periods of time than intended.,There are times when I would rather use the mobile phone than deal with other more pressing issues.,I am often late for appointments because I'm engaged on the mobile phone when I shouldn't be.,"I become irritable if I have to switch off my mobile phone for meetings, dinner engagements, or at the movies.",I have been told that I spend too much time on my mobile phone.,"More than once I have been in trouble because my mobile phone has gone off during a meeting, lecture, or in a theatre.",My friends don't like it when my mobile phone is switched off.,I feel lost without my mobile phone.,Missing planned work due to smartphone use.,"Having a hard time concentrating in class, while doing assignments, or while working due to smartphone use.",Experiencing lightheadedness or blurred vision due to excessive smartphone use.,Feeling pain in the wrists or at the back of the neck while using a smartphone.,Feeling tired and lacking adequate sleep due to excessive smartphone use.,Feeling calm or cozy while using a smartphone.,Feeling pleasant or excited while using a smartphone.,Feeling confident while using a smartphone.,Being able to get rid of stress with a smartphone.,There is nothing more fun to do than using my smartphone.,My life would be empty without my smartphone. ,Feeling most liberal while using a smartphone.,Using a smartphone is the most fun thing to do. ,Won’t be able to stand not having a smartphone.,Feeling impatient and fretful when I am not holding my smartphone.,Having my smartphone in my mind even when I am not using it.,"I will never give up using my smartphone even when my daily life is already greatly affected
by it.",Getting irritated when bothered while using my smartphone.,Bringing my smartphone to the toilet even when I am in a hurry to get there.,Feeling great meeting more people via smartphone use.,"Feeling that my relationships with my smartphone buddies are more intimate than my
relationships with my real-life friends.",Not being able to use my smartphone would be as painful as losing a friend.,Feeling that my smartphone buddies understand me better than my real-life friends.,"Constantly checking my smartphone so as not to miss conversations between other people
on Twitter or Facebook.",Checking SNS (Social Networking Service) sites like Twitter or Facebook right after waking up.,"Preferring talking with my smartphone buddies to hanging out with my real-life friends or
with the other members of my family.",Preferring searching from my smartphone to asking other people.,My fully charged battery does not last for one whole day.,Using my smartphone longer than I had intended.,Feeling the urge to use my smartphone again right after I stopped using it.,"Having tried time and again to shorten my smartphone use time, but failing all the time.",Always thinking that I should shorten my smartphone use time.,The people around me tell me that I use my smartphone too much.,How much do you agree with the statement: I am addicted to my smartphone?,My phone is on [Silent / DND],My phone is on [Vibrate only],My phone is on [Loud],Do you receive notifications on some other device instead (like a smartwatch)?,What emotions are typically associated with receiving smartphone notifications?,How did you feel about the notifications during the first half of the experiment?,How did you feel about the notifications during the 2nd half of the experiment?,MPPUS,SAS
0,sub002,3,7,2,10,2,2,1,1,2,2,1,2,2,1,1,2,4,2,1,2,1,1,1,2,2,2,1,1,1,2,1,2,1,2,5,1,1,1,1.0,1,2,1,1,1,1,1,1,1,1,1,2,1,1,5.0,2.0,2,2,1,2,1,Disagree,,,,,,,,60.0,50.0
1,sub003,8,9,9,10,9,9,5,4,6,9,3,8,7,7,2,5,3,9,5,9,10,5,4,7,4,3,7,5,4,4,3,5,5,4,4,4,3,4,5.0,4,3,3,3,4,4,5,4,2,3,2,4,5,2,4.0,5.0,5,5,5,5,3,Strongly agree,,,,,,,,176.0,130.0
2,sub004,5,10,7,10,1,6,1,1,3,2,2,2,10,7,1,7,9,2,2,6,7,1,3,7,1,1,10,1,4,4,4,2,5,5,5,4,1,6,6.0,1,6,3,2,4,1,5,2,3,1,2,4,1,2,6.0,3.0,2,4,2,2,4,Neutral,,,,,,,,124.0,107.0
3,sub005,2,10,7,10,4,9,1,2,4,10,10,4,3,2,4,3,3,7,3,7,8,3,2,3,8,7,4,6,6,3,5,4,5,5,5,5,2,1,,3,1,1,2,2,2,5,2,2,2,2,2,2,2,5.0,2.0,5,2,6,5,2,Disagree,,,,,,,,140.0,104.0
4,sub006,8,7,7,10,4,8,1,4,3,5,8,3,3,3,1,2,6,4,1,7,1,1,1,2,1,4,2,1,1,3,2,3,3,4,3,2,1,2,2.0,1,1,1,1,1,2,1,2,1,1,1,1,3,1,3.0,1.0,3,2,1,3,2,Agree,,,,,,,,107.0,60.0
5,sub007,3,10,7,10,1,7,2,3,7,6,3,10,10,4,1,6,10,10,8,9,10,5,1,2,8,10,4,4,4,4,5,5,2,2,5,5,5,5,5.0,2,5,3,5,5,4,6,1,1,3,1,2,1,1,6.0,3.0,5,5,6,6,2,Agree,,,,,,,,167.0,124.0
6,sub008,7,6,7,10,4,8,2,3,8,8,8,5,3,3,1,7,8,4,5,7,5,3,2,7,2,5,3,3,4,5,4,5,2,2,4,2,1,2,2.0,1,2,3,2,2,2,1,4,2,1,2,1,1,2,2.0,3.0,5,2,4,5,2,Agree,Never,Often,Sometimes,Yes,,,,141.0,85.0
7,sub009,3,3,1,10,2,2,2,3,3,2,5,3,5,2,1,1,1,3,2,2,4,1,2,1,2,10,2,2,2,2,2,1,3,1,3,2,2,1,2.0,2,1,2,2,2,2,2,3,2,2,2,2,3,2,2.0,2.0,2,2,2,3,2,Strongly disagree,Often,Sometimes,Sometimes,No,,,,78.0,67.0
8,sub010,3,8,3,10,2,1,1,2,7,5,7,2,3,2,2,1,1,1,1,6,1,2,1,1,7,2,3,1,1,1,1,1,4,3,4,4,1,1,2.0,2,1,1,1,1,2,1,5,1,1,1,1,1,1,5.0,4.0,2,1,1,1,1,Strongly disagree,Often,Never,Sometimes,No,,,,85.0,59.0
9,sd011,3,5,10,10,8,8,2,8,9,3,10,9,2,3,1,8,10,10,4,5,5,3,3,7,5,2,4,3,6,2,4,3,3,4,2,2,1,1,3.0,1,1,2,1,1,4,1,5,1,1,1,2,2,1,1.0,6.0,5,5,6,6,4,Agree,Sometimes,Often,Sometimes,Yes,,,,157.0,91.0
10,sub011,8,10,5,10,9,5,5,5,7,1,10,10,10,5,1,1,10,7,1,5,1,1,1,1,1,5,4,5,2,3,1,3,4,5,6,6,1,3,4.0,1,1,2,1,3,1,1,6,1,1,1,1,3,1,3.0,3.0,4,3,6,3,1,Neutral,Sometimes,Sometimes,Often,No,,,,139.0,90.0
11,sd012,4,7,6,10,6,7,1,1,4,7,7,6,2,3,1,3,6,6,7,6,3,1,1,2,1,1,1,1,4,1,3,3,1,4,1,4,2,1,2.0,1,1,1,1,1,1,4,3,1,1,1,3,4,1,5.0,4.0,4,4,4,2,2,Agree,Sometimes,Sometimes,Often,No,Neutral,4.0,2.0,110.0,76.0
12,sub012,6,8,8,10,3,3,2,4,7,5,5,6,4,4,2,3,8,7,2,8,4,3,2,2,4,7,3,3,2,1,2,3,2,4,3,5,2,1,2.0,2,2,2,2,3,3,1,5,2,2,2,5,5,5,2.0,2.0,4,4,4,5,3,Neutral,Sometimes,Often,Often,No,Neutral,3.0,4.0,130.0,95.0
13,sd013,5,7,6,10,2,8,2,8,7,5,10,7,8,8,2,5,7,5,3,7,7,3,5,5,6,7,7,3,2,3,4,4,4,6,4,5,2,3,3.0,2,6,4,3,2,4,1,1,1,2,1,1,2,1,5.0,6.0,5,4,3,3,2,Neutral,Sometimes,Sometimes,Often,No,Exciting,4.0,2.0,162.0,102.0
14,sd014,4,1,4,10,1,5,1,1,1,8,5,5,10,7,3,1,5,4,2,1,2,2,2,8,4,2,2,2,3,5,2,5,4,3,3,3,5,3,3.0,2,2,2,1,2,4,2,4,1,3,2,1,1,1,2.0,2.0,5,2,2,4,2,Disagree,Sometimes,Sometimes,Often,No,Neutral,5.0,5.0,101.0,88.0
15,sd015,2,8,9,10,3,10,2,1,10,6,1,3,5,10,1,7,10,7,3,8,10,10,1,7,2,4,8,5,5,3,5,5,2,5,5,4,2,2,4.0,4,4,3,5,1,2,5,3,2,1,5,4,5,1,5.0,2.0,5,5,5,3,2,Neutral,Always,Always,Never,No,Neutral,4.0,2.0,158.0,119.0
16,sub013,8,9,8,10,9,8,1,1,7,8,4,8,8,3,2,3,9,9,3,8,8,3,5,1,1,3,3,3,2,5,2,3,5,3,5,5,5,4,5.0,2,2,3,2,5,2,1,5,2,5,2,3,1,2,2.0,2.0,5,5,5,2,2,Agree,Sometimes,Often,Always,No,Exciting,2.0,4.0,150.0,107.0
17,sub014,5,8,3,10,2,2,1,5,4,1,8,5,4,4,1,1,9,8,1,2,5,1,1,2,2,5,3,3,4,1,5,2,2,3,5,4,1,1,2.0,1,1,2,2,1,4,2,5,1,1,1,3,3,1,3.0,4.0,4,1,2,5,1,Agree,Sometimes,Always,Sometimes,No,Neutral,2.0,2.0,103.0,81.0
18,sub015,1,1,1,10,1,1,1,1,1,1,8,1,1,1,1,1,5,1,1,1,1,1,1,1,5,5,1,1,1,1,1,1,3,3,6,1,1,1,1.0,1,1,1,1,1,1,3,6,1,1,1,1,3,1,1.0,1.0,1,1,1,1,1,Strongly disagree,Sometimes,Sometimes,Often,No,Neutral,3.0,3.0,55.0,51.0
19,sub016,1,7,9,10,8,6,1,1,3,9,10,7,1,7,1,1,9,2,7,10,8,8,1,1,1,1,7,4,2,4,4,4,1,1,1,1,1,1,1.0,1,4,1,4,1,1,2,1,1,2,1,5,6,1,6.0,4.0,5,2,4,5,1,Disagree,Often,Often,Sometimes,No,Annoying,4.0,2.0,137.0,83.0
20,sd016,9,10,10,10,9,9,1,3,5,5,8,10,10,4,1,10,6,7,9,9,6,1,8,10,4,1,4,1,6,6,6,5,6,5,4,5,6,3,4.0,5,4,3,2,4,6,6,2,4,3,1,1,1,1,4.0,6.0,6,5,5,5,6,Strongly agree,Sometimes,Sometimes,Often,No,Neutral,3.0,3.0,179.0,137.0
21,sd017,1,2,4,10,4,5,1,1,2,8,10,1,1,4,1,3,8,1,3,2,1,1,1,6,1,3,3,1,1,2,2,2,3,3,2,3,1,1,3.0,1,1,1,1,2,4,1,3,1,3,1,5,1,1,2.0,1.0,3,2,2,4,2,Neutral,Sometimes,Sometimes,Often,No,Neutral,1.0,2.0,88.0,66.0
22,sub017,4,2,2,10,4,3,2,1,1,1,8,3,7,1,1,1,3,3,2,4,6,1,1,1,1,2,1,2,1,1,1,1,1,1,2,1,1,1,1.0,1,1,1,1,1,1,1,1,1,1,1,1,1,1,1.0,3.0,1,1,1,5,1,Strongly disagree,Often,Often,Sometimes,No,Annoying,3.0,3.0,76.0,41.0
23,sd018,5,7,2,10,1,4,5,8,7,2,6,6,6,8,1,1,9,6,5,7,6,6,6,1,5,8,7,3,3,4,1,5,3,3,4,4,3,5,2.0,4,4,5,4,3,4,3,4,3,3,3,2,4,5,,4.0,5,4,2,4,3,Neutral,Sometimes,Never,Often,No,Neutral,2.0,5.0,145.0,113.0
24,sub018,5,5,10,10,10,10,1,10,10,5,10,10,10,10,1,10,10,10,1,10,10,1,1,10,10,1,10,6,6,1,6,6,6,6,4,6,6,1,6.0,5,3,6,3,1,3,6,6,1,1,1,6,6,1,6.0,6.0,6,6,6,6,6,Neutral,Never,Always,Often,Yes,Exciting,1.0,1.0,201.0,151.0
25,sd019,8,4,6,10,2,5,1,1,9,3,8,5,2,3,1,4,10,5,1,2,2,2,1,5,3,1,2,2,2,3,2,4,4,4,4,4,2,1,3.0,1,4,2,3,1,3,1,3,3,2,1,1,4,2,2.0,1.0,2,2,1,2,2,Neutral,Often,Often,Never,No,Neutral,3.0,3.0,106.0,78.0
26,sd020,7,3,3,10,7,6,1,7,4,5,8,8,7,4,1,2,4,6,1,7,5,1,1,7,1,4,8,2,4,3,2,5,3,5,3,2,1,2,3.0,1,6,3,4,1,4,6,2,4,2,1,1,3,4,5.0,1.0,5,4,5,6,4,Neutral,Never,Sometimes,Sometimes,No,Neutral,2.0,3.0,128.0,107.0
27,sd021,5,3,5,10,8,8,1,2,4,7,10,10,10,8,1,4,5,5,5,5,3,1,2,5,3,1,3,1,5,5,6,4,3,3,3,3,1,1,3.0,2,2,1,3,1,4,1,1,3,3,3,3,3,3,3.0,3.0,3,3,3,3,3,Neutral,Sometimes,Often,Always,Yes,Exciting,1.0,5.0,134.0,92.0
28,sub019,1,7,10,10,8,10,3,6,6,8,5,10,10,7,1,3,9,8,2,10,9,8,2,8,2,2,5,4,5,2,2,5,4,4,4,4,4,4,4.0,4,5,2,2,4,3,6,2,1,4,1,4,5,3,5.0,6.0,6,6,6,6,4,Strongly agree,Never,Often,Always,No,Neutral,1.0,1.0,170.0,131.0
29,sd022,3,8,7,10,2,8,1,7,7,8,7,7,7,8,3,8,3,8,2,8,5,2,2,8,3,2,2,2,5,5,3,4,5,4,4,4,4,2,4.0,4,2,2,3,2,4,5,4,2,2,2,5,5,2,5.0,4.0,5,5,3,3,4,Agree,Often,Sometimes,Sometimes,No,Annoying,3.0,3.0,146.0,119.0
30,Sub020,3,7,4,10,1,7,1,5,5,6,10,6,2,1,1,2,3,5,1,3,1,1,1,1,1,1,1,1,2,1,1,2,2,2,2,1,1,1,,2,1,1,1,1,1,1,2,1,1,1,2,5,1,1.0,3.0,2,2,2,6,1,Strongly disagree,Often,Sometimes,Always,No,Neutral,3.0,3.0,90.0,54.0
31,sd023,5,7,6,10,3,2,2,2,2,4,2,6,9,3,1,5,8,6,3,7,7,3,6,5,8,5,4,3,4,4,2,2,4,3,3,4,3,3,2.0,3,3,3,2,3,2,2,4,4,3,3,3,3,2,2.0,2.0,4,4,3,3,3,Neutral,Never,Sometimes,Never,No,Neutral,4.0,1.0,131.0,98.0
32,sd024,3,7,8,10,2,3,1,9,6,1,8,4,8,9,2,1,3,3,1,3,2,4,2,3,4,3,2,3,2,2,3,4,4,3,4,3,1,3,2.0,1,4,2,2,4,4,1,3,1,4,2,1,5,1,5.0,5.0,5,3,4,5,2,Neutral,Always,Sometimes,Never,No,Annoying,3.0,5.0,112.0,98.0
33,sub021,1,8,8,10,8,6,2,8,5,8,10,8,8,8,1,2,10,8,8,8,2,2,1,6,8,8,2,5,4,5,5,4,4,2,3,5,2,2,1.0,1,2,4,4,1,5,5,4,1,2,1,2,2,1,3.0,6.0,5,5,3,5,2,Neutral,Sometimes,Often,Never,No,Exciting,1.0,1.0,164.0,106.0
34,sd025,4,7,3,10,4,8,6,6,7,5,8,7,9,4,3,4,5,6,3,5,7,7,6,7,2,6,7,1,2,2,1,5,5,3,4,2,2,5,4.0,3,2,5,2,2,5,6,2,1,2,1,1,6,1,2.0,6.0,2,2,5,3,1,Neutral,Sometimes,Always,Sometimes,Yes,Neutral,2.0,4.0,156.0,96.0
35,sd026,1,9,8,10,7,10,1,1,8,10,2,9,10,2,1,1,10,10,2,9,5,1,1,3,1,10,2,3,3,1,5,5,5,5,4,5,1,4,4.0,2,2,4,2,1,2,1,5,2,5,1,5,4,1,6.0,1.0,5,5,5,5,2,Agree,Often,Often,Never,No,Neutral,5.0,2.0,144.0,111.0
36,sd027,6,2,7,10,1,1,1,1,3,1,5,8,3,1,1,2,1,4,2,8,8,1,1,2,1,1,1,4,5,3,2,1,4,4,2,2,1,1,5.0,1,1,1,1,1,2,6,2,1,1,1,2,5,2,6.0,3.0,5,6,3,3,2,Disagree,Often,Never,Sometimes,No,Neutral,2.0,4.0,83.0,89.0
37,sd028,6,8,9,10,4,9,2,4,8,9,8,8,8,8,6,9,6,8,4,9,9,9,9,9,9,3,7,3,5,5,3,6,6,6,3,5,2,4,5.0,2,1,3,3,3,4,5,4,2,2,1,4,4,2,3.0,1.0,6,5,6,6,6,Agree,Never,Often,Often,No,Neutral,3.0,1.0,198.0,126.0
38,sd029,7,8,9,10,5,7,3,5,7,6,7,8,9,5,1,8,7,8,8,7,7,8,8,7,7,6,7,4,4,6,5,5,5,5,5,5,5,2,3.0,3,3,5,5,2,5,2,5,4,2,2,3,4,4,3.0,4.0,2,3,4,5,3,Agree,Sometimes,Sometimes,Never,No,Neutral,1.0,3.0,185.0,127.0
39,sd030,3,8,10,10,1,2,1,5,7,9,2,10,10,10,1,3,3,10,6,8,3,1,10,7,2,3,10,6,5,4,1,5,5,6,3,6,5,4,5.0,3,1,3,2,3,3,4,5,3,1,4,4,3,3,3.0,4.0,2,3,1,6,3,Agree,Always,Always,Always,Yes,Exciting,4.0,2.0,155.0,119.0
40,sub022,1,10,8,10,5,6,1,5,9,10,10,10,8,5,6,10,8,7,1,10,6,2,4,10,2,9,6,4,5,2,1,2,5,3,5,4,1,2,3.0,3,3,3,1,6,4,6,6,2,2,1,1,4,6,3.0,6.0,5,4,4,6,5,Strongly agree,Sometimes,Sometimes,Often,Yes,Neutral,3.0,4.0,179.0,118.0
41,sd031,7,5,8,10,2,3,1,1,4,10,3,7,8,5,1,8,7,4,1,8,5,1,3,7,1,6,9,2,3,2,4,2,4,5,5,2,1,5,2.0,1,1,4,1,4,2,1,2,4,1,3,1,5,3,2.0,4.0,5,3,4,6,4,Strongly disagree,Never,Always,Never,Yes,Neutral,1.0,2.0,135.0,98.0
42,sub023,3,8,7,10,10,5,1,2,7,3,8,10,7,8,3,8,8,9,7,10,5,2,6,9,2,2,8,5,6,6,5,5,5,6,5,4,2,4,4.0,3,2,3,3,4,4,4,6,4,4,3,5,5,3,5.0,6.0,6,4,5,5,5,Agree,Often,Never,Sometimes,No,Exciting,2.0,2.0,168.0,146.0
43,sub024,8,2,3,10,2,8,10,8,4,2,2,9,8,3,2,6,6,6,3,8,9,5,2,8,6,10,7,1,4,3,2,5,5,5,4,5,4,2,4.0,2,2,4,6,4,5,2,4,3,2,2,5,5,5,5.0,2.0,5,5,5,3,3,Neutral,Always,Always,Always,No,Neutral,4.0,2.0,157.0,123.0
44,sd032,7,6,8,10,10,1,1,4,4,4,3,3,2,3,1,2,8,8,2,8,1,5,1,1,1,6,1,1,3,1,1,1,1,1,1,1,1,3,3.0,1,1,1,1,1,1,1,1,1,1,1,1,6,1,3.0,1.0,2,4,1,2,1,,Often,Sometimes,Sometimes,Yes,Annoying,1.0,1.0,111.0,51.0
45,sd033,3,2,7,10,2,6,1,9,9,2,9,2,10,4,1,1,10,2,7,6,4,7,2,1,7,10,9,5,6,2,5,1,6,5,2,5,5,6,5.0,5,6,6,4,2,6,2,4,4,6,1,1,5,2,1.0,6.0,3,5,3,2,1,Neutral,Never,Sometimes,Often,No,Exciting,4.0,2.0,143.0,128.0
46,sd034,4,8,8,10,2,8,1,9,7,8,9,5,7,8,1,9,10,9,3,8,8,1,3,8,3,1,8,4,4,4,1,5,5,5,4,5,2,4,3.0,2,4,4,4,4,4,5,5,1,4,1,1,1,2,4.0,2.0,4,5,4,5,4,Neutral,Often,Always,Never,Yes,Annoying,1.0,5.0,166.0,116.0
47,sd035,3,7,10,10,6,10,6,7,8,6,10,8,8,8,8,9,10,10,8,10,9,10,10,10,10,10,9,6,6,5,5,6,2,4,1,3,5,5,5.0,5,5,5,5,5,5,1,4,4,6,5,6,6,6,6.0,4.0,6,6,6,6,6,Agree,Sometimes,Often,Always,No,Exciting,3.0,3.0,230.0,161.0
48,sd036,4,9,8,10,2,8,2,9,9,6,8,2,8,8,2,2,10,1,10,8,3,1,2,4,2,9,10,1,1,6,6,6,4,5,5,6,4,1,4.0,4,2,5,6,1,4,1,4,1,2,1,5,6,1,5.0,4.0,4,6,2,1,1,Neutral,Sometimes,Sometimes,Always,Yes,Annoying,3.0,1.0,157.0,115.0
49,sd037,4,7,2,10,2,8,2,2,2,1,7,7,3,8,1,8,10,2,7,7,7,1,1,10,1,1,9,1,1,6,4,3,6,6,4,5,5,6,5.0,5,6,4,1,2,5,1,1,6,6,6,6,6,1,6.0,2.0,5,6,4,5,5,Agree,Sometimes,Often,Always,No,Neutral,2.0,4.0,130.0,141.0
50,sd038,8,9,8,10,9,9,5,8,7,7,9,8,9,9,6,9,7,6,8,9,2,8,7,8,6,9,9,4,6,5,6,5,5,6,5,5,6,3,4.0,5,4,5,6,2,6,5,4,5,5,2,4,6,2,4.0,2.0,5,5,6,5,5,Agree,Sometimes,Always,Sometimes,Yes,Happy,2.0,4.0,209.0,153.0
51,sd039,9,9,5,10,2,10,2,8,2,4,10,8,8,8,1,6,9,2,9,8,7,1,3,6,6,9,10,5,4,6,6,5,4,5,3,6,6,6,4.0,5,5,5,5,2,5,1,4,6,6,5,6,6,1,5.0,6.0,5,6,5,5,5,Agree,Sometimes,Sometimes,Always,No,Annoying,2.0,5.0,172.0,159.0
52,sd040,6,10,4,10,4,8,1,2,8,2,8,7,8,8,3,6,8,7,6,9,7,2,2,3,8,9,8,2,5,6,4,2,5,4,4,5,3,2,3.0,3,2,5,4,2,5,4,5,2,2,2,6,5,4,4.0,2.0,5,5,4,3,2,Disagree,Sometimes,Never,Always,No,Exciting,1.0,4.0,164.0,121.0
53,sd041,6,9,4,10,2,8,3,8,2,2,8,9,7,8,9,2,8,2,2,2,7,1,8,2,9,9,9,2,4,5,5,5,4,4,4,5,5,5,5.0,5,4,5,4,4,5,1,4,5,5,4,5,5,6,4.0,5.0,4,5,5,4,1,Agree,Sometimes,Sometimes,Often,No,Neutral,2.0,4.0,156.0,143.0
54,sd042,10,10,2,10,2,7,3,6,2,4,10,2,8,6,2,10,8,2,2,8,2,1,9,9,5,8,8,1,6,4,4,4,6,5,5,6,5,6,5.0,5,2,5,1,1,3,1,6,6,6,5,5,2,1,5.0,5.0,5,4,5,5,5,Strongly agree,Never,Often,Often,Yes,Exciting,4.0,2.0,156.0,140.0
55,sd043,7,7,6,10,3,1,1,3,8,7,4,4,1,3,1,1,8,5,8,4,8,1,1,1,2,2,3,2,2,5,5,3,4,3,4,3,1,5,5.0,1,3,2,2,3,4,5,5,2,3,1,3,6,2,4.0,1.0,3,4,2,4,1,Disagree,Never,Often,Sometimes,No,Neutral,1.0,1.0,110.0,103.0
56,sd044,4,3,6,10,3,7,1,2,5,8,2,4,4,1,1,2,7,8,3,9,8,6,1,4,1,7,7,3,1,4,5,4,3,2,2,4,2,2,3.0,2,2,3,1,2,4,1,4,2,2,2,2,4,2,4.0,1.0,4,2,5,5,2,Agree,Always,Often,Sometimes,Yes,Exciting,4.0,3.0,124.0,91.0
57,sd045,7,8,7,10,4,5,1,6,7,8,9,5,7,5,1,3,9,6,9,6,6,5,3,3,2,7,3,3,3,3,3,4,4,3,3,3,3,3,3.0,3,4,2,1,3,3,1,2,1,3,2,3,5,4,3.0,5.0,4,4,3,5,2,Neutral,Sometimes,Sometimes,Often,Yes,Neutral,3.0,3.0,152.0,101.0
58,sd046,4,5,3,10,8,4,1,3,2,10,8,5,1,8,2,2,7,4,2,3,2,1,1,2,1,1,2,2,3,3,1,2,2,5,3,2,2,2,3.0,4,2,2,2,2,1,5,1,2,2,1,2,2,2,4.0,2.0,2,2,1,3,2,Neutral,Sometimes,Always,Never,No,Neutral,4.0,2.0,102.0,76.0
59,sd047,7,9,9,10,2,3,1,2,5,2,2,4,4,8,1,5,9,7,8,9,8,1,1,5,1,3,2,4,4,3,5,4,4,4,4,4,2,2,3.0,2,2,2,5,3,1,4,2,3,2,3,1,1,2,5.0,5.0,5,4,3,5,2,Agree,Sometimes,Often,Often,No,Neutral,1.0,1.0,128.0,105.0
60,sd048,5,9,7,10,8,9,1,2,7,7,7,7,8,8,2,7,10,9,2,8,7,1,4,6,2,9,7,2,4,4,3,5,4,2,2,5,1,2,2.0,1,1,3,3,2,2,3,2,1,3,2,1,3,2,5.0,4.0,5,4,4,6,4,Agree,Sometimes,Always,Sometimes,No,Neutral,2.0,4.0,169.0,97.0
61,sd049,1,8,8,10,3,6,2,2,7,5,8,7,1,6,1,4,9,7,2,8,9,2,4,5,6,1,5,1,4,2,5,5,5,3,4,4,3,2,3.0,4,2,3,1,1,4,5,4,2,3,1,3,5,2,5.0,5.0,5,4,5,5,4,Agree,Sometimes,Sometimes,Always,No,Exciting,1.0,3.0,137.0,114.0
62,sd050,7,8,5,10,2,7,7,9,9,7,6,7,1,5,5,6,4,7,6,6,7,7,4,7,8,5,1,3,3,4,4,5,3,4,5,5,5,4,3.0,4,3,3,4,4,5,5,5,4,4,5,5,4,5,4.0,5.0,4,5,4,4,4,Disagree,Never,Sometimes,Sometimes,Yes,Neutral,3.0,3.0,163.0,138.0
63,sd051,8,8,8,10,9,9,1,1,5,7,8,8,7,5,1,4,4,7,5,9,8,1,1,3,1,4,3,3,5,4,4,5,4,5,4,4,3,4,4.0,4,4,4,3,4,4,5,2,2,2,1,2,1,1,4.0,4.0,4,3,5,6,3,Strongly agree,Often,Never,Sometimes,No,Exciting,2.0,3.0,145.0,117.0
64,sd052,1,7,9,10,1,6,1,4,4,4,3,4,4,2,1,3,3,3,5,5,5,2,3,2,1,1,3,2,5,4,4,3,2,2,5,3,1,2,2.0,1,5,2,2,1,5,1,2,1,3,2,1,2,2,3.0,2.0,4,3,2,3,2,Disagree,Sometimes,Never,Sometimes,No,Neutral,4.0,5.0,97.0,84.0
65,sd053,3,7,8,10,3,3,1,2,2,2,4,4,3,2,1,2,1,4,3,4,3,2,1,1,1,2,3,5,1,3,2,2,4,4,4,3,2,3,3.0,3,3,1,2,2,2,1,3,2,2,2,2,2,2,2.0,2.0,2,2,2,3,2,Neutral,Often,Often,Sometimes,No,Neutral,1.0,3.0,82.0,80.0
66,sd054,1,8,9,10,9,8,1,9,9,9,3,5,1,3,1,7,7,8,9,9,9,8,3,9,9,8,5,5,4,5,5,5,5,5,5,5,4,5,5.0,3,5,5,4,4,4,4,4,4,5,4,5,5,1,4.0,,5,5,5,5,4,Agree,Often,Often,Sometimes,No,Exciting,4.0,3.0,177.0,143.0
67,sd055,6,9,3,10,2,2,3,7,7,3,9,3,10,7,1,2,9,2,2,8,3,3,2,1,2,7,8,1,2,2,1,2,6,5,5,4,2,5,3.0,4,4,5,5,1,5,1,5,2,5,2,5,5,2,5.0,2.0,5,3,2,2,2,Strongly disagree,Never,Always,Always,No,Exciting,2.0,2.0,131.0,110.0
68,sd056,8,10,2,10,4,3,1,9,3,2,8,9,8,8,1,3,8,3,2,8,8,3,8,3,8,9,9,2,2,3,2,2,6,6,5,6,5,2,1.0,5,5,5,5,4,4,1,5,5,6,5,6,6,1,6.0,5.0,6,5,4,5,1,Neutral,Never,Always,Always,Yes,Exciting,4.0,2.0,158.0,137.0
69,sd057,6,8,9,10,8,8,2,3,3,2,3,8,7,6,1,6,7,8,2,4,3,2,3,4,2,9,6,2,2,2,2,6,4,6,4,3,2,2,2.0,2,5,5,2,2,5,5,3,2,2,2,2,5,2,5.0,2.0,2,5,2,2,2,Disagree,Never,Never,Always,No,Neutral,3.0,5.0,140.0,101.0
70,sd058,4,10,8,10,2,9,4,4,8,2,3,9,9,3,1,2,9,8,6,8,3,1,3,8,2,8,7,2,2,5,5,5,4,4,4,5,2,2,2.0,2,2,2,3,3,5,1,2,4,2,2,5,2,2,5.0,4.0,5,4,5,5,5,Neutral,Sometimes,Never,Always,No,Neutral,2.0,4.0,151.0,112.0
71,sd059,3,9,8,10,7,8,3,7,8,3,8,8,6,8,1,9,8,8,7,9,7,8,7,9,7,7,8,5,5,5,5,6,4,5,4,6,4,6,5.0,5,5,5,5,4,5,1,2,6,6,5,5,6,4,4.0,2.0,5,5,5,4,5,Agree,Sometimes,Always,Always,Yes,Neutral,2.0,4.0,191.0,154.0
72,sd060,5,9,3,10,2,7,2,8,9,8,7,9,4,3,1,8,8,2,2,9,1,1,1,9,8,9,2,1,1,6,4,2,5,4,3,4,2,1,2.0,2,1,5,5,1,1,2,2,1,2,2,5,2,2,5.0,5.0,4,5,4,5,2,Neutral,Never,Always,Always,No,Neutral,1.0,1.0,147.0,98.0
73,sd061,5,3,1,10,1,1,1,4,6,2,9,2,3,2,5,1,9,2,5,2,5,2,1,2,3,4,5,3,3,3,5,4,4,3,3,3,1,2,3.0,1,3,2,1,1,5,5,2,3,2,3,3,4,4,4.0,4.0,3,3,3,3,2,Neutral,Often,Often,Often,No,Neutral,1.0,1.0,96.0,98.0
74,sd062,1,8,10,10,5,10,1,10,10,10,8,8,8,9,1,3,9,9,9,9,9,1,1,9,2,2,9,6,6,4,6,6,6,6,6,3,1,4,4.0,4,5,6,6,4,6,1,4,5,6,4,6,6,1,6.0,6.0,6,6,6,6,3,Strongly agree,Sometimes,Sometimes,Often,No,Exciting,3.0,3.0,181.0,161.0
75,sd063,3,8,9,10,6,8,1,7,8,3,9,7,6,2,1,5,4,10,4,10,4,5,1,5,7,1,4,3,4,2,6,5,3,4,1,2,1,2,1.0,1,5,3,2,2,3,5,1,1,1,2,1,5,1,2.0,6.0,6,4,4,3,1,Neutral,Sometimes,Always,Often,Yes,Exciting,4.0,5.0,148.0,93.0
76,sd064,4,6,5,10,3,6,1,2,4,1,7,3,3,2,1,4,3,5,2,5,5,1,2,4,2,5,4,2,2,2,2,4,3,3,4,4,1,2,4.0,1,1,2,2,3,2,3,4,4,4,4,4,2,3,3.0,3.0,4,4,3,3,3,Neutral,Sometimes,Often,Often,No,Neutral,2.0,3.0,100.0,95.0
77,sd066,10,10,8,10,10,1,1,5,8,10,10,9,10,10,1,5,10,10,10,10,10,5,1,8,1,5,8,4,6,6,6,3,4,4,4,5,1,3,2.0,2,2,3,4,2,3,1,5,1,2,1,1,3,2,3.0,5.0,6,6,5,6,2,Agree,Always,Sometimes,Never,No,Neutral,4.0,4.0,196.0,113.0
78,sd065,3,1,8,10,1,10,1,9,7,5,10,9,10,8,1,1,6,10,9,10,10,10,1,2,10,8,3,6,6,3,2,2,2,1,1,1,1,2,2.0,2,2,5,3,5,5,5,5,1,1,1,4,6,1,2.0,6.0,6,6,6,6,1,Agree,Often,Sometimes,Sometimes,No,Annoying,2.0,2.0,173.0,108.0
79,sd067,4,7,6,10,1,8,1,7,8,5,8,8,10,9,1,2,10,6,4,6,7,2,4,4,10,1,4,1,6,6,6,6,3,2,1,2,1,1,1.0,1,2,6,6,6,4,1,2,1,1,1,2,6,1,6.0,3.0,5,5,6,6,2,Agree,Often,Never,Often,Yes,Neutral,2.0,4.0,153.0,109.0
80,sampo84,2,8,2,10,3,2,1,1,3,2,1,2,1,1,1,1,8,1,1,3,2,2,1,1,1,1,1,1,1,1,1,1,1,4,5,4,1,1,2.0,1,1,1,1,1,3,2,1,1,1,1,1,3,1,5.0,1.0,2,1,1,1,1,Disagree,Often,Always,Sometimes,No,Exciting,,,63.0,54.0
81,prfpo78,2,9,8,10,2,7,2,3,4,4,9,6,7,7,1,2,6,3,6,6,6,1,1,2,2,5,7,2,2,5,2,4,2,4,3,4,2,2,2.0,2,2,2,2,3,2,1,1,1,1,1,3,5,2,4.0,2.0,5,4,4,2,1,Strongly disagree,Never,Always,Never,No,Exciting,,,128.0,84.0
82,nimpo70,4,4,4,10,4,4,3,7,6,5,9,7,8,5,2,3,9,8,8,6,3,2,3,4,8,8,3,2,2,4,1,4,2,2,3,1,1,2,3.0,2,4,3,1,2,1,2,3,2,2,1,4,4,4,2.0,2.0,3,2,3,3,2,Disagree,Sometimes,Sometimes,Often,No,Exciting,,,147.0,79.0
83,admpo96,1,2,3,10,1,3,1,1,1,1,5,1,1,1,1,1,6,1,1,1,1,1,1,1,2,1,1,1,1,1,1,1,1,1,1,1,1,1,1.0,1,1,1,1,2,1,6,4,1,1,1,1,6,1,1.0,1.0,1,1,1,1,1,Strongly disagree,Sometimes,Sometimes,Sometimes,No,Neutral,,,51.0,47.0
84,swmpo79,4,8,9,10,2,7,1,2,8,7,10,5,8,6,1,4,8,5,2,4,6,7,6,1,10,8,4,3,3,5,3,4,4,5,3,3,4,6,4.0,4,1,1,2,2,2,3,4,2,2,2,3,2,4,2.0,5.0,4,4,5,2,1,Agree,Often,Always,Often,Yes,Exciting,,,153.0,104.0
85,hampo82,1,9,9,10,6,10,1,1,3,9,1,8,4,4,1,9,10,9,8,9,8,8,3,8,6,5,3,5,5,5,5,5,2,3,3,4,3,2,4.0,1,1,2,2,2,5,5,4,2,2,1,4,4,1,2.0,4.0,6,5,5,6,4,Agree,Always,Often,Sometimes,Yes,Annoying,,,163.0,114.0
86,chmpo91,2,3,5,10,3,9,1,2,2,5,8,3,2,2,2,8,9,8,2,6,2,2,2,6,10,10,2,4,1,1,1,1,3,3,3,1,1,2,3.0,2,1,1,1,1,1,1,6,1,1,1,2,5,2,1.0,2.0,4,2,2,5,1,Strongly agree,Sometimes,Often,Always,No,Neutral,,,126.0,67.0
87,armpo94,10,1,1,1,1,1,1,1,1,1,1,1,1,1,1,1,1,1,1,1,1,1,1,1,1,1,1,5,1,1,1,1,1,1,1,1,1,1,1.0,1,1,1,1,1,1,1,1,1,1,1,1,1,1,1.0,1.0,1,1,1,1,1,Strongly disagree,Never,Never,Never,Yes,Sad,,,36.0,37.0
88,nimpo70,1,3,1,10,1,1,1,1,1,1,1,1,1,1,1,1,1,1,1,1,1,1,1,1,1,1,1,1,1,1,1,1,1,1,1,1,1,1,1.0,1,1,1,1,1,1,1,1,1,1,1,1,1,1,1.0,1.0,1,1,1,1,1,Strongly disagree,Often,Often,Sometimes,Yes,Neutral,,,38.0,33.0
89,mampo91,4,8,8,10,2,5,3,3,8,8,2,8,3,7,2,2,9,10,6,8,6,6,7,2,5,3,2,5,5,5,3,5,5,4,5,2,1,1,2.0,1,3,1,2,2,2,2,2,2,2,2,4,5,2,2.0,2.0,6,4,5,5,2,Agree,Often,Sometimes,Always,No,Neutral,,,147.0,101.0
90,vimpo87,1,6,5,10,4,10,3,1,1,3,10,3,1,1,1,1,10,6,1,10,7,1,1,1,3,1,3,4,4,1,1,6,6,6,3,6,1,1,4.0,1,1,3,1,1,1,6,3,1,1,1,6,6,1,3.0,3.0,6,3,3,1,1,Disagree,Sometimes,Sometimes,Often,No,Neutral,,,105.0,96.0
91,mufpo62,3,3,5,5,4,7,4,3,4,8,7,7,10,1,1,4,6,6,5,6,4,7,5,5,6,4,2,2,3,3,5,3,5,4,4,4,4,2,3.0,3,2,3,2,2,3,3,4,3,2,3,4,2,3,3.0,2.0,4,2,3,2,2,Agree,Often,Always,Sometimes,No,Neutral,,,132.0,99.0
92,gympo93,4,9,6,10,1,2,1,1,7,1,10,1,1,3,1,1,10,6,2,6,3,4,2,1,1,10,1,4,4,4,1,4,4,4,1,4,1,1,3.0,1,1,1,1,1,1,4,4,1,1,1,4,5,1,4.0,1.0,4,4,1,2,1,Strongly disagree,Always,Sometimes,Never,No,Neutral,,,105.0,79.0
93,mumgr63,2,8,8,10,8,6,2,6,8,6,8,8,3,8,4,7,7,6,6,8,6,4,4,7,7,6,6,3,5,5,4,4,4,4,5,5,3,3,3.0,3,2,3,2,2,4,2,2,2,2,3,3,5,3,4.0,4.0,5,3,4,5,5,Agree,Often,Never,Often,Yes,Neutral,,,169.0,116.0
94,aamgr90,1,5,5,10,1,1,1,1,1,7,1,6,1,8,1,1,1,8,1,7,1,1,1,8,1,1,1,4,1,1,1,1,4,4,3,2,1,1,1.0,1,1,1,1,3,1,1,1,1,1,1,1,4,1,4.0,5.0,3,1,3,4,1,Disagree,Often,Never,Sometimes,No,Neutral,,,82.0,64.0
95,gamgr96,2,10,6,10,1,7,1,1,2,8,9,5,4,6,1,3,10,6,8,8,2,2,1,3,1,2,10,3,2,3,3,3,5,4,5,5,2,4,4.0,1,6,1,2,2,2,5,3,1,1,1,1,2,1,5.0,1.0,4,3,2,2,2,Agree,Always,Always,Sometimes,No,Neutral,,,129.0,91.0
96,nifpo93,8,9,9,10,1,8,1,1,8,4,2,7,7,7,2,2,7,7,2,9,8,1,7,4,1,3,10,1,4,5,1,5,6,4,6,6,2,4,4.0,1,4,4,3,4,5,1,2,5,2,6,2,5,2,6.0,2.0,6,4,4,5,2,Neutral,Sometimes,Never,Often,No,Neutral,,,145.0,123.0
97,srfpo99,1,8,8,10,2,8,1,1,10,8,8,9,3,9,1,1,9,9,8,9,9,1,2,4,1,1,9,4,6,5,6,4,1,1,1,4,1,2,4.0,1,3,6,4,2,1,3,1,3,1,3,4,5,3,5.0,5.0,5,5,4,4,1,Neutral,Often,Sometimes,Sometimes,No,Neutral,,,150.0,108.0
98,armpo81,4,6,6,9,3,7,2,2,6,6,7,4,6,6,2,2,6,5,3,6,6,2,2,2,6,7,5,3,3,3,2,4,4,4,3,4,2,3,4.0,2,2,2,2,3,4,2,2,5,2,5,2,5,3,5.0,5.0,4,4,4,5,2,Disagree,Sometimes,Often,Often,No,Exciting,,,128.0,109.0
99,vamgr95,1,5,6,10,3,8,3,1,5,10,6,8,8,1,1,10,8,9,6,7,6,2,1,8,3,8,6,3,5,5,2,5,3,3,3,3,4,2,3.0,3,3,4,3,4,3,3,4,3,4,3,3,3,4,3.0,3.0,4,4,3,3,4,Agree,Sometimes,Sometimes,Often,Yes,Neutral,,,150.0,112.0
100,k mpo80,2,7,9,10,7,8,5,6,7,5,5,9,10,6,1,3,9,8,5,9,9,6,2,6,2,3,5,4,6,4,2,5,4,3,3,4,5,2,5.0,5,3,3,3,5,2,6,4,3,3,2,4,5,3,5.0,6.0,6,5,6,6,3,Strongly agree,Sometimes,Often,Often,No,Neutral,,,164.0,135.0
101,swmpo70,5,8,7,10,5,6,1,10,5,2,10,5,10,9,1,1,10,3,1,4,6,3,5,7,5,5,5,3,3,3,3,3,3,2,3,2,2,2,2.0,2,1,1,1,6,6,5,6,5,5,4,2,3,4,2.0,3.0,4,4,2,3,3,Disagree,Often,Sometimes,Sometimes,No,Exciting,,,149.0,103.0
102,pimpo88,4,2,6,10,3,7,1,2,5,7,4,6,3,3,2,4,7,6,4,6,7,4,2,4,2,1,2,2,2,4,2,4,2,1,3,2,2,1,3.0,2,2,5,1,2,3,1,2,2,1,2,2,1,2,4.0,5.0,4,4,5,5,4,Agree,Often,Often,Sometimes,Yes,Neutral,,,114.0,87.0
103,lumgr95,7,8,8,10,4,9,1,1,8,9,2,5,5,4,2,3,3,7,7,8,7,8,3,6,4,4,3,2,5,4,6,5,4,5,3,4,4,4,4.0,4,2,3,3,2,4,5,2,4,5,3,5,5,2,5.0,3.0,5,6,4,5,3,Agree,Sometimes,Sometimes,Often,No,Neutral,,,146.0,130.0
104,gampo95,8,8,6,10,4,9,1,10,9,10,10,6,4,9,4,9,8,9,8,8,7,6,5,6,3,6,8,5,5,6,6,6,6,4,5,5,4,5,6.0,4,2,3,3,3,4,5,4,3,3,3,6,6,3,5.0,5.0,4,5,2,4,4,Neutral,Often,Often,Sometimes,No,Exciting,,,191.0,144.0
105,pafpo63,7,8,6,10,8,5,1,4,6,8,8,8,8,8,2,7,5,9,9,9,9,4,3,5,2,4,8,5,5,6,3,2,3,3,5,3,2,3,2.0,2,4,6,3,3,2,1,3,4,3,6,2,6,2,5.0,5.0,6,3,5,5,3,Agree,Often,Sometimes,Never,No,Annoying,,,171.0,121.0
106,nafgr83,5,5,5,10,1,1,1,1,1,1,5,1,1,1,1,1,5,1,1,1,5,1,1,1,1,1,1,1,1,1,1,1,1,3,3,1,3,1,1.0,1,1,1,1,1,1,1,1,1,1,1,1,1,1,1.0,1.0,1,1,1,1,1,Strongly disagree,Sometimes,Sometimes,Often,Yes,Neutral,,,60.0,39.0
107,dimgr79,5,2,5,10,8,6,1,1,5,1,3,2,8,1,1,4,6,4,7,6,5,3,2,6,2,1,1,4,3,2,5,5,3,4,4,3,2,2,2.0,1,2,1,1,2,2,1,3,1,1,1,1,2,2,5.0,4.0,4,5,3,3,2,Neutral,Sometimes,Sometimes,Often,No,Neutral,,,106.0,86.0
108,chmgr70,7,10,10,10,6,9,1,8,8,9,5,7,3,8,2,1,1,8,10,10,8,2,1,1,1,3,6,4,5,4,1,6,6,6,6,5,6,6,4.0,6,6,2,1,1,4,5,2,1,1,1,3,5,1,5.0,1.0,6,6,4,6,2,Agree,Often,Often,Sometimes,No,Exciting,,,155.0,128.0
109,vimgr83,4,8,6,10,1,6,1,1,7,5,7,2,1,7,1,1,3,2,1,6,6,2,1,1,1,1,1,2,5,1,2,1,3,4,3,5,1,1,4.0,1,2,3,1,1,2,2,4,2,2,2,2,5,1,5.0,6.0,4,4,1,1,1,Disagree,Sometimes,Always,Sometimes,No,Exciting,,,93.0,84.0
110,samgr87,2,8,6,10,1,4,2,7,7,5,9,3,4,4,1,5,4,7,2,8,7,6,2,5,3,5,3,4,5,1,1,4,5,4,5,4,1,5,3.0,1,1,1,1,1,2,5,5,2,1,4,2,2,1,5.0,4.0,5,4,3,3,3,Neutral,Sometimes,Never,Often,No,Exciting,,,130.0,98.0
111,shfgr94,3,10,9,10,1,1,1,1,1,5,1,7,7,1,1,1,10,7,1,10,3,1,1,2,8,5,1,6,1,1,1,1,3,2,3,5,4,3,2.0,1,1,1,1,1,4,1,1,1,1,1,1,6,1,1.0,6.0,6,6,6,6,1,Agree,Never,Often,Sometimes,No,Annoying,,,109.0,86.0
112,kumgr63,5,5,5,10,7,7,6,7,7,8,7,7,7,8,6,4,6,4,2,7,5,3,7,3,8,2,9,4,2,4,4,2,5,3,3,3,2,3,4.0,5,2,5,3,6,3,4,5,3,5,5,4,4,5,5.0,5.0,5,6,5,5,4,Agree,Always,Never,Never,No,Exciting,,,162.0,133.0
113,rimgr95,9,10,10,10,7,8,5,7,7,10,2,8,10,10,1,4,6,10,7,10,8,8,10,6,2,2,9,6,6,6,6,5,1,1,1,1,3,5,3.0,2,3,4,3,2,4,6,3,5,6,6,3,5,1,4.0,6.0,6,6,6,6,3,Strongly agree,Always,Often,Sometimes,No,Exciting,,,196.0,134.0
114,asmpo93,4,7,5,10,5,3,3,4,8,4,3,4,4,3,4,3,9,4,2,2,7,5,5,3,7,7,4,3,4,5,5,4,3,5,5,5,3,4,4.0,5,3,2,5,3,4,6,5,4,5,4,3,2,4,4.0,6.0,3,4,6,5,2,Strongly disagree,Often,Often,Sometimes,Yes,Exciting,,,129.0,135.0
115,ramgr89,5,8,6,10,4,8,3,7,7,7,10,7,7,7,1,3,7,5,5,5,7,5,3,7,7,7,5,4,4,3,3,3,3,4,4,1,3,3,3.0,4,4,2,4,4,4,4,4,5,3,3,3,3,4,4.0,4.0,4,4,3,4,3,Neutral,Sometimes,Sometimes,Often,No,Annoying,,,163.0,115.0
116,shmpo70,4,9,8,9,4,9,2,3,7,6,8,6,4,7,3,6,8,8,4,8,8,2,2,3,2,9,3,2,5,5,5,5,5,5,3,4,5,3,2.0,2,1,2,2,1,2,3,5,4,2,2,3,4,2,5.0,4.0,5,4,4,5,2,Neutral,Sometimes,Often,Never,No,Neutral,,,152.0,113.0
117,sumgr81,3,4,4,10,5,10,1,8,10,10,7,4,2,2,1,5,10,6,5,5,6,5,5,5,6,5,5,4,6,6,6,6,4,6,3,3,3,6,3.0,6,6,6,6,6,6,6,6,6,6,6,6,6,6,6.0,6.0,6,6,6,6,6,Strongly agree,Always,Always,Sometimes,Yes,Exciting,,,149.0,182.0
118,vimgr93,7,8,7,9,7,7,7,8,8,6,8,7,6,8,8,7,7,8,6,8,7,8,6,5,8,8,7,5,4,5,4,5,5,5,5,4,5,5,5.0,5,5,5,4,4,5,6,4,4,5,5,3,2,4,3.0,4.0,3,4,5,5,4,Neutral,Sometimes,Sometimes,Sometimes,No,Neutral,,,196.0,146.0
119,chmgr93,6,6,5,7,5,6,7,5,5,6,6,4,3,7,8,5,7,7,7,5,5,5,4,4,4,5,6,4,3,3,5,4,4,3,3,4,4,2,4.0,2,2,3,3,3,4,1,1,4,3,4,3,6,1,4.0,4.0,3,4,3,3,4,Neutral,Sometimes,Often,Often,No,Neutral,,,150.0,108.0
120,pofgr78,6,6,4,7,3,7,5,6,6,7,7,4,7,7,4,5,6,7,5,4,6,5,6,5,8,9,4,3,4,4,3,4,3,4,4,4,2,4,4.0,3,5,3,4,4,3,3,5,3,4,4,4,3,5,3.0,5.0,3,5,4,3,4,Disagree,Often,Sometimes,Always,Yes,Neutral,,,156.0,123.0
121,asmpo99,5,8,6,10,3,1,1,5,5,3,10,7,5,9,1,1,10,8,5,7,5,1,1,3,1,10,4,1,4,6,4,1,3,1,1,1,1,1,3.0,1,4,3,3,1,3,1,3,4,1,4,4,1,1,6.0,6.0,4,3,6,4,1,Neutral,Always,Always,Sometimes,No,Annoying,,,135.0,91.0
122,ifmgr84,5,8,7,10,8,8,1,8,8,9,8,7,8,8,1,4,2,3,6,8,8,1,3,6,2,3,2,1,1,6,6,6,5,5,3,5,2,4,4.0,3,4,3,3,3,4,4,3,2,5,2,2,5,5,5.0,3.0,5,4,3,2,1,Disagree,Often,Often,Sometimes,No,Exciting,,,152.0,119.0
123,dhmgr83,7,6,7,10,1,3,1,10,2,5,10,9,1,5,1,1,1,1,1,4,4,4,5,6,6,6,4,2,1,2,3,2,3,2,2,3,3,3,3.0,3,4,2,4,3,3,4,3,4,4,2,4,3,3,3.0,4.0,5,4,5,3,4,Neutral,Sometimes,Sometimes,Sometimes,No,Neutral,,,121.0,103.0
124,defpo84,5,8,10,10,8,10,5,5,8,10,10,10,5,2,2,8,3,10,10,10,5,8,2,8,3,1,1,3,5,5,5,6,3,3,1,3,2,1,2.0,2,1,1,1,1,2,5,3,1,1,1,1,2,3,6.0,3.0,6,5,5,6,5,Agree,Sometimes,Often,Never,No,Neutral,,,177.0,100.0
125,kafpo82,5,7,7,10,8,8,1,7,8,5,2,7,8,9,1,8,4,7,7,6,2,1,1,2,1,1,2,3,4,5,5,5,5,2,2,2,1,3,2.0,1,3,4,2,1,2,1,1,1,1,1,1,4,1,1.0,1.0,5,5,4,5,2,Agree,Often,Sometimes,Often,No,Neutral,,,135.0,86.0
126,yamgr98,9,9,10,10,1,1,1,1,10,1,10,6,5,10,1,1,1,5,2,8,10,4,1,6,2,1,2,3,6,1,1,1,6,6,6,6,4,3,3.0,4,2,4,1,1,2,1,6,5,5,6,6,6,6,5.0,6.0,5,1,3,6,1,Agree,Often,Always,Sometimes,No,Exciting,,,128.0,128.0
127,vemgr81,8,10,9,10,7,8,1,3,8,5,8,8,10,3,1,3,1,3,2,8,2,1,1,3,2,5,2,2,5,1,2,6,6,5,3,5,1,3,4.0,1,1,1,1,6,5,1,4,1,1,1,1,5,2,5.0,6.0,5,2,5,5,1,Agree,Often,Often,Never,No,Neutral,,,132.0,103.0
128,atmgr98,4,3,2,10,5,8,3,6,7,9,8,5,7,6,3,3,7,6,2,5,3,4,8,6,5,7,9,3,4,2,3,4,5,2,2,3,3,4,5.0,2,5,4,2,5,1,1,4,4,3,2,3,2,3,5.0,5.0,5,4,3,6,3,Neutral,Often,Sometimes,Sometimes,Yes,Exciting,,,151.0,112.0
129,armgr90,4,7,6,10,1,1,1,7,2,3,1,5,10,1,1,1,1,2,2,3,2,1,1,1,1,1,1,4,2,1,1,1,1,1,1,3,1,2,1.0,1,1,1,1,1,4,1,1,1,2,1,1,3,1,6.0,1.0,4,3,5,6,1,Disagree,Never,Often,Sometimes,Yes,Neutral,,,77.0,65.0
130,jamgr99,4,2,7,10,2,8,1,3,8,3,1,8,8,7,1,3,1,7,5,8,7,9,1,3,1,6,2,5,4,4,2,4,2,2,2,2,2,1,2.0,3,1,1,3,3,2,4,2,1,2,1,4,5,2,4.0,1.0,5,5,5,6,2,Agree,Never,Often,Often,No,Exciting,,,126.0,94.0
131,mimpo98,3,2,10,10,9,10,2,10,10,10,8,7,7,8,8,7,10,10,2,10,9,10,8,8,8,8,4,1,6,6,6,6,2,2,1,1,1,3,3.0,2,2,5,5,3,6,6,5,4,3,4,5,6,6,6.0,6.0,6,6,6,6,5,Strongly agree,Often,Sometimes,Sometimes,No,Neutral,,,208.0,141.0
132,mampo80,2,7,5,10,1,1,1,1,1,4,2,5,9,2,1,2,8,2,1,7,1,1,1,5,1,2,3,2,2,1,1,1,5,4,5,3,2,1,2.0,1,1,1,1,1,1,2,5,2,1,1,1,4,1,5.0,5.0,3,4,3,2,2,Disagree,Always,Often,Sometimes,No,Neutral,,,86.0,76.0
133,prmgr90,5,8,8,10,2,7,1,1,4,9,9,2,4,9,1,3,3,6,1,5,6,3,2,4,8,3,3,1,2,2,2,2,5,4,6,5,2,4,1.0,1,1,3,1,2,2,2,4,1,4,2,1,5,2,6.0,1.0,5,4,2,5,2,Disagree,Sometimes,Often,Sometimes,No,Happy,,,127.0,92.0
134,d mpo80,3,8,9,10,1,2,1,2,1,3,1,9,10,2,1,9,7,4,1,8,1,1,1,9,1,2,1,3,4,3,1,1,5,5,4,3,3,2,3.0,1,1,1,1,1,4,1,5,2,1,1,5,6,1,5.0,1.0,5,4,5,6,5,Agree,Always,Always,Never,No,Annoying,,,108.0,99.0
135,mumgr93,2,8,7,10,2,2,1,2,6,7,6,6,3,3,1,3,3,6,2,7,7,1,1,6,1,6,3,2,2,1,3,2,4,4,3,5,2,1,5.0,3,5,1,1,1,4,4,1,1,1,1,4,5,2,5.0,1.0,5,2,4,4,2,Disagree,Never,Often,Often,No,Neutral,,,112.0,91.0
136,vimgr92,6,2,8,10,8,8,1,2,5,10,9,9,9,9,1,3,7,8,1,8,8,1,4,8,1,1,8,1,6,5,2,5,5,5,5,5,2,6,5.0,3,5,5,5,3,5,2,5,2,4,1,5,5,2,2.0,1.0,5,5,4,4,2,Strongly agree,Often,Never,Always,No,Neutral,,,155.0,127.0
137,nemgr93,10,8,5,10,2,2,1,1,5,1,8,3,4,8,1,1,8,5,4,8,1,1,1,1,1,1,1,1,1,2,2,1,1,4,1,3,1,1,1.0,1,1,1,1,1,1,1,1,1,1,1,1,5,1,5.0,2.0,5,5,2,4,1,Neutral,Often,Sometimes,Sometimes,No,Neutral,,,102.0,61.0
138,chmpo75,3,10,8,10,7,10,2,1,9,5,10,9,10,7,1,4,9,6,8,8,8,8,2,7,3,2,8,5,5,6,6,6,3,3,2,4,1,6,6.0,4,6,6,1,4,2,6,6,5,4,4,6,6,4,6.0,6.0,6,5,6,5,3,Agree,Sometimes,Never,Always,No,Neutral,,,175.0,154.0
139,vafpo93,8,10,10,10,8,10,1,9,9,8,9,10,10,9,1,1,7,9,8,10,9,1,4,1,1,3,3,1,3,1,1,5,5,5,3,5,3,5,5.0,4,6,6,6,5,4,1,2,1,2,2,1,5,1,6.0,6.0,6,5,5,6,1,Agree,Sometimes,Never,Often,No,Exciting,,,179.0,123.0
140,shmgr77,1,9,6,10,1,4,1,1,4,7,10,6,10,7,1,1,10,6,1,5,2,1,1,4,4,7,6,3,4,1,1,2,4,4,5,5,4,3,5.0,5,4,4,2,6,3,1,5,1,5,1,3,6,1,4.0,6.0,5,4,4,5,2,Neutral,Never,Often,Often,No,Neutral,,,126.0,118.0
141,kofpo91,5,9,9,10,5,5,2,2,5,9,5,8,5,2,2,2,2,9,2,9,7,2,1,2,2,4,5,5,4,5,1,4,2,2,2,2,2,2,2.0,2,2,2,2,3,2,1,1,2,1,1,1,5,2,5.0,5.0,5,4,4,5,3,Strongly agree,Never,Always,Often,No,Annoying,,,130.0,91.0
142,romgr96,7,7,8,10,6,8,4,5,3,8,8,7,10,5,5,5,5,5,4,8,8,4,3,5,5,7,7,4,3,4,2,4,4,4,4,4,3,4,1.0,4,6,4,4,3,4,5,3,2,4,3,3,4,4,2.0,2.0,3,3,3,3,3,Disagree,Sometimes,Sometimes,Never,No,Exciting,,,167.0,113.0
143,kimpo81,2,1,1,10,1,1,1,1,2,1,1,2,1,1,1,2,2,1,1,2,10,1,1,1,1,2,1,2,1,1,2,2,5,4,3,5,2,1,4.0,3,1,2,1,1,2,1,5,1,1,2,1,3,1,4.0,2.0,2,2,2,3,1,Disagree,Often,Often,Sometimes,No,Neutral,,,52.0,73.0
144,armgr95,5,3,7,10,5,3,1,3,9,5,7,3,10,4,1,5,9,3,1,6,5,1,1,3,5,6,3,2,3,4,1,2,4,4,4,4,1,3,4.0,1,6,1,2,4,4,5,3,1,1,1,2,6,4,3.0,4.0,2,5,2,1,3,Agree,Often,Never,Often,No,Neutral,,,124.0,97.0
145,sampo99,1,8,10,10,9,5,1,2,9,10,8,10,8,7,2,9,5,10,3,10,6,2,1,9,3,3,7,4,6,5,4,4,4,4,3,5,1,5,4.0,2,2,2,2,3,4,5,5,2,3,3,4,6,3,2.0,6.0,6,5,5,6,5,Agree,Sometimes,Sometimes,Sometimes,Yes,Neutral,,,168.0,130.0
146,sompo70,1,1,1,1,5,4,5,5,4,7,7,4,4,5,4,4,6,3,5,9,9,9,10,10,9,9,7,6,6,6,6,6,6,6,6,6,6,6,6.0,6,6,6,6,6,6,6,6,6,6,6,6,6,6,6.0,6.0,6,6,6,6,6,Strongly agree,Often,Sometimes,Always,No,Exciting,,,148.0,198.0
147,sufgr93,5,9,9,10,8,10,6,5,5,9,5,9,8,6,5,8,9,10,4,10,10,10,9,9,5,6,5,6,6,5,3,5,6,6,5,6,4,1,5.0,4,4,2,2,3,4,2,2,3,1,3,4,6,3,5.0,6.0,6,6,6,6,6,Agree,Often,Often,Often,No,Exciting,,,204.0,142.0
148,ammgr76,4,2,5,10,2,8,1,5,2,7,1,6,4,1,1,2,3,2,3,6,4,2,1,2,1,1,2,2,1,1,3,4,3,2,2,2,1,2,1.0,1,2,1,1,2,2,1,2,1,1,1,1,5,1,4.0,2.0,4,3,3,3,1,Disagree,Sometimes,Often,Often,No,Neutral,,,88.0,66.0
149,rampo70,4,9,2,10,7,10,1,2,8,9,9,3,3,3,1,1,7,2,2,8,1,1,1,1,1,1,1,1,1,3,1,6,5,4,2,5,1,4,3.0,2,3,3,3,1,1,6,1,1,3,2,2,5,2,6.0,6.0,4,5,3,3,1,Agree,Sometimes,Often,Always,No,Annoying,,,108.0,99.0
150,shmgr79,7,3,6,10,1,2,4,7,7,5,8,7,10,3,1,3,9,2,4,4,2,1,1,1,1,4,5,1,1,6,5,1,4,1,5,4,1,2,4.0,1,1,1,1,5,1,4,4,1,2,1,1,5,5,5.0,1.0,3,2,1,1,1,Neutral,Often,Always,Sometimes,No,Neutral,,,118.0,82.0
151,admgr62,4,8,9,10,3,8,2,3,8,7,5,7,3,2,1,9,5,10,7,9,8,4,2,8,2,2,2,5,5,5,3,5,4,3,3,5,3,2,3.0,2,2,1,1,1,5,1,3,1,1,1,4,4,2,5.0,4.0,5,5,4,5,5,Strongly agree,Often,Sometimes,Sometimes,Yes,Exciting,,,,
152,sufpo76,2,10,10,10,1,1,1,1,10,5,10,8,10,1,1,1,10,10,1,10,10,3,1,3,1,5,3,6,2,1,1,1,4,6,6,6,4,6,2.0,2,6,1,1,5,1,1,1,1,1,1,2,4,1,6.0,6.0,6,1,4,6,1,Agree,Sometimes,Never,Always,No,Exciting,,,,
153,sampo93,2,7,4,10,2,9,1,1,1,2,10,2,10,2,1,7,10,4,3,7,6,1,1,6,1,1,2,2,4,1,5,4,4,5,4,4,1,5,5.0,3,1,1,1,2,5,1,6,2,5,2,4,5,2,4.0,5.0,5,2,4,5,6,Agree,Sometimes,Sometimes,Always,Yes,Exciting,,,,
154,kampo73,7,9,8,10,7,6,2,7,7,5,7,5,7,8,3,7,8,6,7,6,6,7,5,7,4,8,4,4,4,2,5,2,5,5,5,5,2,2,3.0,1,3,3,1,2,3,5,3,3,2,3,4,4,2,5.0,5.0,4,3,3,3,4,Agree,Often,Always,Often,Yes,Annoying,,,,
155,samgr93,8,10,4,10,3,7,1,2,2,4,9,2,1,1,1,1,5,4,1,3,2,2,1,1,5,8,1,3,3,5,2,5,2,3,2,4,1,1,1.0,1,1,1,1,1,1,1,3,1,2,1,2,2,2,2.0,1.0,2,2,2,3,1,Disagree,Never,Sometimes,Often,Yes,Neutral,,,,
156,simgr90,4,5,6,10,2,5,1,2,6,1,5,4,4,5,1,6,5,6,1,7,7,4,2,6,2,5,4,2,3,3,3,3,4,4,3,3,2,2,3.0,2,4,2,2,2,2,2,2,1,1,1,1,1,1,2.0,2.0,4,4,3,5,3,Neutral,Often,Always,Never,No,Annoying,,,,
157,mamgr93,6,7,5,9,5,5,1,2,3,8,5,6,3,1,2,5,1,5,1,5,5,3,1,2,1,1,1,1,2,1,2,2,2,2,2,2,1,1,1.0,1,1,1,1,1,2,1,1,1,1,1,1,1,1,2.0,1.0,2,2,2,3,1,Neutral,Often,Often,Sometimes,No,Neutral,,,,
158,nimgr92,5,3,4,9,8,5,7,8,6,8,7,8,4,4,4,5,7,5,8,4,7,5,7,6,5,3,3,5,3,3,4,5,5,6,3,4,3,3,2.0,5,4,4,3,2,4,5,3,3,2,4,5,4,5,4.0,3.0,3,3,5,2,1,Agree,Never,Always,Never,Yes,Neutral,,,,
159,admgr87,2,7,2,10,4,9,1,1,4,3,2,4,5,7,8,8,3,4,5,8,3,7,7,7,1,1,3,5,4,5,6,6,4,5,4,5,5,2,6.0,2,2,2,3,3,4,5,3,5,1,5,5,1,5,1.0,4.0,5,4,5,5,6,Disagree,Sometimes,Often,Often,No,Annoying,,,,
160,kafpo70,5,3,6,10,1,1,1,3,2,3,10,3,1,8,1,1,7,3,3,2,9,2,7,2,2,4,5,1,3,5,3,2,3,3,4,5,2,2,3.0,3,4,3,2,3,2,1,3,1,2,1,5,5,1,5.0,1.0,2,4,2,3,2,Disagree,Sometimes,Never,Often,No,Neutral,,,,
161,tufgr86,3,9,9,9,5,6,4,3,8,6,4,7,9,8,3,7,7,10,5,9,9,6,6,6,6,9,8,5,5,6,4,6,4,4,3,4,4,5,4.0,4,5,5,4,4,5,2,4,4,3,3,6,4,2,4.0,4.0,5,4,5,6,4,Agree,Often,Sometimes,Often,No,Exciting,,,,
162,shmgr87,5,7,8,9,1,1,1,8,8,3,9,8,5,5,1,3,8,8,9,9,8,8,5,5,8,8,8,4,4,5,5,5,5,5,4,5,1,1,2.0,1,1,3,4,4,5,1,4,1,1,1,5,2,3,4.0,5.0,5,5,5,5,3,Neutral,Often,Never,Always,No,Annoying,,,,
163,ammgr92,5,7,6,10,6,7,2,1,6,3,5,4,4,4,5,6,4,4,3,3,4,3,3,4,3,3,3,3,3,4,3,2,3,3,2,4,4,4,5.0,3,4,3,3,3,4,3,2,3,4,3,2,4,3,3.0,3.0,2,3,3,4,4,Disagree,Sometimes,Often,Often,Yes,Exciting,,,,
164,anmgr70,7,7,7,7,7,7,7,7,7,7,7,7,7,7,7,7,7,7,7,7,7,7,7,7,7,7,7,3,3,3,3,3,3,3,3,3,3,3,3.0,3,3,3,3,3,3,3,3,3,3,3,3,3,3,3.0,3.0,3,3,3,3,3,Strongly disagree,Never,Sometimes,Sometimes,No,Neutral,,,,
165,simgr81,1,9,8,10,2,8,1,8,8,4,8,4,1,5,1,1,8,3,2,3,5,5,3,2,5,8,1,5,5,5,1,4,5,5,5,6,4,2,4.0,2,6,2,2,5,4,5,2,1,1,1,2,2,1,1.0,2.0,6,6,6,6,6,Agree,Often,Always,Never,No,Exciting,,,,
166,mefgr73,5,10,7,10,8,8,1,6,6,6,4,5,4,2,1,4,6,3,2,8,8,2,1,2,1,1,4,4,4,4,3,2,3,3,2,5,3,2,2.0,4,5,2,1,1,2,2,2,2,4,1,1,2,1,2.0,1.0,3,3,3,3,2,Neutral,Never,Never,Often,No,Neutral,,,,
167,kamgr93,2,5,8,9,8,7,1,1,5,6,7,5,3,6,1,2,2,7,6,7,3,3,1,2,2,1,2,5,3,3,2,4,5,3,2,3,1,1,2.0,1,1,3,2,1,2,2,2,2,1,2,2,2,2,2.0,5.0,5,3,3,5,1,Neutral,Sometimes,Often,Sometimes,No,Neutral,,,,
168,shmpo94,1,9,10,10,1,10,1,10,9,3,9,10,8,8,1,7,7,10,8,10,1,1,2,8,6,2,3,6,6,6,6,6,3,4,3,4,1,1,2.0,1,1,2,1,1,4,5,4,2,2,3,4,6,3,4.0,6.0,6,5,6,6,4,Strongly agree,Often,Sometimes,Sometimes,No,Annoying,,,,
169,anmgr96,3,7,7,10,2,9,2,8,3,4,5,7,8,3,1,2,2,3,2,9,8,8,1,7,1,1,1,5,4,4,4,4,2,3,2,3,2,1,3.0,3,1,1,1,1,1,2,3,3,1,1,2,2,1,3.0,2.0,5,5,5,6,1,Neutral,Always,Always,Sometimes,No,Neutral,,,,
170,rimgr89,7,4,3,10,2,3,2,5,4,5,4,5,5,5,1,6,4,5,4,5,5,5,4,3,5,5,9,4,3,4,3,4,3,4,2,4,2,3,3.0,3,3,3,3,3,3,3,3,3,3,4,4,4,3,2.0,4.0,3,2,5,3,4,Neutral,Sometimes,Always,Often,Yes,Annoying,,,,
171,anmgr91,1,9,8,10,3,5,1,8,5,8,5,8,8,8,1,3,1,5,1,8,8,1,2,3,6,3,8,2,3,6,3,4,5,4,4,4,3,4,4.0,3,6,3,2,2,3,1,2,1,2,2,4,4,2,3.0,4.0,4,3,4,4,2,Agree,Sometimes,Sometimes,Often,No,Exciting,,,,
172,shmgr99,1,3,3,9,3,1,1,1,4,1,10,3,4,1,1,2,3,3,2,3,3,2,1,2,2,5,1,2,2,1,1,2,3,3,3,3,1,1,1.0,1,1,1,1,1,1,2,3,1,1,1,1,1,1,3.0,1.0,2,2,2,2,2,Disagree,Sometimes,Often,Sometimes,No,Annoying,,,,
173,akmpo97,3,6,7,9,2,2,2,2,3,4,2,5,2,3,2,2,2,4,2,7,7,5,2,2,2,2,1,2,2,2,2,2,4,2,4,5,2,2,1.0,1,1,1,1,1,1,1,2,1,1,1,1,2,1,3.0,1.0,4,2,2,5,2,Disagree,Sometimes,Sometimes,Often,No,Neutral,,,,
174,aymgr96,4,8,5,10,6,6,2,3,4,3,5,7,6,8,3,5,2,8,2,4,6,7,7,5,6,6,5,2,2,2,1,1,1,5,4,4,1,2,1.0,1,1,2,1,2,2,2,2,4,3,3,5,4,4,3.0,3.0,5,4,5,5,4,Strongly disagree,Often,Sometimes,Sometimes,No,Neutral,,,,
175,momgr87,2,8,9,10,4,8,1,2,9,4,7,10,10,6,2,1,6,9,7,10,10,8,7,6,2,2,6,6,6,6,6,6,3,4,1,1,1,1,1.0,1,1,1,1,1,6,6,6,6,3,1,1,1,1,1.0,1.0,6,4,5,5,1,Neutral,Never,Sometimes,Never,No,Neutral,,,,
176,prmgr80,10,8,10,10,6,10,2,10,10,10,10,10,10,10,5,10,8,10,4,10,10,4,7,10,5,8,10,3,6,5,6,6,5,5,2,5,5,2,2.0,4,4,5,3,3,5,6,4,4,5,4,6,6,6,6.0,6.0,6,6,6,6,4,Strongly agree,Often,Often,Always,No,Exciting,,,,
177,nimgr70,2,9,3,10,1,6,1,1,1,8,9,6,1,1,1,1,1,6,1,1,6,4,2,1,1,1,1,1,1,1,1,1,1,1,1,1,1,1,1.0,1,1,1,1,1,1,1,1,1,1,1,1,1,1,1.0,5.0,1,1,1,1,1,Neutral,Often,Often,Sometimes,No,Neutral,,,,
178,jamgr73,5,2,6,10,3,1,1,1,4,5,9,3,2,2,1,3,5,4,1,6,4,1,1,2,2,7,2,2,2,3,2,5,3,2,3,2,3,3,2.0,3,2,2,2,2,2,2,2,3,3,2,4,3,2,2.0,2.0,2,2,2,2,3,Disagree,Often,Often,Always,Yes,Exciting,,,,
179,prmgr80,2,10,10,10,2,10,1,2,10,10,3,9,9,9,2,7,8,8,8,8,8,8,8,8,8,8,8,4,6,3,3,3,2,4,4,1,1,6,4.0,4,6,5,3,4,6,1,5,1,6,2,5,2,1,3.0,5.0,4,4,4,4,5,Agree,Sometimes,Sometimes,Often,No,Neutral,,,,
180,prmgr83,3,7,6,10,3,4,1,1,4,7,4,4,5,2,1,7,4,6,1,3,4,1,2,7,1,1,2,2,3,1,1,1,4,5,4,5,2,5,4.0,2,2,1,1,1,3,4,4,1,1,1,1,4,2,2.0,2.0,4,2,1,4,2,Agree,Sometimes,Sometimes,Sometimes,No,Exciting,,,,
181,bhfpo82,3,8,6,10,3,2,1,3,1,1,1,1,1,1,1,1,9,1,1,2,1,1,1,1,3,1,1,1,1,1,2,1,1,3,1,4,4,3,2.0,2,1,1,1,1,1,1,3,2,1,1,1,6,1,4.0,1.0,1,1,1,1,1,Strongly disagree,Always,Often,Sometimes,No,Neutral,,,,
182,shmpo90,1,3,7,10,1,4,1,1,3,7,7,7,1,1,1,1,7,5,1,3,1,1,1,1,1,3,1,1,1,1,1,1,5,2,2,1,1,1,2.0,1,1,1,1,1,1,1,4,1,1,1,1,5,1,6.0,4.0,4,3,1,1,1,Strongly disagree,Often,Always,Sometimes,No,Annoying,,,,
183,aumgr99,3,9,9,10,10,7,1,8,8,9,3,6,7,9,1,8,8,9,7,8,7,6,8,8,1,1,3,3,4,1,4,4,2,2,5,3,5,5,5.0,5,4,4,2,4,4,4,5,4,5,3,4,2,1,6.0,1.0,5,4,3,6,4,Agree,Always,Often,Sometimes,No,Exciting,,,,
184,simgr91,3,6,5,10,3,6,2,3,5,6,5,5,3,1,1,6,7,2,3,6,5,4,2,2,5,5,4,2,3,3,3,4,3,2,3,2,2,3,3.0,1,5,4,5,4,3,3,4,4,3,2,2,3,3,3.0,2.0,4,2,3,3,3,Disagree,Often,Never,Sometimes,No,Neutral,,,,
185,ommgr91,6,7,10,10,8,10,6,7,8,9,6,10,10,10,7,8,7,10,8,10,10,6,5,8,7,8,9,6,6,5,5,6,6,5,5,5,5,4,4.0,5,4,5,2,3,3,6,5,2,4,4,6,6,2,6.0,6.0,6,6,6,6,4,Agree,Sometimes,Always,Sometimes,Yes,Neutral,,,,
186,abmgr92,1,5,6,10,1,2,1,1,1,6,7,3,1,3,1,2,1,7,1,6,1,1,1,1,2,3,1,1,1,1,1,3,4,4,2,2,4,4,4.0,2,3,1,1,1,1,1,3,1,1,1,1,1,1,1.0,1.0,3,1,1,4,1,Disagree,Always,Never,Never,No,Annoying,,,,
187,samgr97,6,7,3,9,7,4,1,5,3,6,5,7,5,5,1,4,4,5,5,5,4,4,3,3,5,4,5,3,3,3,4,4,4,4,4,4,4,3,4.0,4,4,4,4,4,4,4,4,4,4,4,4,4,4,4.0,4.0,4,4,3,4,3,Neutral,Always,Often,Never,No,Neutral,,,,
188,anmgr78,3,7,7,10,2,2,2,2,2,9,2,2,2,2,2,8,2,9,2,8,2,2,2,2,2,2,2,2,5,2,4,3,2,2,2,2,2,2,2.0,2,2,2,2,2,2,5,3,2,3,2,2,4,2,2.0,2.0,5,5,4,4,1,Agree,Always,Never,Never,No,Annoying,,,,
189,aampo98,3,1,9,10,8,9,1,8,8,7,8,8,9,2,1,2,8,8,1,10,9,6,1,1,3,6,1,5,4,1,1,2,1,5,1,1,1,1,1.0,1,1,1,1,5,2,1,2,1,1,1,1,5,1,5.0,2.0,5,5,6,5,1,Disagree,Sometimes,Sometimes,Sometimes,No,Exciting,,,,
190,rumgr94,1,5,10,10,7,9,4,5,8,10,7,8,7,8,5,4,8,9,6,10,9,8,7,8,7,8,8,6,6,5,6,6,1,5,5,5,4,2,4.0,4,3,5,4,6,5,6,6,5,4,2,5,6,6,5.0,6.0,6,6,6,6,4,Strongly agree,Sometimes,Often,Always,Yes,Exciting,,,,
191,abmpo82,1,1,4,6,9,3,6,8,6,9,3,7,7,7,6,6,7,7,4,6,5,7,6,7,8,2,6,4,3,4,4,4,4,3,4,3,3,3,4.0,4,4,4,4,4,4,5,3,4,4,3,4,4,3,4.0,3.0,4,4,3,3,4,Disagree,Sometimes,Sometimes,Often,Yes,Neutral,,,,
192,kumgr80,5,6,5,10,3,5,7,5,5,5,5,2,4,4,2,3,2,5,3,5,5,5,6,6,7,3,2,3,3,3,4,3,1,3,3,3,3,3,3.0,3,4,4,3,3,4,3,3,4,3,3,3,4,3,3.0,3.0,3,3,3,3,3,Neutral,Sometimes,Sometimes,Sometimes,No,Neutral,,,,
193,ekfpo75,5,2,4,10,1,2,1,1,1,2,2,1,1,1,1,1,1,1,1,2,3,1,1,1,1,1,3,1,2,1,1,1,3,1,3,1,1,1,1.0,1,4,1,1,1,1,1,1,1,1,1,1,1,1,3.0,1.0,3,1,1,4,1,Neutral,Often,Sometimes,Never,No,Neutral,,,,
194,jamgr10,1,3,8,10,3,9,3,6,10,4,1,3,2,7,1,7,1,10,10,9,8,9,1,7,8,9,1,6,3,5,6,5,1,5,5,4,3,2,3.0,2,2,5,2,6,6,1,1,3,2,3,6,4,4,4.0,5.0,5,6,4,4,5,Strongly agree,Often,Often,Always,No,Sad,,,,
195,nimpo70,7,7,6,7,8,4,8,7,8,8,3,6,3,10,6,5,5,5,8,6,1,3,5,5,6,8,3,2,3,4,5,5,3,1,2,4,4,2,3.0,4,3,5,4,3,1,5,6,3,2,2,3,4,5,3.0,3.0,3,2,1,3,3,Neutral,Often,Sometimes,Often,Yes,Neutral,,,,
196,ramgr73,2,10,10,10,8,5,1,10,7,8,7,8,9,10,1,10,3,10,9,10,7,7,4,9,8,5,7,2,5,6,6,6,4,4,3,5,5,5,4.0,5,5,3,5,6,4,6,6,4,4,1,3,6,1,6.0,3.0,6,6,6,5,4,Agree,Often,Often,Never,No,Neutral,,,,
197,hemgr83,1,10,10,8,3,2,2,2,4,4,7,7,8,4,4,3,3,4,5,6,5,6,4,5,4,6,6,4,4,4,5,4,4,4,4,4,4,4,4.0,4,4,4,4,5,3,3,3,3,4,4,4,4,4,4.0,4.0,4,4,4,4,4,Neutral,Sometimes,Often,Often,No,Neutral,,,,
198,prmgr73,1,7,6,5,5,3,7,3,8,4,6,8,9,3,3,8,7,6,5,8,7,2,8,2,3,9,2,3,3,2,4,2,4,2,3,4,2,4,2.0,3,3,3,3,4,4,4,4,2,3,4,3,4,5,2.0,4.0,4,2,4,4,3,Disagree,Never,Often,Often,Yes,Neutral,,,,
199,shmgr98,3,5,6,9,2,9,2,4,3,7,7,6,8,3,2,3,2,5,6,4,5,5,4,2,6,6,3,4,2,5,2,2,5,5,3,3,4,2,5.0,4,3,2,2,2,2,2,5,4,4,3,2,5,4,1.0,3.0,6,4,3,2,2,Disagree,Never,Sometimes,Sometimes,Yes,Sad,,,,
200,admgr95,3,9,6,6,5,4,4,3,7,8,9,3,8,9,9,1,5,9,1,1,6,7,8,8,1,6,8,4,5,6,5,5,4,4,3,3,5,2,2.0,3,3,5,4,4,4,3,2,4,4,3,4,4,4,5.0,4.0,3,4,4,3,3,Neutral,Often,Sometimes,Often,Yes,Neutral,,,,
201,anmgr63,4,6,7,5,6,5,7,5,6,6,7,6,7,5,6,6,6,6,6,7,7,4,7,5,4,7,7,3,3,3,4,3,3,3,4,4,5,4,4.0,4,3,4,4,3,4,4,4,4,3,3,3,3,3,3.0,4.0,3,3,3,4,3,Agree,Always,Never,Sometimes,Yes,Neutral,,,,
202,adfgr88,5,8,4,10,2,5,1,3,3,5,10,4,3,2,1,2,7,4,1,2,5,2,1,3,2,8,3,2,2,3,1,2,3,3,3,3,2,3,2.0,2,4,1,2,3,1,2,2,1,2,1,2,4,1,3.0,1.0,3,2,2,2,2,Neutral,Sometimes,Sometimes,Often,No,Neutral,,,,
203,avmgr73,2,2,5,4,5,7,5,5,6,6,6,8,9,6,5,4,9,6,4,5,4,6,4,3,3,2,4,1,3,4,5,3,4,3,5,5,5,1,2.0,1,4,2,3,2,5,5,5,5,3,3,3,3,4,5.0,3.0,5,2,3,5,2,Disagree,Never,Always,Always,Yes,Exciting,,,,
204,samgr79,6,6,5,9,3,4,1,1,1,3,6,4,1,4,1,2,6,7,1,7,7,6,1,1,1,1,1,1,2,1,4,3,3,3,4,3,1,2,2.0,1,1,1,1,1,2,1,3,1,1,1,2,4,1,4.0,1.0,4,1,2,3,1,Strongly disagree,Never,Always,Never,No,Neutral,,,,
205,prmpo94,3,8,4,10,3,3,1,1,5,6,5,6,2,2,2,2,9,7,2,7,2,2,2,2,6,3,2,2,3,2,2,1,3,5,1,2,2,1,1.0,4,1,1,1,1,1,1,5,2,2,3,3,5,2,2.0,4.0,4,3,3,5,3,Neutral,Sometimes,Always,Never,No,Neutral,,,,
206,shmgr93,5,3,2,10,1,2,1,1,2,1,4,1,1,1,1,1,9,4,1,3,2,1,1,1,1,1,2,1,1,1,1,1,2,1,1,3,2,1,1.0,1,1,1,1,1,1,1,1,1,1,1,1,2,1,1.0,2.0,2,1,1,3,1,Strongly disagree,Never,Often,Often,No,Neutral,,,,
207,tumgr85,8,8,7,10,1,1,1,3,5,5,4,4,2,5,1,1,1,2,2,3,4,3,4,4,1,4,1,1,2,2,2,1,2,2,2,2,2,2,2.0,2,2,3,2,2,2,4,2,2,2,2,2,2,2,2.0,2.0,2,2,3,2,2,Neutral,Sometimes,Sometimes,Sometimes,No,Neutral,,,,
208,anmgr98,3,8,5,10,5,6,1,2,3,7,1,7,8,1,1,1,8,8,5,5,7,1,1,1,1,1,1,5,5,5,5,5,5,5,5,6,5,5,5.0,5,5,1,1,5,1,1,1,1,4,1,3,6,1,5.0,6.0,4,1,3,3,1,Neutral,Always,Never,Never,No,Exciting,,,,
209,akmgr81,5,2,10,10,6,9,5,5,5,6,6,8,8,9,1,5,9,8,5,8,5,3,2,2,6,8,8,5,5,5,5,5,5,1,1,1,1,1,1.0,3,3,3,6,2,5,2,2,3,3,5,5,5,4,4.0,6.0,5,3,3,3,3,Neutral,Often,Always,Sometimes,No,Neutral,,,,
210,akmgr95,4,7,4,8,4,5,1,9,10,10,7,10,6,6,1,10,7,8,5,6,8,8,3,9,9,7,7,5,4,5,5,3,3,6,5,5,2,3,2.0,3,3,5,5,2,5,5,3,4,2,5,5,4,5,5.0,5.0,5,4,2,1,4,Agree,Sometimes,Often,Sometimes,No,Exciting,,,,
211,mdmpo90,10,4,10,10,1,10,1,1,6,7,9,10,5,7,1,3,4,10,1,10,10,3,1,10,10,1,1,4,6,1,1,1,2,1,1,2,1,2,1.0,3,1,1,1,5,1,4,1,2,1,1,1,3,1,6.0,1.0,6,6,6,6,6,Strongly agree,Always,Never,Sometimes,Yes,Neutral,,,,
212,nifpo90,5,7,7,10,9,8,1,5,6,6,7,3,3,5,1,5,8,6,7,7,7,1,1,3,2,5,7,4,4,4,4,4,3,3,3,3,3,3,3.0,2,4,3,2,3,3,4,4,4,3,3,3,4,3,5.0,5.0,4,3,3,3,2,Neutral,Always,Never,Sometimes,No,Neutral,,,,
213,shfpo99,5,10,2,10,1,7,1,3,1,1,10,8,5,2,1,4,10,10,2,10,10,1,1,3,1,6,3,5,6,2,1,4,3,3,3,6,1,3,6.0,3,1,2,1,1,1,1,1,1,1,1,4,6,1,1.0,6.0,6,1,6,6,1,Disagree,Often,Sometimes,Sometimes,No,Neutral,,,,
214,sompo94,1,2,4,10,4,8,2,9,5,4,7,5,7,7,7,9,7,8,5,7,7,2,3,8,7,3,5,4,4,4,4,4,3,4,3,4,4,3,3.0,3,1,3,2,3,3,1,4,1,1,1,3,2,3,3.0,6.0,4,3,3,6,4,Agree,Sometimes,Often,Sometimes,Yes,Exciting,,,,
215,anfpo70,5,9,7,10,7,10,2,2,4,7,10,10,7,7,2,9,9,5,7,7,8,8,5,6,4,5,7,5,5,4,5,4,4,4,5,4,4,5,5.0,4,4,6,6,4,4,3,4,2,3,5,4,2,4,5.0,4.0,5,3,4,3,5,Neutral,Sometimes,Always,Never,No,Neutral,,,,
216,namgr91,4,8,1,10,3,6,1,7,3,7,9,2,7,4,4,2,8,6,1,3,6,1,1,1,7,3,2,2,2,2,2,3,4,4,2,5,3,2,3.0,2,5,5,1,2,3,1,3,2,3,2,2,3,2,5.0,5.0,4,2,3,3,2,Disagree,Sometimes,Often,Sometimes,No,Neutral,,,,
217,ommgr63,5,8,4,10,2,9,5,4,4,4,4,4,7,2,1,6,2,9,1,1,9,2,4,3,6,3,6,3,3,4,5,2,6,1,5,2,4,1,1.0,6,6,5,3,3,3,3,2,6,6,6,2,2,2,2.0,4.0,5,2,5,3,5,Agree,Always,Sometimes,Sometimes,No,Neutral,,,,
218,hamgr84,7,8,8,10,6,7,1,1,3,9,8,9,7,8,5,8,7,7,6,6,7,6,6,6,6,3,6,3,3,3,3,3,3,3,3,3,3,3,3.0,3,3,3,3,3,3,2,3,3,3,3,3,3,3,3.0,3.0,3,3,3,3,3,Neutral,Sometimes,Sometimes,Sometimes,No,Neutral,,,,
219,pumgr97,7,9,6,10,2,6,1,7,5,2,8,2,6,3,1,5,8,3,5,7,5,2,2,2,1,1,3,2,5,2,4,2,4,4,4,4,2,4,4.0,2,6,2,2,4,3,1,3,2,2,2,1,6,2,5.0,4.0,3,2,2,3,2,Neutral,Always,Never,Never,Yes,Exciting,,,,
220,bhmgr70,5,5,5,5,5,5,5,5,5,5,5,5,5,5,5,5,5,5,5,5,5,5,5,5,5,5,5,5,5,5,5,5,5,5,5,5,5,5,5.0,5,5,5,5,5,5,5,5,5,5,5,5,5,5,5.0,5.0,5,5,5,5,5,Agree,Sometimes,Sometimes,Sometimes,No,Neutral,,,,
221,safgr91,7,8,6,10,1,10,1,5,10,8,6,4,1,5,1,2,10,6,5,10,10,1,1,1,1,1,1,1,4,1,6,4,1,1,1,3,1,1,1.0,1,1,1,1,1,2,6,1,1,1,1,2,6,6,1.0,4.0,6,2,6,6,1,Neutral,Sometimes,Sometimes,Never,Yes,Neutral,,,,
222,shmpo97,6,7,8,10,1,2,1,1,1,10,3,10,8,6,1,1,4,10,1,10,8,1,4,2,1,4,8,6,6,1,1,2,6,6,6,6,4,4,4.0,4,4,4,2,1,1,1,1,1,1,1,1,6,1,6.0,6.0,6,4,6,6,1,Agree,Often,Often,Never,No,Neutral,,,,
223,samgr81,2,6,7,10,5,8,3,3,6,10,3,8,9,5,1,9,7,8,7,6,8,7,4,7,9,4,6,5,5,4,4,4,4,6,3,5,5,5,5.0,5,5,3,2,4,4,5,2,3,3,1,1,5,1,4.0,6.0,5,4,3,5,5,Neutral,Always,Sometimes,Sometimes,No,Annoying,,,,
224,vymgr82,2,8,3,10,5,1,1,1,6,3,6,5,7,3,1,3,1,4,3,8,5,6,4,6,6,6,1,4,1,2,2,2,1,4,2,2,1,1,2.0,1,1,1,1,2,1,1,1,1,1,2,2,2,1,2.0,2.0,1,1,1,1,1,Neutral,Always,Often,Sometimes,Yes,Neutral,,,,
225,nimgr75,3,7,6,10,2,2,1,2,6,8,9,7,6,5,2,3,8,7,1,7,6,4,2,6,2,5,5,2,4,3,1,3,4,5,3,4,2,3,2.0,1,5,2,2,2,3,4,2,1,2,1,2,4,1,2.0,1.0,4,4,5,5,4,Disagree,Sometimes,Sometimes,Often,No,Neutral,,,,
226,homgr93,7,6,7,10,7,4,5,4,6,7,10,8,9,4,6,3,9,5,7,7,7,8,6,5,4,3,9,4,4,3,4,3,4,3,3,3,3,3,3.0,4,3,3,2,3,4,3,5,4,4,1,4,5,3,6.0,5.0,5,5,5,5,5,Neutral,Sometimes,Often,Always,No,Neutral,,,,
227,admgr81,4,8,9,10,8,8,1,8,4,9,4,7,7,6,2,1,3,8,2,9,8,7,1,7,6,1,4,4,5,4,2,5,5,4,4,3,2,1,3.0,1,1,1,1,1,1,1,4,2,1,2,2,4,2,5.0,3.0,5,4,5,4,3,Neutral,Never,Sometimes,Often,No,Neutral,,,,
228,sompo79,5,5,9,10,5,5,1,2,8,7,6,6,2,8,1,5,8,7,2,6,9,9,1,5,2,5,3,4,5,2,2,2,3,3,3,1,1,1,1.0,1,3,2,3,1,3,1,2,1,1,1,3,3,2,3.0,4.0,4,4,3,3,3,Agree,Sometimes,Sometimes,Always,Yes,Neutral,,,,
229,anmgr86,1,5,10,10,1,10,5,1,10,10,1,5,10,3,1,4,3,10,8,8,1,1,1,5,3,2,1,2,5,5,2,6,2,2,1,4,2,3,1.0,1,3,1,1,3,4,6,1,3,2,1,6,6,6,4.0,6.0,4,6,3,6,1,Agree,Never,Sometimes,Always,No,Exciting,,,,
230,prfgr97,3,8,5,10,2,5,1,1,2,5,9,3,2,2,1,1,6,4,1,3,1,1,1,1,2,5,1,1,1,1,2,1,1,1,1,2,1,1,1.0,1,1,1,1,1,1,1,4,4,2,3,1,1,1,5.0,5.0,2,2,2,3,1,Strongly disagree,Often,Often,Sometimes,No,Neutral,,,,
231,mafgr93,6,10,4,10,1,1,1,1,4,2,2,3,1,1,1,1,1,1,1,3,2,1,1,1,1,1,1,2,1,1,3,1,2,1,2,5,1,1,3.0,1,1,1,1,1,1,1,2,1,1,1,1,3,1,6.0,2.0,2,1,2,2,1,Disagree,Always,Never,Never,No,Annoying,,,,
232,ammpo84,7,5,5,10,3,8,1,1,1,1,1,1,1,1,1,1,1,1,1,1,1,1,1,1,1,1,1,1,1,1,1,1,1,1,1,1,1,1,1.0,1,1,1,1,1,1,1,1,1,1,1,1,1,1,1.0,1.0,1,1,1,1,1,Strongly disagree,Never,Sometimes,Never,No,Neutral,,,,
233,dempo89,4,5,6,5,6,7,5,8,6,6,6,8,6,6,6,7,6,6,6,8,6,7,6,7,6,4,6,5,5,4,4,4,5,5,5,5,5,4,5.0,5,3,4,5,4,4,4,5,5,5,5,5,5,5,5.0,5.0,5,5,4,5,5,Neutral,Sometimes,Sometimes,Sometimes,Yes,Neutral,,,,
234,anmgr62,6,4,10,10,1,9,2,2,3,5,3,7,3,4,2,5,10,7,6,7,5,1,2,4,4,3,4,4,5,4,4,4,1,3,3,4,4,1,3.0,4,2,4,1,4,3,5,3,1,1,1,4,5,1,3.0,1.0,3,5,3,6,3,Strongly agree,Never,Never,Always,No,Neutral,,,,
235,ismgr87,3,8,5,10,4,6,1,1,3,5,9,4,1,3,1,2,1,6,4,3,7,5,1,3,1,2,4,4,4,3,2,5,5,5,4,4,2,3,2.0,2,2,1,1,1,2,1,5,1,1,1,1,1,6,3.0,6.0,1,4,3,5,2,Neutral,Often,Sometimes,Often,No,Neutral,,,,
236,ramgr89,1,10,10,10,1,8,1,1,3,10,5,10,10,10,1,6,10,5,1,8,1,1,1,5,5,5,8,4,1,1,1,1,4,3,3,5,4,6,4.0,5,6,5,4,5,4,5,4,3,3,5,4,5,4,5.0,4.0,5,3,5,4,5,Agree,Often,Often,Sometimes,No,Happy,,,,
237,sumgr77,10,10,5,5,2,8,2,8,5,7,3,8,4,8,4,7,6,9,5,7,5,7,4,8,4,7,4,4,3,5,2,5,2,6,3,4,5,2,1.0,5,2,2,2,4,5,4,3,1,5,3,4,2,5,2.0,5.0,3,4,4,2,4,Agree,Often,Often,Sometimes,No,Happy,,,,
238,sumgr94,1,4,4,9,9,9,9,9,9,9,9,9,9,9,9,9,9,9,9,9,9,9,9,9,9,9,9,5,5,5,5,5,5,5,5,5,5,5,5.0,5,5,5,5,5,5,5,5,5,5,5,5,5,5,5.0,5.0,5,5,5,5,5,Neutral,Sometimes,Sometimes,Sometimes,Yes,Neutral,,,,
239,atmgr82,4,7,3,10,6,4,1,1,4,10,5,5,1,9,2,8,3,6,5,6,8,5,3,10,7,10,7,3,3,5,3,3,4,2,2,2,2,4,5.0,4,5,4,2,3,2,4,5,6,1,6,4,6,6,6.0,6.0,4,1,5,2,5,Agree,Often,Never,Always,Yes,Exciting,,,,
240,admgr95,7,8,9,10,2,5,1,1,3,8,10,6,1,1,1,8,10,3,2,8,2,1,1,8,1,1,1,1,3,2,1,1,2,3,3,5,4,1,3.0,1,1,1,1,2,1,3,4,1,1,1,2,6,1,1.0,5.0,5,4,3,3,2,Disagree,Always,Sometimes,Never,No,Neutral,,,,
241,opfgr83,5,5,4,10,3,4,4,4,4,4,8,4,4,4,2,4,6,4,2,4,2,1,4,5,8,4,5,2,2,2,2,2,2,2,2,2,2,2,2.0,2,2,2,2,3,2,2,2,2,2,2,4,4,4,4.0,4.0,4,4,3,3,3,Neutral,Often,Sometimes,Sometimes,No,Annoying,,,,
242,mafpo70,4,8,8,10,1,3,1,7,3,5,2,4,8,9,1,2,9,2,1,7,2,1,2,2,2,7,6,1,1,3,1,4,5,5,5,5,1,1,3.0,1,2,1,1,2,1,5,5,1,1,2,2,6,1,6.0,2.0,5,3,2,2,1,Strongly disagree,Sometimes,Sometimes,Always,No,Neutral,,,,
243,bhmgr63,2,8,6,10,2,3,1,2,8,10,2,7,10,7,1,2,3,8,6,8,7,2,2,3,3,8,6,5,4,4,4,3,5,5,5,4,2,3,5.0,5,5,4,1,1,3,1,4,2,6,2,3,2,1,5.0,6.0,6,5,4,5,1,Neutral,Never,Sometimes,Often,No,Neutral,,,,
244,prmgr95,5,7,8,10,8,9,1,3,2,9,8,9,6,7,2,4,5,8,3,6,5,8,6,3,5,5,6,3,5,4,5,3,5,4,5,4,6,3,5.0,4,2,1,5,1,3,3,3,3,5,2,5,5,5,2.0,2.0,3,3,1,5,2,Disagree,Often,Always,Sometimes,Yes,Neutral,,,,
245,almgr93,2,7,6,10,1,6,3,5,5,6,3,4,4,2,2,5,6,6,5,4,6,2,3,3,3,5,5,2,3,5,5,4,3,3,3,5,4,2,3.0,2,2,2,3,3,3,4,3,1,3,3,3,3,2,4.0,3.0,3,4,2,4,3,Neutral,Sometimes,Always,Sometimes,No,Neutral,,,,
246,sumgr91,8,6,5,7,6,5,7,6,5,5,5,5,5,6,7,6,6,7,6,7,6,7,7,6,7,6,6,4,3,4,4,4,1,4,2,4,1,4,3.0,2,4,4,3,3,4,3,1,4,3,4,3,3,4,3.0,4.0,4,3,5,4,3,Neutral,Sometimes,Never,Often,Yes,Neutral,,,,
247,mamgr90,5,3,7,10,4,7,5,2,7,6,8,3,4,3,1,7,6,8,8,8,7,6,2,6,6,6,3,4,4,5,4,5,2,3,2,2,1,3,2.0,2,1,3,1,2,4,3,3,1,2,1,4,5,2,4.0,3.0,4,4,4,4,3,Agree,Sometimes,Never,Always,No,Neutral,,,,
248,hamgr84,4,6,8,10,9,9,9,8,8,6,6,6,5,7,8,7,6,8,7,7,5,7,5,7,6,7,8,5,5,4,5,5,4,4,4,5,5,5,4.0,5,4,5,5,6,4,4,3,3,5,4,4,5,5,4.0,4.0,5,5,4,4,5,Strongly agree,Often,Sometimes,Often,Yes,Happy,,,,
249,avmgr83,8,9,10,7,9,7,8,6,8,9,10,6,9,8,8,8,8,7,9,9,8,9,8,9,8,9,7,4,5,3,5,6,5,5,6,5,5,2,5.0,5,6,6,5,4,4,5,5,5,5,4,5,6,5,5.0,3.0,5,6,4,5,5,Agree,Sometimes,Often,Sometimes,Yes,Neutral,,,,
250,mamgr72,4,2,2,7,5,9,6,5,6,5,6,5,7,4,4,8,5,5,7,3,3,6,5,6,5,4,4,4,5,3,2,3,3,3,2,4,4,3,5.0,2,5,4,3,2,3,4,2,3,4,5,4,5,3,3.0,4.0,3,5,2,4,4,Disagree,Sometimes,Never,Often,No,Exciting,,,,
251,prmgr90,6,7,5,2,3,5,3,7,7,4,4,6,4,4,3,6,3,5,5,2,1,10,2,5,2,1,3,1,4,3,2,6,1,3,4,5,2,2,1.0,4,4,4,3,4,3,5,6,3,3,3,4,3,3,4.0,4.0,3,2,3,2,4,Strongly disagree,Often,Sometimes,Often,No,Neutral,,,,
252,mamgr93,5,5,5,10,5,4,1,1,5,5,5,5,5,5,5,5,5,5,5,5,5,5,5,5,5,5,5,3,3,3,3,3,3,3,3,3,3,3,3.0,3,3,3,3,3,3,3,3,3,3,3,3,3,3,3.0,3.0,3,3,3,3,3,Neutral,Never,Sometimes,Often,Yes,Neutral,,,,
253,admgr94,10,6,3,10,2,5,8,7,6,5,6,3,4,5,3,3,6,5,6,7,5,6,4,4,4,6,4,1,4,6,4,3,4,4,3,3,3,3,3.0,3,4,4,4,4,4,3,4,4,3,4,3,4,3,4.0,3.0,4,4,3,4,3,Neutral,Often,Sometimes,Always,No,Neutral,,,,
254,hamgr95,1,9,8,10,1,6,5,8,5,5,6,7,8,7,6,8,8,5,4,8,6,7,6,5,5,5,5,4,4,4,4,3,2,4,3,4,4,3,4.0,3,4,3,4,4,4,4,4,3,4,3,4,3,4,3.0,4.0,4,4,3,4,4,Strongly agree,Often,Always,Sometimes,Yes,Annoying,,,,
255,tamgr70,4,5,6,10,5,7,1,3,4,5,3,8,8,5,6,3,6,5,1,6,5,3,4,2,3,7,6,3,3,1,2,5,5,4,3,3,3,2,2.0,2,5,3,2,1,2,1,1,6,2,3,3,2,1,2.0,5.0,5,5,4,5,3,Neutral,Never,Sometimes,Often,No,Exciting,,,,
256,sumgr76,5,5,5,5,5,5,5,5,5,5,5,5,5,5,5,5,5,5,5,5,5,5,5,5,5,5,5,3,3,3,3,3,3,3,3,3,3,3,3.0,3,3,3,3,3,3,3,3,3,3,3,3,3,3,3.0,3.0,3,3,3,3,3,Neutral,Often,Sometimes,Often,No,Neutral,,,,
257,pamgr79,6,6,6,8,5,5,7,9,8,9,6,5,6,6,6,7,7,8,5,8,6,6,8,8,8,8,7,4,4,4,4,5,4,4,3,4,4,4,6.0,2,5,5,5,5,5,3,5,4,5,2,4,4,4,5.0,5.0,5,4,5,5,3,Disagree,Often,Often,Often,Yes,Neutral,,,,
258,ramgr97,6,1,10,10,1,5,1,6,5,5,6,5,6,6,6,6,6,4,7,3,4,5,6,7,4,4,4,3,3,3,3,4,3,3,3,3,3,2,3.0,3,2,4,4,4,4,3,4,3,4,4,3,4,4,4.0,3.0,4,4,2,5,4,Neutral,Always,Often,Sometimes,Yes,Neutral,,,,
259,admgr98,5,10,9,10,7,1,1,4,4,6,5,6,6,8,9,6,8,7,10,7,6,6,5,6,3,6,6,4,2,3,4,4,5,3,5,3,5,6,5.0,4,5,4,6,5,5,2,5,4,5,5,3,3,4,2.0,4.0,3,2,2,5,2,Neutral,Sometimes,Always,Never,Yes,Happy,,,,
260,himgr79,2,5,8,10,6,8,1,2,3,9,4,6,5,5,5,5,5,5,5,5,5,5,5,5,5,5,6,3,3,3,3,4,4,4,4,3,4,4,3.0,3,4,4,3,4,3,3,3,3,4,4,3,3,4,4.0,3.0,3,3,3,4,3,Neutral,Often,Sometimes,Often,Yes,Neutral,,,,
261,b.mgr93,5,5,5,5,5,5,5,5,5,5,5,5,5,5,5,5,5,5,5,5,5,5,5,5,5,5,5,3,3,3,3,3,3,3,3,3,3,3,3.0,3,3,3,3,3,3,3,3,3,3,3,3,3,3,3.0,3.0,3,3,3,3,3,Neutral,Sometimes,Sometimes,Often,Yes,Neutral,,,,
262,temgr70,1,5,3,3,5,3,4,8,6,6,5,5,2,4,3,2,3,8,8,5,5,4,6,7,5,6,6,4,4,3,4,3,4,4,3,4,2,6,3.0,1,4,6,3,4,1,2,5,2,6,2,3,2,5,3.0,2.0,2,4,1,4,6,Neutral,Often,Often,Sometimes,Yes,Exciting,,,,
263,y mgr95,10,8,7,10,5,8,9,8,5,5,9,1,2,2,2,1,1,2,3,3,3,3,3,1,2,8,3,1,1,3,3,3,5,2,3,4,4,3,3.0,3,4,4,4,5,4,4,4,3,3,3,4,4,3,3.0,2.0,2,2,3,2,2,Neutral,Sometimes,Never,Often,Yes,Neutral,,,,
264,nimpo91,3,7,8,10,5,6,1,4,5,6,6,5,4,5,1,6,3,7,2,5,4,2,2,6,2,2,1,3,2,2,3,2,3,4,2,4,2,2,2.0,2,3,3,2,2,2,5,5,1,1,1,4,6,1,4.0,3.0,4,4,3,4,4,Agree,Sometimes,Sometimes,Often,No,Neutral,,,,
265,pamgr83,10,10,10,10,1,10,1,10,10,8,10,1,10,10,1,3,2,6,1,10,1,1,1,3,1,10,1,1,1,3,3,6,6,6,6,6,6,2,6.0,6,4,1,1,4,2,6,6,1,1,1,2,6,1,3.0,6.0,6,5,2,1,3,Strongly agree,Sometimes,Often,Often,Yes,Neutral,,,,
266,mampo90,4,5,2,10,1,2,1,2,2,1,3,2,2,1,1,1,3,2,1,1,1,1,1,1,1,2,2,3,3,1,1,1,1,3,3,3,3,2,2.0,2,2,2,1,1,1,3,3,3,3,2,2,1,1,4.0,3.0,2,2,1,3,1,Neutral,Often,Often,Sometimes,Yes,Neutral,,,,
267,bimgr90,4,6,8,10,2,3,3,2,2,3,4,6,10,8,1,6,8,6,2,8,8,3,1,3,2,9,3,2,2,3,1,2,4,2,3,4,4,3,4.0,2,2,2,1,3,2,5,3,2,4,1,4,4,1,4.0,4.0,6,4,4,5,4,Agree,Never,Often,Always,No,Neutral,,,,
268,aamgr86,6,4,10,10,6,1,1,1,6,5,10,2,1,4,1,3,5,7,1,10,5,1,1,1,1,5,6,1,2,2,2,1,6,1,6,6,1,4,1.0,1,2,3,3,2,1,1,4,1,1,1,6,2,1,6.0,6.0,6,6,6,4,3,Strongly agree,Sometimes,Sometimes,Sometimes,No,Neutral,,,,
269,prmgr87,1,5,8,10,8,1,1,1,10,10,1,8,8,1,5,5,7,7,1,5,1,1,1,4,1,1,1,1,4,1,1,1,4,4,3,3,1,1,3.0,1,1,3,3,3,4,4,4,3,4,3,4,3,4,4.0,3.0,4,3,4,3,4,Agree,Sometimes,Sometimes,Sometimes,No,Exciting,,,,
270,prfgr79,4,10,8,10,10,4,5,2,4,3,10,8,7,3,1,4,4,8,5,9,10,1,1,3,2,6,5,2,6,6,2,1,4,5,1,6,1,5,2.0,1,6,4,2,5,4,1,6,3,1,1,1,6,2,6.0,5.0,6,5,5,6,2,Agree,Often,Always,Never,Yes,Exciting,,,,
271,bifpo70,5,7,4,10,7,5,1,3,8,3,7,4,3,8,1,5,6,2,6,7,7,1,4,2,1,3,3,3,4,2,4,4,5,5,4,4,2,3,2.0,2,3,2,3,1,4,5,3,4,4,5,3,2,4,4.0,4.0,4,3,3,2,2,Neutral,Never,Always,Sometimes,No,Exciting,,,,
272,rimgr80,5,5,5,5,5,5,5,5,5,5,5,5,5,5,5,5,5,5,5,5,5,5,5,5,5,5,5,3,3,3,3,3,3,3,3,3,3,3,3.0,3,3,3,3,3,3,3,3,3,3,3,3,3,3,3.0,3.0,3,3,3,3,3,Neutral,Sometimes,Sometimes,Sometimes,No,Neutral,,,,
273,sampo63,5,7,5,10,5,4,5,5,5,4,6,6,4,6,5,5,6,5,5,5,5,5,4,6,4,4,3,4,3,4,3,5,3,5,3,4,4,4,4.0,4,4,3,4,4,3,4,3,3,4,3,3,4,3,4.0,3.0,3,4,4,3,4,Neutral,Sometimes,Often,Often,Yes,Exciting,,,,
274,anfgr63,8,9,2,10,2,3,1,3,2,9,3,4,2,2,1,1,9,2,1,2,5,1,1,1,1,8,1,1,1,1,2,2,3,2,4,5,3,1,2.0,4,1,1,1,1,2,1,3,4,1,5,2,3,2,1.0,5.0,4,3,3,3,1,Neutral,Often,Never,Never,No,Neutral,,,,
275,mamgr63,4,4,3,5,5,5,4,4,5,6,6,5,5,6,5,5,3,5,4,5,4,4,6,6,7,8,6,3,2,4,3,4,3,3,2,3,2,2,2.0,5,3,4,3,2,2,4,5,6,2,1,2,1,4,3.0,1.0,4,4,4,1,1,Neutral,Never,Always,Sometimes,No,Neutral,,,,
276,khmgr78,8,7,8,10,3,5,4,8,9,5,8,4,8,5,5,4,7,8,5,6,6,8,9,9,10,10,8,5,4,2,5,5,4,4,3,3,4,3,4.0,3,5,3,5,3,4,3,4,4,3,5,3,3,3,4.0,4.0,2,3,3,4,3,Neutral,Always,Often,Sometimes,Yes,Neutral,,,,
277,pamgr93,4,7,10,8,8,9,4,8,8,9,7,10,9,7,3,8,5,8,8,8,8,6,5,8,9,5,9,5,5,6,5,6,3,3,3,5,2,2,4.0,3,2,5,4,3,5,4,5,4,5,5,3,5,4,3.0,5.0,5,5,4,5,6,Neutral,Often,Sometimes,Sometimes,No,Neutral,,,,
278,prmgr70,3,8,7,10,2,8,4,5,3,7,8,9,9,6,2,6,9,9,1,9,4,3,4,6,4,6,1,3,4,5,4,6,5,4,5,2,1,1,4.0,2,1,3,2,1,5,1,6,3,2,3,4,4,1,5.0,6.0,4,4,5,5,3,Agree,Never,Sometimes,Often,No,Neutral,,,,
279,ammgr73,3,7,5,10,2,8,4,6,4,9,10,2,2,2,2,8,9,2,5,8,8,2,2,8,8,8,8,2,5,6,5,5,3,3,3,4,3,2,2.0,1,1,3,1,3,5,5,4,1,1,1,2,4,1,1.0,6.0,3,3,2,1,1,Neutral,Sometimes,Often,Always,No,Neutral,,,,
280,pamgr96,7,8,1,10,1,1,1,8,1,7,8,1,1,10,1,1,4,1,1,3,5,1,6,1,10,10,4,2,1,1,1,1,4,4,5,3,1,1,1.0,1,2,3,2,1,1,1,5,1,1,1,6,4,3,4.0,2.0,1,1,1,2,1,Neutral,Often,Sometimes,Sometimes,No,Exciting,,,,
281,shmpo62,8,9,10,10,6,10,2,1,8,5,7,10,10,4,1,3,10,10,8,10,10,8,4,8,8,8,7,6,6,4,6,6,4,5,4,5,3,3,6.0,5,6,4,1,1,1,3,3,2,3,4,4,6,3,6.0,4.0,6,6,6,6,3,Strongly agree,Sometimes,Always,Sometimes,Yes,Neutral,,,,
282,armpo91,7,8,8,10,6,6,3,2,7,5,7,5,9,9,3,6,7,8,5,8,7,4,3,5,5,9,7,5,5,5,4,2,5,5,4,5,4,5,5.0,3,4,5,5,4,4,5,5,3,5,5,3,5,3,4.0,2.0,5,5,5,5,4,Agree,Often,Never,Sometimes,Yes,Neutral,,,,
283,kemgr90,3,7,8,10,10,9,4,5,8,10,10,10,8,6,2,6,2,10,2,8,9,7,4,9,8,9,8,6,6,6,3,3,2,5,5,4,4,4,4.0,4,4,4,4,4,5,3,3,4,4,3,1,6,3,4.0,5.0,2,3,4,4,4,Neutral,Often,Sometimes,Often,No,Neutral,,,,
284,vamgr93,3,5,7,10,6,5,1,5,5,5,5,5,5,5,5,5,6,5,5,5,5,5,5,5,5,5,5,4,4,4,4,4,4,4,4,4,4,4,4.0,4,4,4,4,4,4,4,4,4,4,4,4,4,4,4.0,4.0,4,4,4,4,4,Neutral,Always,Sometimes,Often,No,Exciting,,,,
285,vemgr63,1,8,9,10,6,10,5,7,10,10,5,10,1,1,1,5,8,10,5,10,8,1,1,1,8,1,4,6,6,1,6,6,4,3,1,6,3,1,1.0,2,1,1,1,2,3,4,1,1,1,1,1,3,1,6.0,4.0,6,3,5,3,1,Neutral,Often,Often,Never,Yes,Neutral,,,,
286,tamgr88,3,4,6,10,2,8,1,3,5,4,7,3,6,2,1,4,3,6,2,7,5,3,3,6,2,8,3,3,5,1,2,3,3,3,4,2,1,1,3.0,1,5,1,2,2,3,1,2,1,1,1,1,3,1,5.0,5.0,5,4,3,5,2,Disagree,Sometimes,Often,Sometimes,No,Neutral,,,,
287,akmgr98,2,2,6,10,1,6,1,9,5,1,10,2,9,3,1,1,10,3,1,7,3,1,2,4,8,9,10,1,2,1,1,2,4,4,3,4,1,5,1.0,3,5,2,1,2,3,1,2,1,4,1,1,5,1,4.0,1.0,3,1,3,3,2,Strongly disagree,Often,Often,Often,No,Neutral,,,,
288,kamgr74,1,10,7,10,5,1,2,10,10,8,6,7,10,10,1,1,6,3,4,6,8,2,1,4,3,3,6,3,5,5,3,3,5,5,5,4,6,6,3.0,6,6,6,4,2,3,4,6,1,3,1,6,6,1,4.0,3.0,3,6,3,3,2,Neutral,Sometimes,Sometimes,Always,Yes,Neutral,,,,
289,nimgr85,2,8,10,10,7,8,4,9,10,9,7,10,8,9,7,7,3,9,8,9,9,8,9,10,5,6,8,5,5,5,5,5,1,2,1,3,1,3,1.0,2,3,3,5,4,3,5,4,4,4,3,6,6,4,6.0,6.0,6,6,6,6,5,Strongly agree,Sometimes,Sometimes,Often,No,Neutral,,,,
290,p.mgr63,3,5,5,5,5,6,4,4,6,6,5,6,6,5,6,6,6,6,6,6,6,6,6,6,6,6,6,2,3,3,4,3,3,3,3,3,3,3,3.0,3,3,3,3,3,3,4,4,4,3,4,3,4,3,4.0,3.0,4,2,4,3,3,Disagree,Often,Always,Sometimes,No,Sad,,,,
291,anfpo77,1,8,8,10,1,1,1,10,5,8,8,1,1,8,1,1,10,1,1,1,8,1,1,1,1,10,1,1,1,6,1,6,1,6,1,1,6,4,1.0,1,1,1,1,1,1,1,6,6,1,1,4,1,1,6.0,6.0,4,1,1,1,1,Strongly disagree,Always,Always,Never,Yes,Exciting,,,,
292,yafpo70,7,9,9,10,3,8,2,8,9,7,4,8,9,9,1,6,9,8,5,9,8,8,7,4,9,8,9,4,4,5,6,5,3,4,5,4,3,4,4.0,4,5,5,5,6,5,6,2,1,5,1,4,6,1,3.0,6.0,6,6,6,6,3,Agree,Sometimes,Often,Always,No,Neutral,,,,
293,prmgr70,3,8,8,10,1,3,1,2,2,8,5,8,8,2,8,8,10,10,5,9,8,3,2,9,2,2,3,4,6,6,3,5,4,5,5,5,1,1,2.0,2,5,2,4,1,1,5,6,1,2,1,1,5,1,5.0,5.0,5,5,5,5,5,Agree,Often,Often,Sometimes,Yes,Exciting,,,,
294,yamgr95,5,8,10,10,10,10,1,8,8,10,10,10,10,10,6,10,5,10,8,8,8,8,4,8,5,1,5,3,3,2,2,4,4,4,4,5,5,5,5.0,5,5,3,4,2,5,1,5,2,3,3,3,3,3,2.0,3.0,4,2,3,3,3,Agree,Sometimes,Often,Sometimes,No,Exciting,,,,
295,anmgr96,7,4,8,10,1,8,4,6,8,2,9,10,10,3,1,1,8,7,2,6,8,3,4,2,1,4,7,4,6,2,2,4,2,3,5,1,1,1,2.0,1,2,3,5,4,1,6,6,5,3,4,6,6,2,5.0,2.0,4,4,5,6,1,Neutral,Sometimes,Often,Always,No,Annoying,,,,
296,nimgr90,3,5,6,10,3,2,1,1,5,1,1,7,4,1,1,6,6,5,4,5,7,7,1,5,8,1,2,3,3,4,1,2,2,3,3,2,2,4,4.0,3,3,3,3,3,4,4,3,1,1,1,3,6,1,1.0,3.0,3,3,3,5,4,Neutral,Never,Often,Sometimes,Yes,Neutral,,,,
297,defpo70,4,2,1,10,2,3,1,1,1,3,2,1,1,2,1,1,8,1,1,2,1,1,1,1,1,1,1,1,1,1,1,1,1,2,2,1,1,1,1.0,1,1,1,1,1,1,1,1,1,1,1,1,1,1,2.0,1.0,1,1,1,1,1,Strongly disagree,Sometimes,Often,Never,No,Neutral,,,,
298,ammpo77,5,2,4,10,1,2,1,2,2,1,7,5,3,6,1,2,9,7,2,2,2,2,2,2,2,8,2,4,4,1,1,2,1,5,1,4,1,1,1.0,1,3,1,2,1,3,1,2,2,2,4,2,6,3,3.0,4.0,3,3,4,3,1,Neutral,Always,Never,Never,No,Exciting,,,,
299,mampo70,3,10,10,10,10,10,10,9,9,9,10,7,10,10,10,7,10,10,9,10,9,10,10,10,10,10,10,5,5,4,6,6,5,6,6,5,6,6,6.0,6,6,6,6,6,6,1,6,5,5,5,5,5,5,5.0,5.0,5,5,5,5,6,Strongly agree,Always,Never,Often,No,Neutral,,,,
300,prmpo99,2,9,9,10,8,5,2,6,7,6,4,9,9,6,4,7,6,9,2,9,6,6,6,7,4,4,9,4,5,3,3,3,4,5,5,5,4,5,5.0,4,5,5,5,5,5,6,5,5,5,2,3,5,2,5.0,6.0,6,5,6,6,5,Agree,Sometimes,Sometimes,Sometimes,Yes,Neutral,,,,
301,abmcl84,1,9,9,9,1,9,1,1,9,9,9,2,4,4,1,6,8,6,3,8,8,1,1,6,5,4,7,1,4,5,3,4,4,3,3,3,1,1,1.0,3,1,1,1,3,3,3,2,1,1,1,1,1,1,2.0,1.0,4,1,2,1,4,Neutral,Never,Sometimes,Never,No,Neutral,,,,
302,samgr63,7,8,7,10,2,7,1,1,2,8,2,7,2,3,1,9,10,10,10,10,10,10,10,10,10,10,10,5,6,6,6,6,6,6,6,6,6,6,6.0,6,6,6,1,6,6,1,1,1,4,1,1,1,1,1.0,6.0,6,6,6,6,6,Agree,Always,Never,Often,No,Exciting,,,,
303,abmgr96,5,4,5,8,4,6,3,9,3,2,9,4,9,4,2,3,6,6,1,7,5,7,2,4,1,10,8,3,5,4,4,3,3,3,4,2,3,1,5.0,2,1,1,4,4,3,3,1,4,6,4,2,1,5,4.0,6.0,4,3,2,5,5,Agree,Sometimes,Never,Sometimes,No,Neutral,,,,
304,chmgr99,3,4,3,5,5,5,4,4,7,6,3,1,4,4,5,8,7,4,5,4,6,6,4,5,5,8,3,3,5,4,5,4,5,5,5,5,5,5,4.0,3,3,4,4,3,5,3,3,4,4,3,4,3,4,5.0,1.0,2,2,3,3,4,Neutral,Sometimes,Often,Often,No,Sad,,,,
305,avfgr90,3,9,7,10,3,5,1,4,5,10,10,6,4,9,1,5,7,2,3,8,9,7,1,5,1,8,9,4,4,5,2,6,5,6,5,5,5,6,4.0,5,5,4,1,2,3,4,2,3,2,2,4,3,2,3.0,1.0,4,4,5,5,3,Agree,Sometimes,Never,Often,No,Exciting,,,,
306,shmgr91,5,3,4,5,4,7,5,3,7,4,3,9,8,5,7,6,4,3,6,2,2,6,6,5,2,6,4,3,3,5,3,3,4,2,2,4,5,4,4.0,3,3,3,3,3,5,3,3,3,3,2,3,3,5,3.0,3.0,2,5,5,5,3,Neutral,Sometimes,Never,Often,Yes,Annoying,,,,
307,kumgr99,8,10,10,10,8,8,1,3,1,5,1,10,10,4,1,3,2,10,5,10,10,10,2,6,1,3,4,6,6,5,5,4,2,3,1,2,2,6,3.0,2,6,1,1,6,6,6,1,1,6,1,1,5,1,3.0,6.0,6,6,6,6,3,Strongly agree,Never,Sometimes,Always,Yes,Exciting,,,,
308,demgr81,7,8,7,10,3,7,7,6,7,3,7,3,3,7,3,3,3,7,3,7,8,3,2,3,8,3,7,4,4,4,2,3,2,2,2,2,2,2,2.0,2,2,2,2,2,2,2,4,2,2,2,2,4,2,4.0,4.0,4,4,3,3,2,Disagree,Sometimes,Always,Sometimes,No,Exciting,,,,
309,kamcl98,4,4,7,5,4,6,2,2,7,8,7,2,3,2,9,8,9,5,4,2,3,9,9,8,5,5,7,2,4,6,2,1,6,2,4,5,4,4,4.0,3,4,5,1,2,6,6,6,6,6,6,4,5,2,3.0,2.0,2,5,6,1,1,Strongly disagree,Never,Often,Sometimes,Yes,Annoying,,,,
310,hamgr79,5,5,5,6,6,4,7,5,6,6,5,6,6,7,5,7,5,7,5,4,7,6,8,5,6,5,4,3,2,4,3,2,4,5,2,3,5,3,2.0,3,2,3,2,3,2,3,3,3,4,3,3,2,4,3.0,2.0,2,3,3,3,3,Neutral,Often,Sometimes,Sometimes,Yes,Neutral,,,,
311,kamgr89,7,9,4,9,5,8,8,4,9,7,4,9,8,8,3,8,6,9,9,9,4,8,6,8,7,8,5,3,5,5,4,5,2,5,5,4,6,4,5.0,5,5,4,5,5,5,5,4,4,5,4,5,4,5,5.0,3.0,5,5,5,5,4,Disagree,Always,Often,Often,No,Neutral,,,,
312,mamgr81,3,9,5,4,4,6,7,5,6,5,5,5,6,8,7,8,4,3,6,3,3,5,3,8,3,8,6,3,5,4,4,3,5,5,3,6,4,5,5.0,6,5,6,6,5,5,4,5,6,6,4,5,3,5,5.0,6.0,6,5,5,5,5,Agree,Sometimes,Sometimes,Often,No,Neutral,,,,
313,defcl98,2,7,9,10,7,7,1,10,7,8,8,8,6,5,1,6,4,4,4,4,4,5,5,5,5,5,5,5,5,4,3,4,4,4,3,4,4,3,4.0,3,4,3,4,4,3,4,3,4,3,4,3,4,3,3.0,3.0,3,3,3,3,3,Neutral,Never,Sometimes,Often,Yes,Annoying,,,,
314,shmcl94,1,10,5,10,1,1,1,1,1,1,1,1,1,1,1,1,1,1,1,1,1,3,4,8,6,8,3,2,4,4,3,6,5,4,4,6,1,2,2.0,4,3,4,6,4,5,4,2,6,3,4,3,6,4,5.0,5.0,4,3,4,4,3,Strongly disagree,Sometimes,Always,Sometimes,No,Annoying,,,,
315,nimgr97,2,4,2,5,3,8,10,2,3,5,4,5,4,3,4,6,7,5,3,7,5,2,6,8,8,2,8,2,4,3,2,4,5,3,2,1,5,2,1.0,3,5,3,2,1,6,5,3,4,6,3,3,3,2,3.0,2.0,2,3,4,4,5,Agree,Never,Sometimes,Often,No,Annoying,,,,
316,simgr95,7,10,10,10,4,10,1,5,6,4,5,8,7,10,1,1,4,6,1,7,8,4,1,10,3,6,5,2,5,4,1,4,4,4,2,4,4,3,4.0,6,2,2,3,2,3,5,3,3,2,4,4,4,3,4.0,1.0,5,3,3,3,1,Neutral,Sometimes,Often,Sometimes,No,Exciting,,,,
317,sampo96,1,5,10,10,1,8,1,8,7,8,6,8,8,7,1,1,5,7,7,8,5,1,5,1,5,3,3,1,3,5,6,4,2,3,1,1,3,1,2.0,1,1,4,1,1,1,1,3,1,3,1,2,5,2,6.0,6.0,4,5,5,6,2,Agree,Always,Always,Sometimes,No,Annoying,,,,
318,armpo94,4,3,6,10,5,8,1,5,4,4,3,6,6,6,3,4,7,5,5,7,5,5,1,3,4,5,4,3,3,4,2,5,5,4,3,2,1,1,1.0,1,1,1,2,2,2,1,3,4,3,4,3,2,4,3.0,6.0,4,5,5,4,2,Agree,Often,Often,Sometimes,No,Exciting,,,,
319,tafgr70,1,1,1,1,1,1,1,1,1,1,1,1,1,1,5,6,6,5,6,6,5,6,5,5,4,7,7,4,3,4,4,4,4,4,4,4,4,4,4.0,3,4,4,4,3,4,4,3,4,4,4,4,2,4,4.0,3.0,3,4,3,4,3,Neutral,Often,Sometimes,Never,Yes,Neutral,,,,
320,aafcl78,1,1,1,1,1,1,1,1,1,1,1,1,1,1,1,1,1,1,1,1,1,1,1,1,1,1,1,4,4,3,4,3,4,3,4,3,4,3,4.0,3,4,3,4,3,4,3,4,3,4,3,4,3,4,3.0,4.0,3,4,3,4,3,Neutral,Sometimes,Sometimes,Sometimes,Yes,Neutral,,,,
321,safpo95,8,6,9,10,9,10,4,9,9,10,10,9,10,9,2,8,7,9,9,9,10,6,8,8,6,1,6,5,5,6,6,6,2,4,3,5,1,1,1.0,2,3,6,3,1,5,6,4,1,1,1,4,6,1,1.0,6.0,6,6,6,6,5,Agree,Sometimes,Often,Often,Yes,Annoying,,,,
322,utfgr63,6,7,8,10,6,7,1,1,5,8,8,7,3,1,1,2,8,8,3,8,8,8,1,2,1,1,1,6,4,4,3,4,4,4,4,4,2,1,2.0,1,1,1,1,1,1,1,1,1,1,1,2,3,1,4.0,4.0,4,4,4,4,1,Disagree,Often,Often,Sometimes,No,Neutral,,,,
323,aamcl96,4,4,6,6,3,7,5,3,8,4,4,2,9,7,6,5,2,6,5,5,8,5,3,8,3,3,6,5,4,4,4,4,2,3,2,3,5,5,4.0,4,3,5,4,2,4,3,5,5,4,3,5,3,5,4.0,2.0,5,3,4,5,3,Neutral,Often,Sometimes,Often,Yes,Neutral,,,,
324,abmgr99,2,2,5,10,1,3,1,1,1,2,1,2,1,2,3,5,2,2,1,4,4,3,5,1,2,4,3,1,1,1,1,1,1,1,1,1,1,1,1.0,1,1,1,1,1,1,1,1,1,1,1,1,1,1,1.0,1.0,1,1,1,1,1,Strongly disagree,Often,Sometimes,Never,No,Neutral,,,,
325,anmpo93,6,7,4,10,4,3,1,4,6,4,7,6,3,2,1,4,2,6,1,3,6,3,4,3,7,3,1,2,2,1,1,1,3,2,3,3,2,2,3.0,2,1,1,1,2,1,1,4,1,1,1,1,3,1,3.0,4.0,3,2,4,4,3,Neutral,Often,Often,Sometimes,No,Neutral,,,,
326,himgr88,2,8,7,10,1,3,1,4,2,3,5,1,5,7,1,1,7,8,1,7,5,1,1,1,1,1,1,4,2,1,1,2,4,2,5,5,1,1,2.0,1,1,1,1,1,1,1,3,1,1,1,1,1,1,1.0,1.0,3,2,2,1,1,Neutral,Often,Never,Sometimes,No,Neutral,,,,
327,mamgr78,7,7,5,10,8,7,7,5,6,8,7,10,8,10,1,8,1,7,3,7,7,8,7,8,8,8,8,5,4,4,4,5,5,5,6,2,5,5,4.0,5,5,5,5,4,6,6,4,4,3,2,3,3,4,3.0,3.0,3,4,4,4,4,Agree,Sometimes,Always,Never,No,Exciting,,,,
328,admgr78,7,7,5,10,2,8,2,2,2,5,4,3,5,4,2,6,7,5,4,4,5,3,3,3,2,2,3,3,3,4,3,4,4,3,3,4,3,5,4.0,4,4,5,3,3,2,1,3,2,2,2,2,1,1,2.0,4.0,3,3,3,3,4,Neutral,Sometimes,Often,Sometimes,No,Neutral,,,,
329,ommgr72,1,6,9,10,8,10,4,7,7,3,10,8,10,8,1,8,6,10,2,10,8,3,1,4,2,1,7,6,2,6,4,6,1,4,1,5,1,1,1.0,1,1,1,1,2,4,2,2,1,1,1,3,5,1,4.0,4.0,6,4,5,4,3,Neutral,Often,Sometimes,Often,No,Sad,,,,
330,hifcl93,4,4,5,5,5,4,6,4,4,6,6,4,5,5,3,5,4,5,4,5,4,4,5,5,5,5,4,5,4,3,3,4,3,4,4,3,3,4,4.0,3,3,4,3,4,3,4,3,4,3,4,4,3,3,4.0,4.0,3,3,4,4,3,Neutral,Always,Often,Often,No,Neutral,,,,
331,sumgr86,5,5,5,5,5,5,5,5,5,5,5,5,5,5,5,5,5,5,5,5,5,5,5,5,5,5,5,3,3,3,3,3,3,3,3,3,3,3,3.0,3,3,3,3,3,3,3,3,3,3,3,3,3,3,3.0,3.0,3,3,3,3,3,Neutral,Sometimes,Sometimes,Sometimes,No,Neutral,,,,
332,samgr93,7,10,10,10,9,10,6,6,8,8,6,9,8,7,5,8,7,8,6,10,10,9,7,9,2,7,6,6,5,4,5,6,5,4,2,5,4,3,4.0,3,4,2,2,2,3,2,5,2,1,2,5,6,2,5.0,5.0,6,6,6,6,5,Strongly agree,Often,Always,Never,Yes,Neutral,,,,
333,ramcl63,4,9,8,10,5,6,1,1,3,10,1,5,5,1,1,2,1,4,2,7,5,5,4,4,4,6,3,4,5,3,3,1,3,5,4,5,2,2,3.0,6,4,3,4,4,5,1,5,1,4,4,2,5,1,5.0,6.0,5,5,1,2,2,Neutral,Sometimes,Often,Sometimes,No,Neutral,,,,
334,pamgr73,3,5,7,5,4,6,7,6,5,5,5,4,7,5,7,6,5,5,6,8,2,4,7,6,6,5,4,4,3,4,4,2,3,4,4,2,4,3,4.0,3,3,4,4,3,4,3,3,4,4,4,4,4,2,3.0,2.0,3,5,3,3,5,Neutral,Often,Sometimes,Sometimes,Yes,Neutral,,,,
335,prmgr74,3,4,3,6,3,3,4,4,4,4,4,4,4,4,4,4,4,4,4,4,4,4,4,4,4,4,4,3,3,3,3,3,3,3,3,3,3,3,3.0,3,3,3,3,3,3,3,3,3,3,3,3,3,3,3.0,3.0,3,3,3,3,3,Neutral,Often,Sometimes,Sometimes,No,Neutral,,,,
336,admgr94,1,10,6,4,6,5,4,6,4,6,1,4,5,4,6,5,4,6,6,5,6,5,6,5,4,6,4,4,2,4,4,4,3,4,3,3,4,3,4.0,6,1,3,4,4,3,4,3,3,3,4,4,5,4,5.0,3.0,3,4,4,2,3,Neutral,Never,Always,Never,No,Neutral,,,,
337,armgr99,6,4,7,10,8,9,7,5,8,9,5,9,8,8,5,8,5,10,4,8,7,6,6,8,5,4,6,4,5,3,4,5,5,4,3,2,2,2,3.0,3,3,3,2,4,3,1,5,2,2,2,5,4,1,1.0,6.0,6,4,4,6,5,Agree,Never,Always,Sometimes,No,Neutral,,,,
338,bimgr70,2,3,3,4,4,3,4,4,3,4,4,3,4,4,4,4,4,4,4,4,3,3,4,4,4,4,4,5,4,4,4,3,3,4,4,3,3,3,3.0,3,3,3,4,4,3,3,4,3,4,4,4,4,4,4.0,4.0,4,4,3,3,4,Neutral,Always,Often,Never,No,Neutral,,,,
339,armgr98,2,2,2,9,2,2,2,2,3,2,2,2,2,2,2,2,4,2,1,2,2,2,2,2,2,3,2,1,1,1,2,1,1,2,1,2,1,1,1.0,1,1,2,2,2,2,2,2,2,2,2,2,2,2,2.0,2.0,2,2,2,2,2,Agree,Often,Always,Sometimes,No,Neutral,,,,
340,armgr73,6,4,3,3,7,7,8,8,9,10,8,9,7,7,6,5,6,9,10,5,7,5,5,7,7,1,1,5,3,5,4,4,2,2,1,2,6,2,3.0,5,2,3,1,3,3,6,3,4,4,2,2,3,3,4.0,1.0,4,1,5,3,4,Disagree,Sometimes,Often,Sometimes,No,Sad,,,,
341,semgr95,7,7,7,7,7,7,7,7,7,7,7,7,7,7,7,7,7,7,7,7,7,7,7,7,7,7,7,5,5,5,5,5,5,5,5,5,5,5,5.0,5,5,5,5,5,5,5,5,5,5,5,5,5,5,5.0,5.0,5,5,5,5,5,Neutral,Sometimes,Often,Always,Yes,Neutral,,,,
342,semgr96,7,7,7,7,7,7,7,7,7,7,7,7,7,7,7,7,7,7,7,7,7,7,7,7,7,7,7,5,5,5,5,5,5,5,5,5,5,5,5.0,5,5,5,5,5,5,5,5,5,5,5,5,5,5,5.0,5.0,5,5,5,5,5,Agree,Sometimes,Often,Always,Yes,Neutral,,,,
343,prfgr91,2,3,6,5,6,6,6,7,5,5,3,8,3,4,6,6,8,6,7,8,8,6,6,8,6,6,5,2,2,2,2,2,3,3,3,3,3,3,4.0,4,4,3,3,3,4,4,5,4,3,4,4,4,3,5.0,4.0,4,4,4,4,4,Disagree,Sometimes,Often,Never,Yes,Neutral,,,,
344,prmgr91,5,5,5,5,7,3,8,3,5,3,7,9,3,9,3,9,3,9,3,8,3,9,2,8,2,9,2,5,5,2,5,2,5,2,5,3,5,2,5.0,3,4,4,5,2,5,2,4,2,5,2,2,5,5,5.0,5.0,3,3,2,2,5,Agree,Often,Often,Never,No,Exciting,,,,
345,kumgr70,7,6,9,10,4,2,1,4,5,5,5,5,5,5,5,5,5,5,5,6,5,5,5,5,5,5,5,3,3,3,3,3,3,3,3,3,3,3,3.0,3,3,3,3,3,3,3,4,3,3,3,3,3,3,3.0,3.0,3,3,3,3,3,Neutral,Always,Never,Sometimes,No,Neutral,,,,
346,mafgr84,5,8,9,10,7,10,1,4,7,10,10,10,7,8,1,8,3,9,5,9,8,10,6,8,5,8,5,6,6,2,2,6,3,3,4,5,2,2,4.0,2,5,3,1,3,4,2,3,2,2,4,5,6,4,5.0,4.0,6,5,6,6,4,Agree,Sometimes,Sometimes,Often,No,Annoying,,,,
347,samgr94,6,6,6,8,2,5,2,2,4,7,8,2,4,7,3,4,2,7,5,6,5,5,1,5,4,2,5,4,3,3,4,5,4,4,3,3,2,3,3.0,1,3,2,1,4,4,3,1,1,2,2,3,3,1,3.0,5.0,4,4,3,3,2,Neutral,Sometimes,Sometimes,Sometimes,Yes,Neutral,,,,
348,pamgr94,6,6,4,10,6,5,1,4,4,6,5,4,4,5,5,5,4,5,4,5,4,5,5,5,5,3,3,3,3,3,2,2,3,3,2,3,2,2,2.0,1,1,2,3,2,2,2,3,2,2,3,2,5,2,2.0,2.0,4,3,3,3,3,Disagree,Sometimes,Often,Always,Yes,Neutral,,,,
349,vemcl84,3,4,3,9,5,5,2,5,5,5,5,5,5,5,5,5,5,5,5,5,5,5,5,5,5,5,5,3,3,3,3,3,3,3,3,3,3,3,3.0,3,3,3,3,3,3,3,3,3,3,3,3,3,3,4.0,4.0,3,4,5,3,4,Neutral,Often,Sometimes,Often,Yes,Neutral,,,,
350,shmgr98,10,10,10,10,10,10,10,5,2,8,6,5,5,10,6,10,5,10,5,1,1,5,10,6,8,4,9,4,4,2,6,6,2,4,3,6,3,4,6.0,1,6,6,6,3,5,4,6,4,4,6,1,6,4,4.0,6.0,4,5,3,6,3,Neutral,Often,Sometimes,Always,No,Annoying,,,,
351,abmgr99,5,7,4,10,4,2,2,2,2,4,5,4,7,4,6,1,6,7,4,7,4,6,4,6,5,5,3,3,4,3,4,3,2,2,2,2,4,2,2.0,2,2,1,1,1,2,2,2,1,2,1,1,1,2,1.0,2.0,1,2,1,1,2,Disagree,Sometimes,Sometimes,Often,Yes,Neutral,,,,
352,difpo88,4,5,6,4,7,4,4,5,9,9,2,3,6,5,5,9,2,2,9,9,5,5,5,9,5,2,8,4,4,2,1,1,6,6,4,3,3,2,6.0,2,4,1,6,1,3,3,3,1,5,2,4,1,3,4.0,3.0,5,6,6,2,3,Neutral,Never,Sometimes,Often,No,Neutral,,,,
353,yamgr82,6,5,9,3,7,8,4,5,5,7,10,8,7,8,6,6,5,9,8,7,7,3,4,5,6,9,6,3,4,4,3,3,5,2,5,2,5,2,1.0,4,2,4,4,4,5,6,4,3,4,2,3,3,4,3.0,4.0,3,3,3,5,4,Disagree,Often,Sometimes,Often,Yes,Neutral,,,,
354,rafgr78,6,4,2,4,4,6,7,8,8,8,7,8,2,1,1,4,5,5,6,6,7,5,5,10,10,8,5,3,4,4,5,5,5,4,5,6,3,3,2.0,3,3,2,4,3,4,4,5,4,3,4,6,5,4,5.0,3.0,6,6,5,5,4,Neutral,Never,Always,Sometimes,Yes,Neutral,,,,
